route_id,source_facility,destination_facility,transit_time_hours,cold_chain_available,disruption_probability,route_status
DHA-ROUTE-0001,MTF-0001,MTF-0038,10.4,false,0.12,available
DHA-ROUTE-0002,MTF-0002,MTF-0039,25.5,true,0.32,limited
DHA-ROUTE-0003,MTF-0003,MTF-0040,8,true,0.38,weather_watch
DHA-ROUTE-0004,MTF-0004,MTF-0041,4.9,true,0.24,available
DHA-ROUTE-0005,MTF-0005,MTF-0042,6.2,false,0.06,limited
DHA-ROUTE-0006,MTF-0006,MTF-0043,4.1,true,0.18,weather_watch
DHA-ROUTE-0007,MTF-0007,MTF-0044,17.1,false,0.3,available
DHA-ROUTE-0008,MTF-0008,MTF-0045,21.3,true,0.34,limited
DHA-ROUTE-0009,MTF-0009,MTF-0046,16.2,true,0.1,weather_watch
DHA-ROUTE-0010,MTF-0010,MTF-0047,5.4,false,0.12,available
DHA-ROUTE-0011,MTF-0011,MTF-0048,8.5,true,0.18,limited
DHA-ROUTE-0012,MTF-0012,MTF-0049,24.6,true,0.45,weather_watch
DHA-ROUTE-0013,MTF-0013,MTF-0050,23,false,0.33,available
DHA-ROUTE-0014,MTF-0014,MTF-0051,16,true,0.14,limited
DHA-ROUTE-0015,MTF-0015,MTF-0052,17.7,false,0.39,weather_watch
DHA-ROUTE-0016,MTF-0016,MTF-0053,28.6,true,0.33,available
DHA-ROUTE-0017,MTF-0017,MTF-0054,29.1,true,0.15,limited
DHA-ROUTE-0018,MTF-0018,MTF-0055,23.9,true,0.24,weather_watch
DHA-ROUTE-0019,MTF-0019,MTF-0056,12.7,false,0.35,available
DHA-ROUTE-0020,MTF-0020,MTF-0057,14.2,false,0.31,limited
DHA-ROUTE-0021,MTF-0021,MTF-0058,11.6,true,0.07,weather_watch
DHA-ROUTE-0022,MTF-0022,MTF-0059,24.7,true,0.39,available
DHA-ROUTE-0023,MTF-0023,MTF-0060,28,true,0.45,limited
DHA-ROUTE-0024,MTF-0024,MTF-0061,5.7,true,0.46,weather_watch
DHA-ROUTE-0025,MTF-0025,MTF-0062,17.4,false,0.16,available
DHA-ROUTE-0026,MTF-0026,MTF-0063,8.4,true,0.09,limited
DHA-ROUTE-0027,MTF-0027,MTF-0064,3.1,true,0.45,weather_watch
DHA-ROUTE-0028,MTF-0028,MTF-0065,11.3,true,0.27,available
DHA-ROUTE-0029,MTF-0029,MTF-0066,21,true,0.11,limited
DHA-ROUTE-0030,MTF-0030,MTF-0067,13.4,false,0.24,weather_watch
DHA-ROUTE-0031,MTF-0031,MTF-0068,21.9,false,0.06,available
DHA-ROUTE-0032,MTF-0032,MTF-0069,1.7,true,0.23,limited
DHA-ROUTE-0033,MTF-0033,MTF-0070,8.4,true,0.04,weather_watch
DHA-ROUTE-0034,MTF-0034,MTF-0071,14.8,true,0.02,available
DHA-ROUTE-0035,MTF-0035,MTF-0072,23.9,false,0.13,limited
DHA-ROUTE-0036,MTF-0036,MTF-0073,13.6,true,0.15,weather_watch
DHA-ROUTE-0037,MTF-0037,MTF-0074,26.6,false,0.11,available
DHA-ROUTE-0038,MTF-0038,MTF-0075,25.8,true,0.18,limited
DHA-ROUTE-0039,MTF-0039,MTF-0076,3.5,true,0.11,weather_watch
DHA-ROUTE-0040,MTF-0040,MTF-0077,1.4,false,0.37,available
DHA-ROUTE-0041,MTF-0041,MTF-0078,25.2,true,0.47,limited
DHA-ROUTE-0042,MTF-0042,MTF-0079,4.3,true,0.44,weather_watch
DHA-ROUTE-0043,MTF-0043,MTF-0080,1.1,false,0.21,available
DHA-ROUTE-0044,MTF-0044,MTF-0081,17.2,true,0.12,limited
DHA-ROUTE-0045,MTF-0045,MTF-0082,11,false,0.09,weather_watch
DHA-ROUTE-0046,MTF-0046,MTF-0083,1.1,true,0.07,available
DHA-ROUTE-0047,MTF-0047,MTF-0084,1.1,true,0.3,limited
DHA-ROUTE-0048,MTF-0048,MTF-0085,21.8,true,0.15,weather_watch
DHA-ROUTE-0049,MTF-0049,MTF-0086,23.5,false,0.37,available
DHA-ROUTE-0050,MTF-0050,MTF-0087,26.7,false,0.43,limited
DHA-ROUTE-0051,MTF-0051,MTF-0088,27.7,true,0.27,weather_watch
DHA-ROUTE-0052,MTF-0052,MTF-0089,25.6,true,0.26,available
DHA-ROUTE-0053,MTF-0053,MTF-0090,17.5,true,0.34,limited
DHA-ROUTE-0054,MTF-0054,MTF-0091,14.8,true,0.09,weather_watch
DHA-ROUTE-0055,MTF-0055,MTF-0092,3.8,false,0.34,available
DHA-ROUTE-0056,MTF-0056,MTF-0093,4.6,true,0.14,limited
DHA-ROUTE-0057,MTF-0057,MTF-0094,1.9,true,0.39,weather_watch
DHA-ROUTE-0058,MTF-0058,MTF-0095,26.2,true,0.14,available
DHA-ROUTE-0059,MTF-0059,MTF-0096,9.6,true,0.2,limited
DHA-ROUTE-0060,MTF-0060,MTF-0097,29.8,false,0.16,weather_watch
DHA-ROUTE-0061,MTF-0061,MTF-0098,27.6,false,0.23,available
DHA-ROUTE-0062,MTF-0062,MTF-0099,27.2,true,0.32,limited
DHA-ROUTE-0063,MTF-0063,MTF-0100,14.4,true,0.19,weather_watch
DHA-ROUTE-0064,MTF-0064,MTF-0101,28.4,true,0.42,available
DHA-ROUTE-0065,MTF-0065,MTF-0102,25.4,false,0.4,limited
DHA-ROUTE-0066,MTF-0066,MTF-0103,24.8,true,0.27,weather_watch
DHA-ROUTE-0067,MTF-0067,MTF-0104,8.7,false,0.09,available
DHA-ROUTE-0068,MTF-0068,MTF-0105,17.3,true,0.27,limited
DHA-ROUTE-0069,MTF-0069,MTF-0106,14.5,true,0.31,weather_watch
DHA-ROUTE-0070,MTF-0070,MTF-0107,8.2,false,0.3,available
DHA-ROUTE-0071,MTF-0071,MTF-0108,14.8,true,0.33,limited
DHA-ROUTE-0072,MTF-0072,MTF-0109,28,true,0.12,weather_watch
DHA-ROUTE-0073,MTF-0073,MTF-0110,17.2,false,0.23,available
DHA-ROUTE-0074,MTF-0074,MTF-0111,15.1,true,0.35,limited
DHA-ROUTE-0075,MTF-0075,MTF-0112,5.2,false,0.41,weather_watch
DHA-ROUTE-0076,MTF-0076,MTF-0113,10.1,true,0.13,available
DHA-ROUTE-0077,MTF-0077,MTF-0114,24.2,true,0.32,limited
DHA-ROUTE-0078,MTF-0078,MTF-0115,4.4,true,0.43,weather_watch
DHA-ROUTE-0079,MTF-0079,MTF-0116,18.3,false,0.16,available
DHA-ROUTE-0080,MTF-0080,MTF-0117,6.3,false,0.23,limited
DHA-ROUTE-0081,MTF-0081,MTF-0118,14.2,true,0.37,weather_watch
DHA-ROUTE-0082,MTF-0082,MTF-0119,27.5,true,0.08,available
DHA-ROUTE-0083,MTF-0083,MTF-0120,8.2,true,0.02,limited
DHA-ROUTE-0084,MTF-0084,MTF-0121,16,true,0.23,weather_watch
DHA-ROUTE-0085,MTF-0085,MTF-0122,24.9,false,0.3,available
DHA-ROUTE-0086,MTF-0086,MTF-0123,3.2,true,0.19,limited
DHA-ROUTE-0087,MTF-0087,MTF-0124,6.8,true,0.12,weather_watch
DHA-ROUTE-0088,MTF-0088,MTF-0125,14.3,true,0.4,available
DHA-ROUTE-0089,MTF-0089,MTF-0126,16.3,true,0.39,limited
DHA-ROUTE-0090,MTF-0090,MTF-0127,23.2,false,0.3,weather_watch
DHA-ROUTE-0091,MTF-0091,MTF-0128,21.2,false,0.1,available
DHA-ROUTE-0092,MTF-0092,MTF-0129,8.2,true,0.21,limited
DHA-ROUTE-0093,MTF-0093,MTF-0130,18.1,true,0.45,weather_watch
DHA-ROUTE-0094,MTF-0094,MTF-0131,28.8,true,0.44,available
DHA-ROUTE-0095,MTF-0095,MTF-0132,11.5,false,0.11,limited
DHA-ROUTE-0096,MTF-0096,MTF-0133,15.3,true,0.36,weather_watch
DHA-ROUTE-0097,MTF-0097,MTF-0134,10.5,false,0.14,available
DHA-ROUTE-0098,MTF-0098,MTF-0135,19.2,true,0.29,limited
DHA-ROUTE-0099,MTF-0099,MTF-0136,8,true,0.23,weather_watch
DHA-ROUTE-0100,MTF-0100,MTF-0137,22.1,false,0.23,available
DHA-ROUTE-0101,MTF-0101,MTF-0138,3.6,true,0.44,limited
DHA-ROUTE-0102,MTF-0102,MTF-0139,6.5,true,0.22,weather_watch
DHA-ROUTE-0103,MTF-0103,MTF-0140,21.2,false,0.18,available
DHA-ROUTE-0104,MTF-0104,MTF-0141,9.9,true,0.4,limited
DHA-ROUTE-0105,MTF-0105,MTF-0142,22.9,false,0.42,weather_watch
DHA-ROUTE-0106,MTF-0106,MTF-0143,10.5,true,0.03,available
DHA-ROUTE-0107,MTF-0107,MTF-0144,2.8,true,0.09,limited
DHA-ROUTE-0108,MTF-0108,MTF-0145,18.6,true,0.14,weather_watch
DHA-ROUTE-0109,MTF-0109,MTF-0146,3.5,false,0.11,available
DHA-ROUTE-0110,MTF-0110,MTF-0147,3.3,false,0.03,limited
DHA-ROUTE-0111,MTF-0111,MTF-0148,5.5,true,0.35,weather_watch
DHA-ROUTE-0112,MTF-0112,MTF-0149,16.1,true,0.47,available
DHA-ROUTE-0113,MTF-0113,MTF-0150,26.4,true,0.07,limited
DHA-ROUTE-0114,MTF-0114,MTF-0151,8.3,true,0.3,weather_watch
DHA-ROUTE-0115,MTF-0115,MTF-0152,17.9,false,0.13,available
DHA-ROUTE-0116,MTF-0116,MTF-0153,9.5,true,0.36,limited
DHA-ROUTE-0117,MTF-0117,MTF-0154,27.5,true,0.23,weather_watch
DHA-ROUTE-0118,MTF-0118,MTF-0155,5.4,true,0.46,available
DHA-ROUTE-0119,MTF-0119,MTF-0156,25.5,true,0.43,limited
DHA-ROUTE-0120,MTF-0120,MTF-0157,20.1,false,0.24,weather_watch
DHA-ROUTE-0121,MTF-0121,MTF-0158,22.7,false,0.36,available
DHA-ROUTE-0122,MTF-0122,MTF-0159,19.4,true,0.37,limited
DHA-ROUTE-0123,MTF-0123,MTF-0160,9.4,true,0.46,weather_watch
DHA-ROUTE-0124,MTF-0124,MTF-0161,8.8,true,0.13,available
DHA-ROUTE-0125,MTF-0125,MTF-0162,9.5,false,0.42,limited
DHA-ROUTE-0126,MTF-0126,MTF-0163,14,true,0.39,weather_watch
DHA-ROUTE-0127,MTF-0127,MTF-0164,25.3,false,0.24,available
DHA-ROUTE-0128,MTF-0128,MTF-0165,14.8,true,0.46,limited
DHA-ROUTE-0129,MTF-0129,MTF-0166,7.3,true,0.16,weather_watch
DHA-ROUTE-0130,MTF-0130,MTF-0167,27.2,false,0.33,available
DHA-ROUTE-0131,MTF-0131,MTF-0168,16.9,true,0.22,limited
DHA-ROUTE-0132,MTF-0132,MTF-0169,12.3,true,0.25,weather_watch
DHA-ROUTE-0133,MTF-0133,MTF-0170,5.4,false,0.38,available
DHA-ROUTE-0134,MTF-0134,MTF-0171,25.5,true,0.22,limited
DHA-ROUTE-0135,MTF-0135,MTF-0172,29.5,false,0.33,weather_watch
DHA-ROUTE-0136,MTF-0136,MTF-0173,8.7,true,0.28,available
DHA-ROUTE-0137,MTF-0137,MTF-0174,22.2,true,0.35,limited
DHA-ROUTE-0138,MTF-0138,MTF-0175,28.9,true,0.22,weather_watch
DHA-ROUTE-0139,MTF-0139,MTF-0176,12.5,false,0.09,available
DHA-ROUTE-0140,MTF-0140,MTF-0177,6.9,false,0.39,limited
DHA-ROUTE-0141,MTF-0141,MTF-0178,13.2,true,0.07,weather_watch
DHA-ROUTE-0142,MTF-0142,MTF-0179,11.6,true,0.08,available
DHA-ROUTE-0143,MTF-0143,MTF-0180,21.9,true,0.44,limited
DHA-ROUTE-0144,MTF-0144,MTF-0181,5.6,true,0.45,weather_watch
DHA-ROUTE-0145,MTF-0145,MTF-0182,5.8,false,0.44,available
DHA-ROUTE-0146,MTF-0146,MTF-0183,16.3,true,0.03,limited
DHA-ROUTE-0147,MTF-0147,MTF-0184,11.9,true,0.29,weather_watch
DHA-ROUTE-0148,MTF-0148,MTF-0185,8.7,true,0.46,available
DHA-ROUTE-0149,MTF-0149,MTF-0186,26,true,0.06,limited
DHA-ROUTE-0150,MTF-0150,MTF-0187,15.2,false,0.3,weather_watch
DHA-ROUTE-0151,MTF-0151,MTF-0188,26.9,false,0.18,available
DHA-ROUTE-0152,MTF-0152,MTF-0189,14.4,true,0.18,limited
DHA-ROUTE-0153,MTF-0153,MTF-0190,19.1,true,0.13,weather_watch
DHA-ROUTE-0154,MTF-0154,MTF-0191,13.3,true,0.21,available
DHA-ROUTE-0155,MTF-0155,MTF-0192,10.8,false,0.33,limited
DHA-ROUTE-0156,MTF-0156,MTF-0193,14,true,0.22,weather_watch
DHA-ROUTE-0157,MTF-0157,MTF-0194,26.4,false,0.33,available
DHA-ROUTE-0158,MTF-0158,MTF-0195,14.5,true,0.07,limited
DHA-ROUTE-0159,MTF-0159,MTF-0196,17.3,true,0.21,weather_watch
DHA-ROUTE-0160,MTF-0160,MTF-0197,28.3,false,0.35,available
DHA-ROUTE-0161,MTF-0161,MTF-0198,8.3,true,0.1,limited
DHA-ROUTE-0162,MTF-0162,MTF-0199,27.1,true,0.31,weather_watch
DHA-ROUTE-0163,MTF-0163,MTF-0200,8.4,false,0.27,available
DHA-ROUTE-0164,MTF-0164,MTF-0201,8.3,true,0.18,limited
DHA-ROUTE-0165,MTF-0165,MTF-0202,9.9,false,0.12,weather_watch
DHA-ROUTE-0166,MTF-0166,MTF-0203,19.2,true,0.23,available
DHA-ROUTE-0167,MTF-0167,MTF-0204,24.7,true,0.23,limited
DHA-ROUTE-0168,MTF-0168,MTF-0205,5.7,true,0.32,weather_watch
DHA-ROUTE-0169,MTF-0169,MTF-0206,2.5,false,0.4,available
DHA-ROUTE-0170,MTF-0170,MTF-0207,28.6,false,0.4,limited
DHA-ROUTE-0171,MTF-0171,MTF-0208,2,true,0.42,weather_watch
DHA-ROUTE-0172,MTF-0172,MTF-0209,4.6,true,0.31,available
DHA-ROUTE-0173,MTF-0173,MTF-0210,8.9,true,0.46,limited
DHA-ROUTE-0174,MTF-0174,MTF-0211,21.4,true,0.08,weather_watch
DHA-ROUTE-0175,MTF-0175,MTF-0212,18,false,0.12,available
DHA-ROUTE-0176,MTF-0176,MTF-0213,23.5,true,0.3,limited
DHA-ROUTE-0177,MTF-0177,MTF-0214,21.2,true,0.24,weather_watch
DHA-ROUTE-0178,MTF-0178,MTF-0215,19.1,true,0.16,available
DHA-ROUTE-0179,MTF-0179,MTF-0216,10.6,true,0.31,limited
DHA-ROUTE-0180,MTF-0180,MTF-0217,23.1,false,0.45,weather_watch
DHA-ROUTE-0181,MTF-0181,MTF-0218,28.6,false,0.31,available
DHA-ROUTE-0182,MTF-0182,MTF-0219,4.7,true,0.15,limited
DHA-ROUTE-0183,MTF-0183,MTF-0220,14,true,0.23,weather_watch
DHA-ROUTE-0184,MTF-0184,MTF-0221,25.8,true,0.39,available
DHA-ROUTE-0185,MTF-0185,MTF-0222,10.8,false,0.11,limited
DHA-ROUTE-0186,MTF-0186,MTF-0223,10.3,true,0.29,weather_watch
DHA-ROUTE-0187,MTF-0187,MTF-0224,11.3,false,0.24,available
DHA-ROUTE-0188,MTF-0188,MTF-0225,13.5,true,0.43,limited
DHA-ROUTE-0189,MTF-0189,MTF-0226,13.3,true,0.03,weather_watch
DHA-ROUTE-0190,MTF-0190,MTF-0227,11.5,false,0.41,available
DHA-ROUTE-0191,MTF-0191,MTF-0228,14.2,true,0.24,limited
DHA-ROUTE-0192,MTF-0192,MTF-0229,6.6,true,0.21,weather_watch
DHA-ROUTE-0193,MTF-0193,MTF-0230,13.5,false,0.18,available
DHA-ROUTE-0194,MTF-0194,MTF-0231,4.7,true,0.27,limited
DHA-ROUTE-0195,MTF-0195,MTF-0232,21.1,false,0.25,weather_watch
DHA-ROUTE-0196,MTF-0196,MTF-0233,9,true,0.48,available
DHA-ROUTE-0197,MTF-0197,MTF-0234,14.4,true,0.24,limited
DHA-ROUTE-0198,MTF-0198,MTF-0235,6.6,true,0.3,weather_watch
DHA-ROUTE-0199,MTF-0199,MTF-0236,28,false,0.34,available
DHA-ROUTE-0200,MTF-0200,MTF-0237,18.8,false,0.3,limited
DHA-ROUTE-0201,MTF-0201,MTF-0238,16.1,true,0.1,weather_watch
DHA-ROUTE-0202,MTF-0202,MTF-0239,4.4,true,0.18,available
DHA-ROUTE-0203,MTF-0203,MTF-0240,4.4,true,0.3,limited
DHA-ROUTE-0204,MTF-0204,MTF-0241,19.6,true,0.37,weather_watch
DHA-ROUTE-0205,MTF-0205,MTF-0242,11.2,false,0.27,available
DHA-ROUTE-0206,MTF-0206,MTF-0243,2.7,true,0.11,limited
DHA-ROUTE-0207,MTF-0207,MTF-0244,9.5,true,0.11,weather_watch
DHA-ROUTE-0208,MTF-0208,MTF-0245,9.7,true,0.26,available
DHA-ROUTE-0209,MTF-0209,MTF-0246,3.5,true,0.21,limited
DHA-ROUTE-0210,MTF-0210,MTF-0247,20.4,false,0.32,weather_watch
DHA-ROUTE-0211,MTF-0211,MTF-0248,12.4,false,0.13,available
DHA-ROUTE-0212,MTF-0212,MTF-0249,11.6,true,0.38,limited
DHA-ROUTE-0213,MTF-0213,MTF-0250,21.5,true,0.24,weather_watch
DHA-ROUTE-0214,MTF-0214,MTF-0251,11.2,true,0.12,available
DHA-ROUTE-0215,MTF-0215,MTF-0252,26.1,false,0.19,limited
DHA-ROUTE-0216,MTF-0216,MTF-0253,3.4,true,0.22,weather_watch
DHA-ROUTE-0217,MTF-0217,MTF-0254,10.6,false,0.37,available
DHA-ROUTE-0218,MTF-0218,MTF-0255,23.4,true,0.27,limited
DHA-ROUTE-0219,MTF-0219,MTF-0256,3.9,true,0.38,weather_watch
DHA-ROUTE-0220,MTF-0220,MTF-0257,4.2,false,0.37,available
DHA-ROUTE-0221,MTF-0221,MTF-0258,9.1,true,0.41,limited
DHA-ROUTE-0222,MTF-0222,MTF-0259,22.3,true,0.17,weather_watch
DHA-ROUTE-0223,MTF-0223,MTF-0260,20.7,false,0.17,available
DHA-ROUTE-0224,MTF-0224,MTF-0261,23.6,true,0.37,limited
DHA-ROUTE-0225,MTF-0225,MTF-0262,30,false,0.25,weather_watch
DHA-ROUTE-0226,MTF-0226,MTF-0263,10.8,true,0.33,available
DHA-ROUTE-0227,MTF-0227,MTF-0264,13.5,true,0.15,limited
DHA-ROUTE-0228,MTF-0228,MTF-0265,20.4,true,0.3,weather_watch
DHA-ROUTE-0229,MTF-0229,MTF-0266,23.2,false,0.04,available
DHA-ROUTE-0230,MTF-0230,MTF-0267,14.2,false,0.12,limited
DHA-ROUTE-0231,MTF-0231,MTF-0268,9.8,true,0.31,weather_watch
DHA-ROUTE-0232,MTF-0232,MTF-0269,15.2,true,0.09,available
DHA-ROUTE-0233,MTF-0233,MTF-0270,6.8,true,0.05,limited
DHA-ROUTE-0234,MTF-0234,MTF-0271,16.3,true,0.18,weather_watch
DHA-ROUTE-0235,MTF-0235,MTF-0272,1.8,false,0.43,available
DHA-ROUTE-0236,MTF-0236,MTF-0273,8.9,true,0.23,limited
DHA-ROUTE-0237,MTF-0237,MTF-0274,19.2,true,0.43,weather_watch
DHA-ROUTE-0238,MTF-0238,MTF-0275,20.1,true,0.35,available
DHA-ROUTE-0239,MTF-0239,MTF-0276,19.6,true,0.33,limited
DHA-ROUTE-0240,MTF-0240,MTF-0277,27.2,false,0.25,weather_watch
DHA-ROUTE-0241,MTF-0241,MTF-0278,7.1,false,0.27,available
DHA-ROUTE-0242,MTF-0242,MTF-0279,2.3,true,0.24,limited
DHA-ROUTE-0243,MTF-0243,MTF-0280,23.2,true,0.25,weather_watch
DHA-ROUTE-0244,MTF-0244,MTF-0281,27.4,true,0.38,available
DHA-ROUTE-0245,MTF-0245,MTF-0282,27.4,false,0.12,limited
DHA-ROUTE-0246,MTF-0246,MTF-0283,21.1,true,0.43,weather_watch
DHA-ROUTE-0247,MTF-0247,MTF-0284,22.8,false,0.23,available
DHA-ROUTE-0248,MTF-0248,MTF-0285,19.3,true,0.07,limited
DHA-ROUTE-0249,MTF-0249,MTF-0286,9.1,true,0.18,weather_watch
DHA-ROUTE-0250,MTF-0250,MTF-0287,14.5,false,0.37,available
DHA-ROUTE-0251,MTF-0251,MTF-0288,18,true,0.14,limited
DHA-ROUTE-0252,MTF-0252,MTF-0289,19.5,true,0.22,weather_watch
DHA-ROUTE-0253,MTF-0253,MTF-0290,1.9,false,0.17,available
DHA-ROUTE-0254,MTF-0254,MTF-0291,13.5,true,0.05,limited
DHA-ROUTE-0255,MTF-0255,MTF-0292,20.1,false,0.45,weather_watch
DHA-ROUTE-0256,MTF-0256,MTF-0293,15.7,true,0.32,available
DHA-ROUTE-0257,MTF-0257,MTF-0294,14.3,true,0.31,limited
DHA-ROUTE-0258,MTF-0258,MTF-0295,16.5,true,0.32,weather_watch
DHA-ROUTE-0259,MTF-0259,MTF-0296,9.7,false,0.08,available
DHA-ROUTE-0260,MTF-0260,MTF-0297,26.8,false,0.32,limited
DHA-ROUTE-0261,MTF-0261,MTF-0298,19,true,0.33,weather_watch
DHA-ROUTE-0262,MTF-0262,MTF-0299,17.7,true,0.42,available
DHA-ROUTE-0263,MTF-0263,MTF-0300,5.8,true,0.37,limited
DHA-ROUTE-0264,MTF-0264,MTF-0301,27,true,0.13,weather_watch
DHA-ROUTE-0265,MTF-0265,MTF-0302,12.7,false,0.02,available
DHA-ROUTE-0266,MTF-0266,MTF-0303,15.3,true,0.24,limited
DHA-ROUTE-0267,MTF-0267,MTF-0304,12.8,true,0.26,weather_watch
DHA-ROUTE-0268,MTF-0268,MTF-0305,24,true,0.13,available
DHA-ROUTE-0269,MTF-0269,MTF-0306,10.2,true,0.18,limited
DHA-ROUTE-0270,MTF-0270,MTF-0307,29.4,false,0.18,weather_watch
DHA-ROUTE-0271,MTF-0271,MTF-0308,20.4,false,0.35,available
DHA-ROUTE-0272,MTF-0272,MTF-0309,1.4,true,0.29,limited
DHA-ROUTE-0273,MTF-0273,MTF-0310,6.5,true,0.47,weather_watch
DHA-ROUTE-0274,MTF-0274,MTF-0311,12,true,0.26,available
DHA-ROUTE-0275,MTF-0275,MTF-0312,27.1,false,0.39,limited
DHA-ROUTE-0276,MTF-0276,MTF-0313,15,true,0.27,weather_watch
DHA-ROUTE-0277,MTF-0277,MTF-0314,18,false,0.35,available
DHA-ROUTE-0278,MTF-0278,MTF-0315,28.4,true,0.03,limited
DHA-ROUTE-0279,MTF-0279,MTF-0316,28.9,true,0.18,weather_watch
DHA-ROUTE-0280,MTF-0280,MTF-0317,8,false,0.46,available
DHA-ROUTE-0281,MTF-0281,MTF-0318,4.5,true,0.29,limited
DHA-ROUTE-0282,MTF-0282,MTF-0319,11.1,true,0.02,weather_watch
DHA-ROUTE-0283,MTF-0283,MTF-0320,3.3,false,0.39,available
DHA-ROUTE-0284,MTF-0284,MTF-0321,12.8,true,0.26,limited
DHA-ROUTE-0285,MTF-0285,MTF-0322,16.2,false,0.43,weather_watch
DHA-ROUTE-0286,MTF-0286,MTF-0323,17.1,true,0.41,available
DHA-ROUTE-0287,MTF-0287,MTF-0324,2.8,true,0.25,limited
DHA-ROUTE-0288,MTF-0288,MTF-0325,13.3,true,0.14,weather_watch
DHA-ROUTE-0289,MTF-0289,MTF-0326,16.9,false,0.45,available
DHA-ROUTE-0290,MTF-0290,MTF-0327,29.3,false,0.13,limited
DHA-ROUTE-0291,MTF-0291,MTF-0328,11.8,true,0.26,weather_watch
DHA-ROUTE-0292,MTF-0292,MTF-0329,19.7,true,0.41,available
DHA-ROUTE-0293,MTF-0293,MTF-0330,20.9,true,0.18,limited
DHA-ROUTE-0294,MTF-0294,MTF-0331,29,true,0.22,weather_watch
DHA-ROUTE-0295,MTF-0295,MTF-0332,1.1,false,0.43,available
DHA-ROUTE-0296,MTF-0296,MTF-0333,6.9,true,0.09,limited
DHA-ROUTE-0297,MTF-0297,MTF-0334,20.8,true,0.38,weather_watch
DHA-ROUTE-0298,MTF-0298,MTF-0335,18.1,true,0.29,available
DHA-ROUTE-0299,MTF-0299,MTF-0336,5.1,true,0.27,limited
DHA-ROUTE-0300,MTF-0300,MTF-0337,7.4,false,0.43,weather_watch
DHA-ROUTE-0301,MTF-0301,MTF-0338,26.7,false,0.23,available
DHA-ROUTE-0302,MTF-0302,MTF-0339,22.5,true,0.03,limited
DHA-ROUTE-0303,MTF-0303,MTF-0340,20.5,true,0.32,weather_watch
DHA-ROUTE-0304,MTF-0304,MTF-0341,10,true,0.06,available
DHA-ROUTE-0305,MTF-0305,MTF-0342,12.4,false,0.03,limited
DHA-ROUTE-0306,MTF-0306,MTF-0343,17.1,true,0.33,weather_watch
DHA-ROUTE-0307,MTF-0307,MTF-0344,15.3,false,0.34,available
DHA-ROUTE-0308,MTF-0308,MTF-0345,12.9,true,0.43,limited
DHA-ROUTE-0309,MTF-0309,MTF-0346,1.4,true,0.07,weather_watch
DHA-ROUTE-0310,MTF-0310,MTF-0347,5,false,0.27,available
DHA-ROUTE-0311,MTF-0311,MTF-0348,18.6,true,0.46,limited
DHA-ROUTE-0312,MTF-0312,MTF-0349,27.1,true,0.16,weather_watch
DHA-ROUTE-0313,MTF-0313,MTF-0350,2.2,false,0.2,available
DHA-ROUTE-0314,MTF-0314,MTF-0351,18.7,true,0.15,limited
DHA-ROUTE-0315,MTF-0315,MTF-0352,3.6,false,0.3,weather_watch
DHA-ROUTE-0316,MTF-0316,MTF-0353,2.7,true,0.46,available
DHA-ROUTE-0317,MTF-0317,MTF-0354,25.5,true,0.13,limited
DHA-ROUTE-0318,MTF-0318,MTF-0355,14,true,0.34,weather_watch
DHA-ROUTE-0319,MTF-0319,MTF-0356,24.3,false,0.23,available
DHA-ROUTE-0320,MTF-0320,MTF-0357,25.2,false,0.03,limited
DHA-ROUTE-0321,MTF-0321,MTF-0358,9,true,0.43,weather_watch
DHA-ROUTE-0322,MTF-0322,MTF-0359,5.8,true,0.25,available
DHA-ROUTE-0323,MTF-0323,MTF-0360,29.3,true,0.1,limited
DHA-ROUTE-0324,MTF-0324,MTF-0361,26.9,true,0.07,weather_watch
DHA-ROUTE-0325,MTF-0325,MTF-0362,26,false,0.16,available
DHA-ROUTE-0326,MTF-0326,MTF-0363,9.3,true,0.48,limited
DHA-ROUTE-0327,MTF-0327,MTF-0364,16.8,true,0.48,weather_watch
DHA-ROUTE-0328,MTF-0328,MTF-0365,1.6,true,0.19,available
DHA-ROUTE-0329,MTF-0329,MTF-0366,25.7,true,0.21,limited
DHA-ROUTE-0330,MTF-0330,MTF-0367,19.2,false,0.4,weather_watch
DHA-ROUTE-0331,MTF-0331,MTF-0368,11.7,false,0.12,available
DHA-ROUTE-0332,MTF-0332,MTF-0369,24.9,true,0.2,limited
DHA-ROUTE-0333,MTF-0333,MTF-0370,2.4,true,0.03,weather_watch
DHA-ROUTE-0334,MTF-0334,MTF-0371,27.6,true,0.43,available
DHA-ROUTE-0335,MTF-0335,MTF-0372,6.8,false,0.05,limited
DHA-ROUTE-0336,MTF-0336,MTF-0373,21.9,true,0.26,weather_watch
DHA-ROUTE-0337,MTF-0337,MTF-0374,14,false,0.16,available
DHA-ROUTE-0338,MTF-0338,MTF-0375,21.2,true,0.09,limited
DHA-ROUTE-0339,MTF-0339,MTF-0376,15.3,true,0.06,weather_watch
DHA-ROUTE-0340,MTF-0340,MTF-0377,9.1,false,0.44,available
DHA-ROUTE-0341,MTF-0341,MTF-0378,22,true,0.37,limited
DHA-ROUTE-0342,MTF-0342,MTF-0379,17.3,true,0.35,weather_watch
DHA-ROUTE-0343,MTF-0343,MTF-0380,2.2,false,0.19,available
DHA-ROUTE-0344,MTF-0344,MTF-0381,25.5,true,0.39,limited
DHA-ROUTE-0345,MTF-0345,MTF-0382,14.8,false,0.44,weather_watch
DHA-ROUTE-0346,MTF-0346,MTF-0383,21.1,true,0.4,available
DHA-ROUTE-0347,MTF-0347,MTF-0384,12,true,0.05,limited
DHA-ROUTE-0348,MTF-0348,MTF-0385,15.3,true,0.42,weather_watch
DHA-ROUTE-0349,MTF-0349,MTF-0386,10.8,false,0.14,available
DHA-ROUTE-0350,MTF-0350,MTF-0387,21.7,false,0.43,limited
DHA-ROUTE-0351,MTF-0351,MTF-0388,2.7,true,0.25,weather_watch
DHA-ROUTE-0352,MTF-0352,MTF-0389,9.3,true,0.3,available
DHA-ROUTE-0353,MTF-0353,MTF-0390,26.5,true,0.1,limited
DHA-ROUTE-0354,MTF-0354,MTF-0391,25.9,true,0.38,weather_watch
DHA-ROUTE-0355,MTF-0355,MTF-0392,20.7,false,0.04,available
DHA-ROUTE-0356,MTF-0356,MTF-0393,25.4,true,0.34,limited
DHA-ROUTE-0357,MTF-0357,MTF-0394,9.7,true,0.04,weather_watch
DHA-ROUTE-0358,MTF-0358,MTF-0395,14,true,0.43,available
DHA-ROUTE-0359,MTF-0359,MTF-0396,23.4,true,0.18,limited
DHA-ROUTE-0360,MTF-0360,MTF-0397,7.3,false,0.29,weather_watch
DHA-ROUTE-0361,MTF-0361,MTF-0398,29.1,false,0.09,available
DHA-ROUTE-0362,MTF-0362,MTF-0399,20.7,true,0.28,limited
DHA-ROUTE-0363,MTF-0363,MTF-0400,14.8,true,0.08,weather_watch
DHA-ROUTE-0364,MTF-0364,MTF-0401,4.7,true,0.04,available
DHA-ROUTE-0365,MTF-0365,MTF-0402,23.3,false,0.06,limited
DHA-ROUTE-0366,MTF-0366,MTF-0403,22.3,true,0.17,weather_watch
DHA-ROUTE-0367,MTF-0367,MTF-0404,2.1,false,0.36,available
DHA-ROUTE-0368,MTF-0368,MTF-0405,13.1,true,0.35,limited
DHA-ROUTE-0369,MTF-0369,MTF-0406,7.6,true,0.3,weather_watch
DHA-ROUTE-0370,MTF-0370,MTF-0407,6.5,false,0.19,available
DHA-ROUTE-0371,MTF-0371,MTF-0408,4.1,true,0.04,limited
DHA-ROUTE-0372,MTF-0372,MTF-0409,27.7,true,0.44,weather_watch
DHA-ROUTE-0373,MTF-0373,MTF-0410,15.2,false,0.16,available
DHA-ROUTE-0374,MTF-0374,MTF-0411,22.8,true,0.48,limited
DHA-ROUTE-0375,MTF-0375,MTF-0412,26.2,false,0.03,weather_watch
DHA-ROUTE-0376,MTF-0376,MTF-0413,17.5,true,0.14,available
DHA-ROUTE-0377,MTF-0377,MTF-0414,4.1,true,0.27,limited
DHA-ROUTE-0378,MTF-0378,MTF-0415,9.4,true,0.09,weather_watch
DHA-ROUTE-0379,MTF-0379,MTF-0416,29,false,0.41,available
DHA-ROUTE-0380,MTF-0380,MTF-0417,25.8,false,0.31,limited
DHA-ROUTE-0381,MTF-0381,MTF-0418,18.2,true,0.11,weather_watch
DHA-ROUTE-0382,MTF-0382,MTF-0419,6.8,true,0.48,available
DHA-ROUTE-0383,MTF-0383,MTF-0420,8.1,true,0.29,limited
DHA-ROUTE-0384,MTF-0384,MTF-0421,18,true,0.44,weather_watch
DHA-ROUTE-0385,MTF-0385,MTF-0422,25.9,false,0.38,available
DHA-ROUTE-0386,MTF-0386,MTF-0423,2.7,true,0.31,limited
DHA-ROUTE-0387,MTF-0387,MTF-0424,10.1,true,0.21,weather_watch
DHA-ROUTE-0388,MTF-0388,MTF-0425,28.5,true,0.03,available
DHA-ROUTE-0389,MTF-0389,MTF-0426,12.7,true,0.17,limited
DHA-ROUTE-0390,MTF-0390,MTF-0427,18.7,false,0.36,weather_watch
DHA-ROUTE-0391,MTF-0391,MTF-0428,27.6,false,0.22,available
DHA-ROUTE-0392,MTF-0392,MTF-0429,27.3,true,0.41,limited
DHA-ROUTE-0393,MTF-0393,MTF-0430,11.1,true,0.28,weather_watch
DHA-ROUTE-0394,MTF-0394,MTF-0431,2.7,true,0.21,available
DHA-ROUTE-0395,MTF-0395,MTF-0432,4,false,0.03,limited
DHA-ROUTE-0396,MTF-0396,MTF-0433,27,true,0.18,weather_watch
DHA-ROUTE-0397,MTF-0397,MTF-0434,8.7,false,0.46,available
DHA-ROUTE-0398,MTF-0398,MTF-0435,20.2,true,0.03,limited
DHA-ROUTE-0399,MTF-0399,MTF-0436,7.8,true,0.37,weather_watch
DHA-ROUTE-0400,MTF-0400,MTF-0437,25.1,false,0.35,available
DHA-ROUTE-0401,MTF-0401,MTF-0438,25.6,true,0.05,limited
DHA-ROUTE-0402,MTF-0402,MTF-0439,20.2,true,0.04,weather_watch
DHA-ROUTE-0403,MTF-0403,MTF-0440,23.7,false,0.45,available
DHA-ROUTE-0404,MTF-0404,MTF-0441,13.2,true,0.24,limited
DHA-ROUTE-0405,MTF-0405,MTF-0442,11,false,0.28,weather_watch
DHA-ROUTE-0406,MTF-0406,MTF-0443,15.3,true,0.07,available
DHA-ROUTE-0407,MTF-0407,MTF-0444,28.5,true,0.25,limited
DHA-ROUTE-0408,MTF-0408,MTF-0445,24.6,true,0.41,weather_watch
DHA-ROUTE-0409,MTF-0409,MTF-0446,26.2,false,0.44,available
DHA-ROUTE-0410,MTF-0410,MTF-0447,11,false,0.48,limited
DHA-ROUTE-0411,MTF-0411,MTF-0448,4.1,true,0.42,weather_watch
DHA-ROUTE-0412,MTF-0412,MTF-0449,16.7,true,0.44,available
DHA-ROUTE-0413,MTF-0413,MTF-0450,14,true,0.21,limited
DHA-ROUTE-0414,MTF-0414,MTF-0451,1.1,true,0.37,weather_watch
DHA-ROUTE-0415,MTF-0415,MTF-0452,1.8,false,0.43,available
DHA-ROUTE-0416,MTF-0416,MTF-0453,23.7,true,0.09,limited
DHA-ROUTE-0417,MTF-0417,MTF-0454,28.9,true,0.44,weather_watch
DHA-ROUTE-0418,MTF-0418,MTF-0455,1.6,true,0.41,available
DHA-ROUTE-0419,MTF-0419,MTF-0456,28.6,true,0.35,limited
DHA-ROUTE-0420,MTF-0420,MTF-0457,27.7,false,0.39,weather_watch
DHA-ROUTE-0421,MTF-0421,MTF-0458,25,false,0.07,available
DHA-ROUTE-0422,MTF-0422,MTF-0459,6.5,true,0.18,limited
DHA-ROUTE-0423,MTF-0423,MTF-0460,14.3,true,0.04,weather_watch
DHA-ROUTE-0424,MTF-0424,MTF-0461,14.1,true,0.17,available
DHA-ROUTE-0425,MTF-0425,MTF-0462,16.7,false,0.21,limited
DHA-ROUTE-0426,MTF-0426,MTF-0463,10.7,true,0.14,weather_watch
DHA-ROUTE-0427,MTF-0427,MTF-0464,5,false,0.47,available
DHA-ROUTE-0428,MTF-0428,MTF-0465,5.6,true,0.05,limited
DHA-ROUTE-0429,MTF-0429,MTF-0466,1.1,true,0.12,weather_watch
DHA-ROUTE-0430,MTF-0430,MTF-0467,13.5,false,0.42,available
DHA-ROUTE-0431,MTF-0431,MTF-0468,3.4,true,0.24,limited
DHA-ROUTE-0432,MTF-0432,MTF-0469,19.5,true,0.39,weather_watch
DHA-ROUTE-0433,MTF-0433,MTF-0470,20.8,false,0.47,available
DHA-ROUTE-0434,MTF-0434,MTF-0471,29.7,true,0.06,limited
DHA-ROUTE-0435,MTF-0435,MTF-0472,7.3,false,0.18,weather_watch
DHA-ROUTE-0436,MTF-0436,MTF-0473,4.1,true,0.23,available
DHA-ROUTE-0437,MTF-0437,MTF-0474,17.5,true,0.34,limited
DHA-ROUTE-0438,MTF-0438,MTF-0475,24.8,true,0.02,weather_watch
DHA-ROUTE-0439,MTF-0439,MTF-0476,12.3,false,0.36,available
DHA-ROUTE-0440,MTF-0440,MTF-0477,17.3,false,0.42,limited
DHA-ROUTE-0441,MTF-0441,MTF-0478,28.5,true,0.47,weather_watch
DHA-ROUTE-0442,MTF-0442,MTF-0479,2.4,true,0.19,available
DHA-ROUTE-0443,MTF-0443,MTF-0480,10.1,true,0.16,limited
DHA-ROUTE-0444,MTF-0444,MTF-0481,6.7,true,0.29,weather_watch
DHA-ROUTE-0445,MTF-0445,MTF-0482,30,false,0.31,available
DHA-ROUTE-0446,MTF-0446,MTF-0483,14.8,true,0.13,limited
DHA-ROUTE-0447,MTF-0447,MTF-0484,10.5,true,0.43,weather_watch
DHA-ROUTE-0448,MTF-0448,MTF-0485,6.1,true,0.36,available
DHA-ROUTE-0449,MTF-0449,MTF-0486,6.4,true,0.03,limited
DHA-ROUTE-0450,MTF-0450,MTF-0487,8.3,false,0.26,weather_watch
DHA-ROUTE-0451,MTF-0451,MTF-0488,27.7,false,0.34,available
DHA-ROUTE-0452,MTF-0452,MTF-0489,21.9,true,0.48,limited
DHA-ROUTE-0453,MTF-0453,MTF-0490,14.9,true,0.33,weather_watch
DHA-ROUTE-0454,MTF-0454,MTF-0491,25.4,true,0.41,available
DHA-ROUTE-0455,MTF-0455,MTF-0492,4.8,false,0.1,limited
DHA-ROUTE-0456,MTF-0456,MTF-0493,14.5,true,0.28,weather_watch
DHA-ROUTE-0457,MTF-0457,MTF-0494,11.5,false,0.34,available
DHA-ROUTE-0458,MTF-0458,MTF-0495,10.5,true,0.13,limited
DHA-ROUTE-0459,MTF-0459,MTF-0496,21.7,true,0.14,weather_watch
DHA-ROUTE-0460,MTF-0460,MTF-0497,6.2,false,0.13,available
DHA-ROUTE-0461,MTF-0461,MTF-0498,21.3,true,0.31,limited
DHA-ROUTE-0462,MTF-0462,MTF-0499,1.2,true,0.03,weather_watch
DHA-ROUTE-0463,MTF-0463,MTF-0500,4.7,false,0.22,available
DHA-ROUTE-0464,MTF-0464,MTF-0501,23,true,0.27,limited
DHA-ROUTE-0465,MTF-0465,MTF-0502,11.3,false,0.46,weather_watch
DHA-ROUTE-0466,MTF-0466,MTF-0503,9.9,true,0.34,available
DHA-ROUTE-0467,MTF-0467,MTF-0504,11.5,true,0.08,limited
DHA-ROUTE-0468,MTF-0468,MTF-0505,17.5,true,0.44,weather_watch
DHA-ROUTE-0469,MTF-0469,MTF-0506,20.8,false,0.05,available
DHA-ROUTE-0470,MTF-0470,MTF-0507,1.7,false,0.44,limited
DHA-ROUTE-0471,MTF-0471,MTF-0508,16.7,true,0.4,weather_watch
DHA-ROUTE-0472,MTF-0472,MTF-0509,2.6,true,0.47,available
DHA-ROUTE-0473,MTF-0473,MTF-0510,23.5,true,0.4,limited
DHA-ROUTE-0474,MTF-0474,MTF-0511,25.4,true,0.27,weather_watch
DHA-ROUTE-0475,MTF-0475,MTF-0512,11.3,false,0.28,available
DHA-ROUTE-0476,MTF-0476,MTF-0513,21.6,true,0.39,limited
DHA-ROUTE-0477,MTF-0477,MTF-0514,17.9,true,0.38,weather_watch
DHA-ROUTE-0478,MTF-0478,MTF-0515,7.2,true,0.33,available
DHA-ROUTE-0479,MTF-0479,MTF-0516,10.1,true,0.14,limited
DHA-ROUTE-0480,MTF-0480,MTF-0517,10.4,false,0.17,weather_watch
DHA-ROUTE-0481,MTF-0481,MTF-0518,23.6,false,0.41,available
DHA-ROUTE-0482,MTF-0482,MTF-0519,15.6,true,0.45,limited
DHA-ROUTE-0483,MTF-0483,MTF-0520,24.1,true,0.18,weather_watch
DHA-ROUTE-0484,MTF-0484,MTF-0521,17,true,0.38,available
DHA-ROUTE-0485,MTF-0485,MTF-0522,15.6,false,0.25,limited
DHA-ROUTE-0486,MTF-0486,MTF-0523,14.9,true,0.27,weather_watch
DHA-ROUTE-0487,MTF-0487,MTF-0524,27.6,false,0.05,available
DHA-ROUTE-0488,MTF-0488,MTF-0525,24.6,true,0.13,limited
DHA-ROUTE-0489,MTF-0489,MTF-0526,26.3,true,0.35,weather_watch
DHA-ROUTE-0490,MTF-0490,MTF-0527,3.8,false,0.35,available
DHA-ROUTE-0491,MTF-0491,MTF-0528,7.4,true,0.21,limited
DHA-ROUTE-0492,MTF-0492,MTF-0529,14.9,true,0.06,weather_watch
DHA-ROUTE-0493,MTF-0493,MTF-0530,10.2,false,0.16,available
DHA-ROUTE-0494,MTF-0494,MTF-0531,18.9,true,0.44,limited
DHA-ROUTE-0495,MTF-0495,MTF-0532,5.7,false,0.23,weather_watch
DHA-ROUTE-0496,MTF-0496,MTF-0533,12,true,0.35,available
DHA-ROUTE-0497,MTF-0497,MTF-0534,22.5,true,0.41,limited
DHA-ROUTE-0498,MTF-0498,MTF-0535,29.9,true,0.17,weather_watch
DHA-ROUTE-0499,MTF-0499,MTF-0536,13.2,false,0.21,available
DHA-ROUTE-0500,MTF-0500,MTF-0537,19.5,false,0.1,limited
DHA-ROUTE-0501,MTF-0501,MTF-0538,14.6,true,0.14,weather_watch
DHA-ROUTE-0502,MTF-0502,MTF-0539,19.5,true,0.17,available
DHA-ROUTE-0503,MTF-0503,MTF-0540,1.4,true,0.09,limited
DHA-ROUTE-0504,MTF-0504,MTF-0541,23.8,true,0.02,weather_watch
DHA-ROUTE-0505,MTF-0505,MTF-0542,2.2,false,0.43,available
DHA-ROUTE-0506,MTF-0506,MTF-0543,13.2,true,0.47,limited
DHA-ROUTE-0507,MTF-0507,MTF-0544,8,true,0.16,weather_watch
DHA-ROUTE-0508,MTF-0508,MTF-0545,7.9,true,0.45,available
DHA-ROUTE-0509,MTF-0509,MTF-0546,23.9,true,0.03,limited
DHA-ROUTE-0510,MTF-0510,MTF-0547,2.9,false,0.32,weather_watch
DHA-ROUTE-0511,MTF-0511,MTF-0548,12.8,false,0.46,available
DHA-ROUTE-0512,MTF-0512,MTF-0549,1.6,true,0.41,limited
DHA-ROUTE-0513,MTF-0513,MTF-0550,7.8,true,0.16,weather_watch
DHA-ROUTE-0514,MTF-0514,MTF-0551,23.7,true,0.34,available
DHA-ROUTE-0515,MTF-0515,MTF-0552,12.6,false,0.41,limited
DHA-ROUTE-0516,MTF-0516,MTF-0553,26.3,true,0.32,weather_watch
DHA-ROUTE-0517,MTF-0517,MTF-0554,10,false,0.16,available
DHA-ROUTE-0518,MTF-0518,MTF-0555,8.6,true,0.06,limited
DHA-ROUTE-0519,MTF-0519,MTF-0556,2.3,true,0.13,weather_watch
DHA-ROUTE-0520,MTF-0520,MTF-0557,18.7,false,0.2,available
DHA-ROUTE-0521,MTF-0521,MTF-0558,12,true,0.47,limited
DHA-ROUTE-0522,MTF-0522,MTF-0559,29.1,true,0.16,weather_watch
DHA-ROUTE-0523,MTF-0523,MTF-0560,9.6,false,0.12,available
DHA-ROUTE-0524,MTF-0524,MTF-0561,25,true,0.1,limited
DHA-ROUTE-0525,MTF-0525,MTF-0562,3.2,false,0.25,weather_watch
DHA-ROUTE-0526,MTF-0526,MTF-0563,22.3,true,0.1,available
DHA-ROUTE-0527,MTF-0527,MTF-0564,7.7,true,0.3,limited
DHA-ROUTE-0528,MTF-0528,MTF-0565,27.7,true,0.19,weather_watch
DHA-ROUTE-0529,MTF-0529,MTF-0566,28.7,false,0.34,available
DHA-ROUTE-0530,MTF-0530,MTF-0567,20.7,false,0.31,limited
DHA-ROUTE-0531,MTF-0531,MTF-0568,25.3,true,0.27,weather_watch
DHA-ROUTE-0532,MTF-0532,MTF-0569,12.4,true,0.4,available
DHA-ROUTE-0533,MTF-0533,MTF-0570,28.8,true,0.11,limited
DHA-ROUTE-0534,MTF-0534,MTF-0571,13.9,true,0.45,weather_watch
DHA-ROUTE-0535,MTF-0535,MTF-0572,20.3,false,0.19,available
DHA-ROUTE-0536,MTF-0536,MTF-0573,15.2,true,0.05,limited
DHA-ROUTE-0537,MTF-0537,MTF-0574,20.7,true,0.39,weather_watch
DHA-ROUTE-0538,MTF-0538,MTF-0575,22.1,true,0.23,available
DHA-ROUTE-0539,MTF-0539,MTF-0576,7.7,true,0.23,limited
DHA-ROUTE-0540,MTF-0540,MTF-0577,5.9,false,0.32,weather_watch
DHA-ROUTE-0541,MTF-0541,MTF-0578,14.4,false,0.39,available
DHA-ROUTE-0542,MTF-0542,MTF-0579,4.8,true,0.45,limited
DHA-ROUTE-0543,MTF-0543,MTF-0580,8.9,true,0.1,weather_watch
DHA-ROUTE-0544,MTF-0544,MTF-0581,10.5,true,0.23,available
DHA-ROUTE-0545,MTF-0545,MTF-0582,9.8,false,0.32,limited
DHA-ROUTE-0546,MTF-0546,MTF-0583,10.9,true,0.28,weather_watch
DHA-ROUTE-0547,MTF-0547,MTF-0584,24.4,false,0.35,available
DHA-ROUTE-0548,MTF-0548,MTF-0585,12.5,true,0.16,limited
DHA-ROUTE-0549,MTF-0549,MTF-0586,16.9,true,0.07,weather_watch
DHA-ROUTE-0550,MTF-0550,MTF-0587,18.5,false,0.14,available
DHA-ROUTE-0551,MTF-0551,MTF-0588,29.9,true,0.24,limited
DHA-ROUTE-0552,MTF-0552,MTF-0589,7.4,true,0.12,weather_watch
DHA-ROUTE-0553,MTF-0553,MTF-0590,13.8,false,0.15,available
DHA-ROUTE-0554,MTF-0554,MTF-0591,15.7,true,0.44,limited
DHA-ROUTE-0555,MTF-0555,MTF-0592,25.1,false,0.36,weather_watch
DHA-ROUTE-0556,MTF-0556,MTF-0593,8.3,true,0.13,available
DHA-ROUTE-0557,MTF-0557,MTF-0594,13.7,true,0.38,limited
DHA-ROUTE-0558,MTF-0558,MTF-0595,3.4,true,0.34,weather_watch
DHA-ROUTE-0559,MTF-0559,MTF-0596,19.2,false,0.13,available
DHA-ROUTE-0560,MTF-0560,MTF-0597,2.8,false,0.4,limited
DHA-ROUTE-0561,MTF-0561,MTF-0598,11.9,true,0.43,weather_watch
DHA-ROUTE-0562,MTF-0562,MTF-0599,8.1,true,0.29,available
DHA-ROUTE-0563,MTF-0563,MTF-0600,10.3,true,0.06,limited
DHA-ROUTE-0564,MTF-0564,MTF-0601,5.9,true,0.34,weather_watch
DHA-ROUTE-0565,MTF-0565,MTF-0602,13.3,false,0.46,available
DHA-ROUTE-0566,MTF-0566,MTF-0603,15.1,true,0.35,limited
DHA-ROUTE-0567,MTF-0567,MTF-0604,18.5,true,0.19,weather_watch
DHA-ROUTE-0568,MTF-0568,MTF-0605,5.6,true,0.27,available
DHA-ROUTE-0569,MTF-0569,MTF-0606,26.2,true,0.24,limited
DHA-ROUTE-0570,MTF-0570,MTF-0607,28.5,false,0.46,weather_watch
DHA-ROUTE-0571,MTF-0571,MTF-0608,25.4,false,0.1,available
DHA-ROUTE-0572,MTF-0572,MTF-0609,5.3,true,0.4,limited
DHA-ROUTE-0573,MTF-0573,MTF-0610,21.1,true,0.39,weather_watch
DHA-ROUTE-0574,MTF-0574,MTF-0611,22.9,true,0.26,available
DHA-ROUTE-0575,MTF-0575,MTF-0612,25.2,false,0.18,limited
DHA-ROUTE-0576,MTF-0576,MTF-0613,16.5,true,0.31,weather_watch
DHA-ROUTE-0577,MTF-0577,MTF-0614,29.4,false,0.17,available
DHA-ROUTE-0578,MTF-0578,MTF-0615,21,true,0.31,limited
DHA-ROUTE-0579,MTF-0579,MTF-0616,11.1,true,0.33,weather_watch
DHA-ROUTE-0580,MTF-0580,MTF-0617,3.1,false,0.32,available
DHA-ROUTE-0581,MTF-0581,MTF-0618,4.6,true,0.1,limited
DHA-ROUTE-0582,MTF-0582,MTF-0619,5.8,true,0.11,weather_watch
DHA-ROUTE-0583,MTF-0583,MTF-0620,15.6,false,0.37,available
DHA-ROUTE-0584,MTF-0584,MTF-0621,8.4,true,0.13,limited
DHA-ROUTE-0585,MTF-0585,MTF-0622,26.2,false,0.3,weather_watch
DHA-ROUTE-0586,MTF-0586,MTF-0623,16.2,true,0.31,available
DHA-ROUTE-0587,MTF-0587,MTF-0624,28.9,true,0.13,limited
DHA-ROUTE-0588,MTF-0588,MTF-0625,1.4,true,0.16,weather_watch
DHA-ROUTE-0589,MTF-0589,MTF-0626,4.5,false,0.46,available
DHA-ROUTE-0590,MTF-0590,MTF-0627,19.5,false,0.34,limited
DHA-ROUTE-0591,MTF-0591,MTF-0628,26.9,true,0.43,weather_watch
DHA-ROUTE-0592,MTF-0592,MTF-0629,22.2,true,0.3,available
DHA-ROUTE-0593,MTF-0593,MTF-0630,19,true,0.47,limited
DHA-ROUTE-0594,MTF-0594,MTF-0631,24.6,true,0.19,weather_watch
DHA-ROUTE-0595,MTF-0595,MTF-0632,24.5,false,0.45,available
DHA-ROUTE-0596,MTF-0596,MTF-0633,17,true,0.41,limited
DHA-ROUTE-0597,MTF-0597,MTF-0634,12.5,true,0.44,weather_watch
DHA-ROUTE-0598,MTF-0598,MTF-0635,2.4,true,0.43,available
DHA-ROUTE-0599,MTF-0599,MTF-0636,6.2,true,0.14,limited
DHA-ROUTE-0600,MTF-0600,MTF-0637,1.9,false,0.03,weather_watch
DHA-ROUTE-0601,MTF-0601,MTF-0638,2.4,false,0.04,available
DHA-ROUTE-0602,MTF-0602,MTF-0639,16.5,true,0.36,limited
DHA-ROUTE-0603,MTF-0603,MTF-0640,25.2,true,0.42,weather_watch
DHA-ROUTE-0604,MTF-0604,MTF-0641,3.2,true,0.29,available
DHA-ROUTE-0605,MTF-0605,MTF-0642,24.7,false,0.46,limited
DHA-ROUTE-0606,MTF-0606,MTF-0643,16.8,true,0.36,weather_watch
DHA-ROUTE-0607,MTF-0607,MTF-0644,8.4,false,0.1,available
DHA-ROUTE-0608,MTF-0608,MTF-0645,6.9,true,0.47,limited
DHA-ROUTE-0609,MTF-0609,MTF-0646,15.8,true,0.04,weather_watch
DHA-ROUTE-0610,MTF-0610,MTF-0647,17.8,false,0.12,available
DHA-ROUTE-0611,MTF-0611,MTF-0648,18.2,true,0.34,limited
DHA-ROUTE-0612,MTF-0612,MTF-0649,4.4,true,0.46,weather_watch
DHA-ROUTE-0613,MTF-0613,MTF-0650,6.6,false,0.45,available
DHA-ROUTE-0614,MTF-0614,MTF-0651,25.9,true,0.13,limited
DHA-ROUTE-0615,MTF-0615,MTF-0652,17,false,0.18,weather_watch
DHA-ROUTE-0616,MTF-0616,MTF-0653,17.9,true,0.09,available
DHA-ROUTE-0617,MTF-0617,MTF-0654,21.9,true,0.15,limited
DHA-ROUTE-0618,MTF-0618,MTF-0655,3.8,true,0.42,weather_watch
DHA-ROUTE-0619,MTF-0619,MTF-0656,3.1,false,0.15,available
DHA-ROUTE-0620,MTF-0620,MTF-0657,19.6,false,0.31,limited
DHA-ROUTE-0621,MTF-0621,MTF-0658,3.6,true,0.07,weather_watch
DHA-ROUTE-0622,MTF-0622,MTF-0659,19,true,0.26,available
DHA-ROUTE-0623,MTF-0623,MTF-0660,24.9,true,0.2,limited
DHA-ROUTE-0624,MTF-0624,MTF-0661,3.9,true,0.26,weather_watch
DHA-ROUTE-0625,MTF-0625,MTF-0662,17.3,false,0.4,available
DHA-ROUTE-0626,MTF-0626,MTF-0663,23.5,true,0.21,limited
DHA-ROUTE-0627,MTF-0627,MTF-0664,16,true,0.11,weather_watch
DHA-ROUTE-0628,MTF-0628,MTF-0665,11.7,true,0.32,available
DHA-ROUTE-0629,MTF-0629,MTF-0666,20.1,true,0.33,limited
DHA-ROUTE-0630,MTF-0630,MTF-0667,20.2,false,0.45,weather_watch
DHA-ROUTE-0631,MTF-0631,MTF-0668,1,false,0.22,available
DHA-ROUTE-0632,MTF-0632,MTF-0669,18.2,true,0.19,limited
DHA-ROUTE-0633,MTF-0633,MTF-0670,27.2,true,0.45,weather_watch
DHA-ROUTE-0634,MTF-0634,MTF-0671,5.9,true,0.17,available
DHA-ROUTE-0635,MTF-0635,MTF-0672,7.5,false,0.11,limited
DHA-ROUTE-0636,MTF-0636,MTF-0673,3.7,true,0.19,weather_watch
DHA-ROUTE-0637,MTF-0637,MTF-0674,13.6,false,0.21,available
DHA-ROUTE-0638,MTF-0638,MTF-0675,10.8,true,0.07,limited
DHA-ROUTE-0639,MTF-0639,MTF-0676,28.8,true,0.31,weather_watch
DHA-ROUTE-0640,MTF-0640,MTF-0677,4.8,false,0.23,available
DHA-ROUTE-0641,MTF-0641,MTF-0678,12.5,true,0.37,limited
DHA-ROUTE-0642,MTF-0642,MTF-0679,1.5,true,0.43,weather_watch
DHA-ROUTE-0643,MTF-0643,MTF-0680,11.7,false,0.03,available
DHA-ROUTE-0644,MTF-0644,MTF-0681,29.5,true,0.31,limited
DHA-ROUTE-0645,MTF-0645,MTF-0682,5.4,false,0.11,weather_watch
DHA-ROUTE-0646,MTF-0646,MTF-0683,25.4,true,0.47,available
DHA-ROUTE-0647,MTF-0647,MTF-0684,11.6,true,0.37,limited
DHA-ROUTE-0648,MTF-0648,MTF-0685,10.2,true,0.47,weather_watch
DHA-ROUTE-0649,MTF-0649,MTF-0686,10,false,0.39,available
DHA-ROUTE-0650,MTF-0650,MTF-0687,16.5,false,0.12,limited
DHA-ROUTE-0651,MTF-0651,MTF-0688,24.3,true,0.32,weather_watch
DHA-ROUTE-0652,MTF-0652,MTF-0689,27.1,true,0.37,available
DHA-ROUTE-0653,MTF-0653,MTF-0690,17.2,true,0.25,limited
DHA-ROUTE-0654,MTF-0654,MTF-0691,15.6,true,0.42,weather_watch
DHA-ROUTE-0655,MTF-0655,MTF-0692,14.6,false,0.4,available
DHA-ROUTE-0656,MTF-0656,MTF-0693,18.3,true,0.3,limited
DHA-ROUTE-0657,MTF-0657,MTF-0694,10.5,true,0.24,weather_watch
DHA-ROUTE-0658,MTF-0658,MTF-0695,22.8,true,0.2,available
DHA-ROUTE-0659,MTF-0659,MTF-0696,26.6,true,0.1,limited
DHA-ROUTE-0660,MTF-0660,MTF-0697,21.6,false,0.31,weather_watch
DHA-ROUTE-0661,MTF-0661,MTF-0698,7.7,false,0.09,available
DHA-ROUTE-0662,MTF-0662,MTF-0699,4.4,true,0.28,limited
DHA-ROUTE-0663,MTF-0663,MTF-0700,27.9,true,0.26,weather_watch
DHA-ROUTE-0664,MTF-0664,MTF-0701,18.1,true,0.35,available
DHA-ROUTE-0665,MTF-0665,MTF-0702,11.6,false,0.38,limited
DHA-ROUTE-0666,MTF-0666,MTF-0703,24.3,true,0.22,weather_watch
DHA-ROUTE-0667,MTF-0667,MTF-0704,8.8,false,0.07,available
DHA-ROUTE-0668,MTF-0668,MTF-0705,18.3,true,0.38,limited
DHA-ROUTE-0669,MTF-0669,MTF-0706,11.9,true,0.32,weather_watch
DHA-ROUTE-0670,MTF-0670,MTF-0707,8,false,0.2,available
DHA-ROUTE-0671,MTF-0671,MTF-0708,18.8,true,0.42,limited
DHA-ROUTE-0672,MTF-0672,MTF-0709,11.8,true,0.13,weather_watch
DHA-ROUTE-0673,MTF-0673,MTF-0710,12,false,0.35,available
DHA-ROUTE-0674,MTF-0674,MTF-0711,8.4,true,0.22,limited
DHA-ROUTE-0675,MTF-0675,MTF-0712,22.7,false,0.06,weather_watch
DHA-ROUTE-0676,MTF-0676,MTF-0713,12,true,0.2,available
DHA-ROUTE-0677,MTF-0677,MTF-0714,20.1,true,0.43,limited
DHA-ROUTE-0678,MTF-0678,MTF-0715,16.3,true,0.13,weather_watch
DHA-ROUTE-0679,MTF-0679,MTF-0716,13.4,false,0.37,available
DHA-ROUTE-0680,MTF-0680,MTF-0717,24.8,false,0.44,limited
DHA-ROUTE-0681,MTF-0681,MTF-0718,6.6,true,0.45,weather_watch
DHA-ROUTE-0682,MTF-0682,MTF-0719,12.9,true,0.29,available
DHA-ROUTE-0683,MTF-0683,MTF-0720,2.2,true,0.2,limited
DHA-ROUTE-0684,MTF-0684,MTF-0721,24.5,true,0.22,weather_watch
DHA-ROUTE-0685,MTF-0685,MTF-0722,30,false,0.35,available
DHA-ROUTE-0686,MTF-0686,MTF-0723,1.4,true,0.3,limited
DHA-ROUTE-0687,MTF-0687,MTF-0724,4.3,true,0.25,weather_watch
DHA-ROUTE-0688,MTF-0688,MTF-0725,27.2,true,0.1,available
DHA-ROUTE-0689,MTF-0689,MTF-0726,9.2,true,0.17,limited
DHA-ROUTE-0690,MTF-0690,MTF-0727,19.2,false,0.14,weather_watch
DHA-ROUTE-0691,MTF-0691,MTF-0728,18.7,false,0.26,available
DHA-ROUTE-0692,MTF-0692,MTF-0729,27.2,true,0.32,limited
DHA-ROUTE-0693,MTF-0693,MTF-0730,12.5,true,0.21,weather_watch
DHA-ROUTE-0694,MTF-0694,MTF-0731,14,true,0.36,available
DHA-ROUTE-0695,MTF-0695,MTF-0732,2.8,false,0.21,limited
DHA-ROUTE-0696,MTF-0696,MTF-0733,1.1,true,0.2,weather_watch
DHA-ROUTE-0697,MTF-0697,MTF-0734,19,false,0.24,available
DHA-ROUTE-0698,MTF-0698,MTF-0735,19.1,true,0.06,limited
DHA-ROUTE-0699,MTF-0699,MTF-0736,15.1,true,0.36,weather_watch
DHA-ROUTE-0700,MTF-0700,MTF-0737,7.8,false,0.35,available
DHA-ROUTE-0701,MTF-0701,MTF-0738,22.5,true,0.16,limited
DHA-ROUTE-0702,MTF-0702,MTF-0739,18.5,true,0.32,weather_watch
DHA-ROUTE-0703,MTF-0703,MTF-0740,5,false,0.19,available
DHA-ROUTE-0704,MTF-0704,MTF-0741,7.5,true,0.36,limited
DHA-ROUTE-0705,MTF-0705,MTF-0742,14.4,false,0.17,weather_watch
DHA-ROUTE-0706,MTF-0706,MTF-0743,24.2,true,0.45,available
DHA-ROUTE-0707,MTF-0707,MTF-0744,2.8,true,0.32,limited
DHA-ROUTE-0708,MTF-0708,MTF-0745,8.7,true,0.11,weather_watch
DHA-ROUTE-0709,MTF-0709,MTF-0746,18.8,false,0.17,available
DHA-ROUTE-0710,MTF-0710,MTF-0747,17.8,false,0.08,limited
DHA-ROUTE-0711,MTF-0711,MTF-0748,14.8,true,0.17,weather_watch
DHA-ROUTE-0712,MTF-0712,MTF-0749,21.5,true,0.24,available
DHA-ROUTE-0713,MTF-0713,MTF-0750,6.2,true,0.35,limited
DHA-ROUTE-0714,MTF-0714,MTF-0751,16.6,true,0.05,weather_watch
DHA-ROUTE-0715,MTF-0715,MTF-0752,27.8,false,0.38,available
DHA-ROUTE-0716,MTF-0716,MTF-0753,19.7,true,0.33,limited
DHA-ROUTE-0717,MTF-0717,MTF-0754,4.5,true,0.28,weather_watch
DHA-ROUTE-0718,MTF-0718,MTF-0755,4.6,true,0.45,available
DHA-ROUTE-0719,MTF-0719,MTF-0756,9.9,true,0.48,limited
DHA-ROUTE-0720,MTF-0720,MTF-0757,28.3,false,0.38,weather_watch
DHA-ROUTE-0721,MTF-0721,MTF-0758,2.5,false,0.44,available
DHA-ROUTE-0722,MTF-0722,MTF-0759,16.4,true,0.12,limited
DHA-ROUTE-0723,MTF-0723,MTF-0760,19.9,true,0.05,weather_watch
DHA-ROUTE-0724,MTF-0724,MTF-0761,16.5,true,0.39,available
DHA-ROUTE-0725,MTF-0725,MTF-0762,20.8,false,0.42,limited
DHA-ROUTE-0726,MTF-0726,MTF-0763,28.4,true,0.34,weather_watch
DHA-ROUTE-0727,MTF-0727,MTF-0764,23.2,false,0.13,available
DHA-ROUTE-0728,MTF-0728,MTF-0765,3.3,true,0.03,limited
DHA-ROUTE-0729,MTF-0729,MTF-0766,4,true,0.1,weather_watch
DHA-ROUTE-0730,MTF-0730,MTF-0767,3.2,false,0.25,available
DHA-ROUTE-0731,MTF-0731,MTF-0768,19.4,true,0.26,limited
DHA-ROUTE-0732,MTF-0732,MTF-0769,27.1,true,0.17,weather_watch
DHA-ROUTE-0733,MTF-0733,MTF-0770,26.1,false,0.17,available
DHA-ROUTE-0734,MTF-0734,MTF-0771,1.5,true,0.09,limited
DHA-ROUTE-0735,MTF-0735,MTF-0772,21.2,false,0.39,weather_watch
DHA-ROUTE-0736,MTF-0736,MTF-0773,8,true,0.32,available
DHA-ROUTE-0737,MTF-0737,MTF-0774,26.8,true,0.18,limited
DHA-ROUTE-0738,MTF-0738,MTF-0775,12.8,true,0.34,weather_watch
DHA-ROUTE-0739,MTF-0739,MTF-0776,26.6,false,0.34,available
DHA-ROUTE-0740,MTF-0740,MTF-0777,25.6,false,0.14,limited
DHA-ROUTE-0741,MTF-0741,MTF-0778,6.1,true,0.46,weather_watch
DHA-ROUTE-0742,MTF-0742,MTF-0779,27.2,true,0.03,available
DHA-ROUTE-0743,MTF-0743,MTF-0780,15,true,0.37,limited
DHA-ROUTE-0744,MTF-0744,MTF-0781,25.4,true,0.2,weather_watch
DHA-ROUTE-0745,MTF-0745,MTF-0782,10.5,false,0.22,available
DHA-ROUTE-0746,MTF-0746,MTF-0783,29.6,true,0.06,limited
DHA-ROUTE-0747,MTF-0747,MTF-0784,25.4,true,0.18,weather_watch
DHA-ROUTE-0748,MTF-0748,MTF-0785,27.9,true,0.37,available
DHA-ROUTE-0749,MTF-0749,MTF-0786,26.9,true,0.06,limited
DHA-ROUTE-0750,MTF-0750,MTF-0787,2.6,false,0.13,weather_watch
DHA-ROUTE-0751,MTF-0751,MTF-0788,25.4,false,0.08,available
DHA-ROUTE-0752,MTF-0752,MTF-0789,26.8,true,0.12,limited
DHA-ROUTE-0753,MTF-0753,MTF-0790,15.8,true,0.06,weather_watch
DHA-ROUTE-0754,MTF-0754,MTF-0791,25.4,true,0.33,available
DHA-ROUTE-0755,MTF-0755,MTF-0792,7,false,0.44,limited
DHA-ROUTE-0756,MTF-0756,MTF-0793,13.6,true,0.19,weather_watch
DHA-ROUTE-0757,MTF-0757,MTF-0794,26.2,false,0.07,available
DHA-ROUTE-0758,MTF-0758,MTF-0795,5,true,0.44,limited
DHA-ROUTE-0759,MTF-0759,MTF-0796,19.5,true,0.2,weather_watch
DHA-ROUTE-0760,MTF-0760,MTF-0797,9.8,false,0.23,available
DHA-ROUTE-0761,MTF-0761,MTF-0798,15.4,true,0.15,limited
DHA-ROUTE-0762,MTF-0762,MTF-0799,25.7,true,0.13,weather_watch
DHA-ROUTE-0763,MTF-0763,MTF-0800,22.2,false,0.07,available
DHA-ROUTE-0764,MTF-0764,MTF-0801,22.4,true,0.03,limited
DHA-ROUTE-0765,MTF-0765,MTF-0802,10.8,false,0.44,weather_watch
DHA-ROUTE-0766,MTF-0766,MTF-0803,10.7,true,0.21,available
DHA-ROUTE-0767,MTF-0767,MTF-0804,21.8,true,0.09,limited
DHA-ROUTE-0768,MTF-0768,MTF-0805,7.6,true,0.42,weather_watch
DHA-ROUTE-0769,MTF-0769,MTF-0806,5.5,false,0.35,available
DHA-ROUTE-0770,MTF-0770,MTF-0807,3.3,false,0.15,limited
DHA-ROUTE-0771,MTF-0771,MTF-0808,2,true,0.23,weather_watch
DHA-ROUTE-0772,MTF-0772,MTF-0809,18,true,0.02,available
DHA-ROUTE-0773,MTF-0773,MTF-0810,22.5,true,0.26,limited
DHA-ROUTE-0774,MTF-0774,MTF-0811,20.2,true,0.23,weather_watch
DHA-ROUTE-0775,MTF-0775,MTF-0812,20.9,false,0.27,available
DHA-ROUTE-0776,MTF-0776,MTF-0813,10.9,true,0.31,limited
DHA-ROUTE-0777,MTF-0777,MTF-0814,28.6,true,0.29,weather_watch
DHA-ROUTE-0778,MTF-0778,MTF-0815,3.1,true,0.12,available
DHA-ROUTE-0779,MTF-0779,MTF-0816,13.5,true,0.44,limited
DHA-ROUTE-0780,MTF-0780,MTF-0817,13.2,false,0.11,weather_watch
DHA-ROUTE-0781,MTF-0781,MTF-0818,16.4,false,0.29,available
DHA-ROUTE-0782,MTF-0782,MTF-0819,9.3,true,0.1,limited
DHA-ROUTE-0783,MTF-0783,MTF-0820,23,true,0.46,weather_watch
DHA-ROUTE-0784,MTF-0784,MTF-0821,6,true,0.25,available
DHA-ROUTE-0785,MTF-0785,MTF-0822,23.4,false,0.46,limited
DHA-ROUTE-0786,MTF-0786,MTF-0823,6.5,true,0.18,weather_watch
DHA-ROUTE-0787,MTF-0787,MTF-0824,22,false,0.22,available
DHA-ROUTE-0788,MTF-0788,MTF-0825,20.9,true,0.47,limited
DHA-ROUTE-0789,MTF-0789,MTF-0826,29.4,true,0.02,weather_watch
DHA-ROUTE-0790,MTF-0790,MTF-0827,24.7,false,0.05,available
DHA-ROUTE-0791,MTF-0791,MTF-0828,16.7,true,0.25,limited
DHA-ROUTE-0792,MTF-0792,MTF-0829,13.1,true,0.4,weather_watch
DHA-ROUTE-0793,MTF-0793,MTF-0830,22.4,false,0.22,available
DHA-ROUTE-0794,MTF-0794,MTF-0831,26.8,true,0.48,limited
DHA-ROUTE-0795,MTF-0795,MTF-0832,1.9,false,0.21,weather_watch
DHA-ROUTE-0796,MTF-0796,MTF-0833,5.2,true,0.2,available
DHA-ROUTE-0797,MTF-0797,MTF-0834,1.2,true,0.24,limited
DHA-ROUTE-0798,MTF-0798,MTF-0835,20,true,0.13,weather_watch
DHA-ROUTE-0799,MTF-0799,MTF-0836,25.9,false,0.28,available
DHA-ROUTE-0800,MTF-0800,MTF-0837,7.7,false,0.28,limited
DHA-ROUTE-0801,MTF-0801,MTF-0838,1.3,true,0.32,weather_watch
DHA-ROUTE-0802,MTF-0802,MTF-0839,3.1,true,0.25,available
DHA-ROUTE-0803,MTF-0803,MTF-0840,18.2,true,0.19,limited
DHA-ROUTE-0804,MTF-0804,MTF-0841,6.4,true,0.09,weather_watch
DHA-ROUTE-0805,MTF-0805,MTF-0842,29.1,false,0.03,available
DHA-ROUTE-0806,MTF-0806,MTF-0843,8.9,true,0.17,limited
DHA-ROUTE-0807,MTF-0807,MTF-0844,17.5,true,0.22,weather_watch
DHA-ROUTE-0808,MTF-0808,MTF-0845,17.4,true,0.23,available
DHA-ROUTE-0809,MTF-0809,MTF-0846,18.6,true,0.46,limited
DHA-ROUTE-0810,MTF-0810,MTF-0847,11.6,false,0.18,weather_watch
DHA-ROUTE-0811,MTF-0811,MTF-0848,17.7,false,0.25,available
DHA-ROUTE-0812,MTF-0812,MTF-0849,5.4,true,0.36,limited
DHA-ROUTE-0813,MTF-0813,MTF-0850,15.5,true,0.3,weather_watch
DHA-ROUTE-0814,MTF-0814,MTF-0851,16.5,true,0.32,available
DHA-ROUTE-0815,MTF-0815,MTF-0852,11.4,false,0.4,limited
DHA-ROUTE-0816,MTF-0816,MTF-0853,14.7,true,0.47,weather_watch
DHA-ROUTE-0817,MTF-0817,MTF-0854,7.3,false,0.4,available
DHA-ROUTE-0818,MTF-0818,MTF-0855,14.2,true,0.09,limited
DHA-ROUTE-0819,MTF-0819,MTF-0856,27.2,true,0.11,weather_watch
DHA-ROUTE-0820,MTF-0820,MTF-0857,19.1,false,0.21,available
DHA-ROUTE-0821,MTF-0821,MTF-0858,9.7,true,0.33,limited
DHA-ROUTE-0822,MTF-0822,MTF-0859,1.6,true,0.1,weather_watch
DHA-ROUTE-0823,MTF-0823,MTF-0860,17.9,false,0.22,available
DHA-ROUTE-0824,MTF-0824,MTF-0861,12.8,true,0.23,limited
DHA-ROUTE-0825,MTF-0825,MTF-0862,1.3,false,0.26,weather_watch
DHA-ROUTE-0826,MTF-0826,MTF-0863,12.2,true,0.39,available
DHA-ROUTE-0827,MTF-0827,MTF-0864,2.6,true,0.29,limited
DHA-ROUTE-0828,MTF-0828,MTF-0865,23.2,true,0.19,weather_watch
DHA-ROUTE-0829,MTF-0829,MTF-0866,28.7,false,0.34,available
DHA-ROUTE-0830,MTF-0830,MTF-0867,10.5,false,0.32,limited
DHA-ROUTE-0831,MTF-0831,MTF-0868,2.4,true,0.26,weather_watch
DHA-ROUTE-0832,MTF-0832,MTF-0869,17,true,0.1,available
DHA-ROUTE-0833,MTF-0833,MTF-0870,14.1,true,0.31,limited
DHA-ROUTE-0834,MTF-0834,MTF-0871,26.8,true,0.23,weather_watch
DHA-ROUTE-0835,MTF-0835,MTF-0872,26.6,false,0.11,available
DHA-ROUTE-0836,MTF-0836,MTF-0873,18.6,true,0.33,limited
DHA-ROUTE-0837,MTF-0837,MTF-0874,23,true,0.35,weather_watch
DHA-ROUTE-0838,MTF-0838,MTF-0875,12.2,true,0.35,available
DHA-ROUTE-0839,MTF-0839,MTF-0876,25.8,true,0.23,limited
DHA-ROUTE-0840,MTF-0840,MTF-0877,4.8,false,0.17,weather_watch
DHA-ROUTE-0841,MTF-0841,MTF-0878,4.1,false,0.29,available
DHA-ROUTE-0842,MTF-0842,MTF-0879,20.7,true,0.31,limited
DHA-ROUTE-0843,MTF-0843,MTF-0880,13.2,true,0.21,weather_watch
DHA-ROUTE-0844,MTF-0844,MTF-0881,12.2,true,0.21,available
DHA-ROUTE-0845,MTF-0845,MTF-0882,16,false,0.48,limited
DHA-ROUTE-0846,MTF-0846,MTF-0883,23.5,true,0.4,weather_watch
DHA-ROUTE-0847,MTF-0847,MTF-0884,6.2,false,0.16,available
DHA-ROUTE-0848,MTF-0848,MTF-0885,21.5,true,0.09,limited
DHA-ROUTE-0849,MTF-0849,MTF-0886,14.5,true,0.17,weather_watch
DHA-ROUTE-0850,MTF-0850,MTF-0887,23.2,false,0.16,available
DHA-ROUTE-0851,MTF-0851,MTF-0888,21.3,true,0.06,limited
DHA-ROUTE-0852,MTF-0852,MTF-0889,25.1,true,0.39,weather_watch
DHA-ROUTE-0853,MTF-0853,MTF-0890,11.2,false,0.25,available
DHA-ROUTE-0854,MTF-0854,MTF-0891,1.8,true,0.21,limited
DHA-ROUTE-0855,MTF-0855,MTF-0892,4.3,false,0.18,weather_watch
DHA-ROUTE-0856,MTF-0856,MTF-0893,15.9,true,0.02,available
DHA-ROUTE-0857,MTF-0857,MTF-0894,22.8,true,0.36,limited
DHA-ROUTE-0858,MTF-0858,MTF-0895,23.8,true,0.43,weather_watch
DHA-ROUTE-0859,MTF-0859,MTF-0896,17.4,false,0.06,available
DHA-ROUTE-0860,MTF-0860,MTF-0897,15.3,false,0.06,limited
DHA-ROUTE-0861,MTF-0861,MTF-0898,16.3,true,0.25,weather_watch
DHA-ROUTE-0862,MTF-0862,MTF-0899,28.5,true,0.45,available
DHA-ROUTE-0863,MTF-0863,MTF-0900,14.1,true,0.35,limited
DHA-ROUTE-0864,MTF-0864,MTF-0901,22.7,true,0.19,weather_watch
DHA-ROUTE-0865,MTF-0865,MTF-0902,22,false,0.17,available
DHA-ROUTE-0866,MTF-0866,MTF-0903,9.4,true,0.2,limited
DHA-ROUTE-0867,MTF-0867,MTF-0904,14.9,true,0.44,weather_watch
DHA-ROUTE-0868,MTF-0868,MTF-0905,2.7,true,0.36,available
DHA-ROUTE-0869,MTF-0869,MTF-0906,8.8,true,0.06,limited
DHA-ROUTE-0870,MTF-0870,MTF-0907,27.8,false,0.46,weather_watch
DHA-ROUTE-0871,MTF-0871,MTF-0908,16.4,false,0.42,available
DHA-ROUTE-0872,MTF-0872,MTF-0909,27.2,true,0.48,limited
DHA-ROUTE-0873,MTF-0873,MTF-0910,15.7,true,0.35,weather_watch
DHA-ROUTE-0874,MTF-0874,MTF-0911,3.4,true,0.21,available
DHA-ROUTE-0875,MTF-0875,MTF-0912,11,false,0.09,limited
DHA-ROUTE-0876,MTF-0876,MTF-0913,19.8,true,0.26,weather_watch
DHA-ROUTE-0877,MTF-0877,MTF-0914,16.8,false,0.38,available
DHA-ROUTE-0878,MTF-0878,MTF-0915,7.9,true,0.07,limited
DHA-ROUTE-0879,MTF-0879,MTF-0916,1.6,true,0.11,weather_watch
DHA-ROUTE-0880,MTF-0880,MTF-0917,2.8,false,0.41,available
DHA-ROUTE-0881,MTF-0881,MTF-0918,12.3,true,0.13,limited
DHA-ROUTE-0882,MTF-0882,MTF-0919,15.7,true,0.12,weather_watch
DHA-ROUTE-0883,MTF-0883,MTF-0920,9.9,false,0.1,available
DHA-ROUTE-0884,MTF-0884,MTF-0921,5,true,0.22,limited
DHA-ROUTE-0885,MTF-0885,MTF-0922,27.5,false,0.07,weather_watch
DHA-ROUTE-0886,MTF-0886,MTF-0923,12.1,true,0.15,available
DHA-ROUTE-0887,MTF-0887,MTF-0924,22.5,true,0.31,limited
DHA-ROUTE-0888,MTF-0888,MTF-0925,7.6,true,0.16,weather_watch
DHA-ROUTE-0889,MTF-0889,MTF-0926,19.6,false,0.22,available
DHA-ROUTE-0890,MTF-0890,MTF-0927,23.5,false,0.38,limited
DHA-ROUTE-0891,MTF-0891,MTF-0928,17.5,true,0.27,weather_watch
DHA-ROUTE-0892,MTF-0892,MTF-0929,14.9,true,0.44,available
DHA-ROUTE-0893,MTF-0893,MTF-0930,10.2,true,0.06,limited
DHA-ROUTE-0894,MTF-0894,MTF-0931,11.6,true,0.31,weather_watch
DHA-ROUTE-0895,MTF-0895,MTF-0932,15.1,false,0.06,available
DHA-ROUTE-0896,MTF-0896,MTF-0933,18.9,true,0.06,limited
DHA-ROUTE-0897,MTF-0897,MTF-0934,10.5,true,0.36,weather_watch
DHA-ROUTE-0898,MTF-0898,MTF-0935,9,true,0.45,available
DHA-ROUTE-0899,MTF-0899,MTF-0936,7.1,true,0.36,limited
DHA-ROUTE-0900,MTF-0900,MTF-0937,29.9,false,0.4,weather_watch
DHA-ROUTE-0901,MTF-0901,MTF-0938,26.9,false,0.42,available
DHA-ROUTE-0902,MTF-0902,MTF-0939,2.1,true,0.31,limited
DHA-ROUTE-0903,MTF-0903,MTF-0940,25,true,0.09,weather_watch
DHA-ROUTE-0904,MTF-0904,MTF-0941,29.8,true,0.22,available
DHA-ROUTE-0905,MTF-0905,MTF-0942,4.4,false,0.44,limited
DHA-ROUTE-0906,MTF-0906,MTF-0943,26.9,true,0.18,weather_watch
DHA-ROUTE-0907,MTF-0907,MTF-0944,29.8,false,0.28,available
DHA-ROUTE-0908,MTF-0908,MTF-0945,21.5,true,0.26,limited
DHA-ROUTE-0909,MTF-0909,MTF-0946,24.3,true,0.14,weather_watch
DHA-ROUTE-0910,MTF-0910,MTF-0947,12.3,false,0.09,available
DHA-ROUTE-0911,MTF-0911,MTF-0948,27.6,true,0.29,limited
DHA-ROUTE-0912,MTF-0912,MTF-0949,28.8,true,0.07,weather_watch
DHA-ROUTE-0913,MTF-0913,MTF-0950,4.1,false,0.34,available
DHA-ROUTE-0914,MTF-0914,MTF-0951,9.8,true,0.28,limited
DHA-ROUTE-0915,MTF-0915,MTF-0952,6.2,false,0.41,weather_watch
DHA-ROUTE-0916,MTF-0916,MTF-0953,19.3,true,0.44,available
DHA-ROUTE-0917,MTF-0917,MTF-0954,1.5,true,0.17,limited
DHA-ROUTE-0918,MTF-0918,MTF-0955,26,true,0.25,weather_watch
DHA-ROUTE-0919,MTF-0919,MTF-0956,10.4,false,0.42,available
DHA-ROUTE-0920,MTF-0920,MTF-0957,9.3,false,0.23,limited
DHA-ROUTE-0921,MTF-0921,MTF-0958,18.8,true,0.16,weather_watch
DHA-ROUTE-0922,MTF-0922,MTF-0959,9.7,true,0.12,available
DHA-ROUTE-0923,MTF-0923,MTF-0960,10.6,true,0.43,limited
DHA-ROUTE-0924,MTF-0924,MTF-0961,4.4,true,0.26,weather_watch
DHA-ROUTE-0925,MTF-0925,MTF-0962,5.6,false,0.42,available
DHA-ROUTE-0926,MTF-0926,MTF-0963,20.8,true,0.26,limited
DHA-ROUTE-0927,MTF-0927,MTF-0964,24.9,true,0.4,weather_watch
DHA-ROUTE-0928,MTF-0928,MTF-0965,7.2,true,0.24,available
DHA-ROUTE-0929,MTF-0929,MTF-0966,1.1,true,0.05,limited
DHA-ROUTE-0930,MTF-0930,MTF-0967,4,false,0.42,weather_watch
DHA-ROUTE-0931,MTF-0931,MTF-0968,5.3,false,0.08,available
DHA-ROUTE-0932,MTF-0932,MTF-0969,4.7,true,0.31,limited
DHA-ROUTE-0933,MTF-0933,MTF-0970,9.6,true,0.05,weather_watch
DHA-ROUTE-0934,MTF-0934,MTF-0971,5.3,true,0.31,available
DHA-ROUTE-0935,MTF-0935,MTF-0972,7.5,false,0.07,limited
DHA-ROUTE-0936,MTF-0936,MTF-0973,23.3,true,0.43,weather_watch
DHA-ROUTE-0937,MTF-0937,MTF-0974,15.5,false,0.44,available
DHA-ROUTE-0938,MTF-0938,MTF-0975,20.7,true,0.15,limited
DHA-ROUTE-0939,MTF-0939,MTF-0976,8.3,true,0.31,weather_watch
DHA-ROUTE-0940,MTF-0940,MTF-0977,17.9,false,0.12,available
DHA-ROUTE-0941,MTF-0941,MTF-0978,22.9,true,0.03,limited
DHA-ROUTE-0942,MTF-0942,MTF-0979,28.7,true,0.42,weather_watch
DHA-ROUTE-0943,MTF-0943,MTF-0980,6,false,0.39,available
DHA-ROUTE-0944,MTF-0944,MTF-0981,3.3,true,0.13,limited
DHA-ROUTE-0945,MTF-0945,MTF-0982,29.9,false,0.48,weather_watch
DHA-ROUTE-0946,MTF-0946,MTF-0983,2,true,0.18,available
DHA-ROUTE-0947,MTF-0947,MTF-0984,1.4,true,0.33,limited
DHA-ROUTE-0948,MTF-0948,MTF-0985,19.7,true,0.04,weather_watch
DHA-ROUTE-0949,MTF-0949,MTF-0986,28.3,false,0.16,available
DHA-ROUTE-0950,MTF-0950,MTF-0987,15.8,false,0.03,limited
DHA-ROUTE-0951,MTF-0951,MTF-0988,29.2,true,0.02,weather_watch
DHA-ROUTE-0952,MTF-0952,MTF-0989,20.7,true,0.41,available
DHA-ROUTE-0953,MTF-0953,MTF-0990,25.9,true,0.12,limited
DHA-ROUTE-0954,MTF-0954,MTF-0991,17,true,0.11,weather_watch
DHA-ROUTE-0955,MTF-0955,MTF-0992,11.7,false,0.15,available
DHA-ROUTE-0956,MTF-0956,MTF-0993,2.4,true,0.39,limited
DHA-ROUTE-0957,MTF-0957,MTF-0994,5.3,true,0.26,weather_watch
DHA-ROUTE-0958,MTF-0958,MTF-0995,8,true,0.3,available
DHA-ROUTE-0959,MTF-0959,MTF-0996,12.1,true,0.2,limited
DHA-ROUTE-0960,MTF-0960,MTF-0997,25.2,false,0.47,weather_watch
DHA-ROUTE-0961,MTF-0961,MTF-0998,23,false,0.37,available
DHA-ROUTE-0962,MTF-0962,MTF-0999,9,true,0.14,limited
DHA-ROUTE-0963,MTF-0963,MTF-1000,18.9,true,0.42,weather_watch
DHA-ROUTE-0964,MTF-0964,MTF-0001,13,true,0.08,available
DHA-ROUTE-0965,MTF-0965,MTF-0002,11.8,false,0.44,limited
DHA-ROUTE-0966,MTF-0966,MTF-0003,27.3,true,0.48,weather_watch
DHA-ROUTE-0967,MTF-0967,MTF-0004,14.3,false,0.34,available
DHA-ROUTE-0968,MTF-0968,MTF-0005,25.4,true,0.41,limited
DHA-ROUTE-0969,MTF-0969,MTF-0006,14.5,true,0.37,weather_watch
DHA-ROUTE-0970,MTF-0970,MTF-0007,8.4,false,0.18,available
DHA-ROUTE-0971,MTF-0971,MTF-0008,8.4,true,0.34,limited
DHA-ROUTE-0972,MTF-0972,MTF-0009,16.8,true,0.3,weather_watch
DHA-ROUTE-0973,MTF-0973,MTF-0010,4.4,false,0.4,available
DHA-ROUTE-0974,MTF-0974,MTF-0011,27.4,true,0.21,limited
DHA-ROUTE-0975,MTF-0975,MTF-0012,10.5,false,0.2,weather_watch
DHA-ROUTE-0976,MTF-0976,MTF-0013,10.9,true,0.37,available
DHA-ROUTE-0977,MTF-0977,MTF-0014,20.5,true,0.37,limited
DHA-ROUTE-0978,MTF-0978,MTF-0015,25.2,true,0.33,weather_watch
DHA-ROUTE-0979,MTF-0979,MTF-0016,23.1,false,0.26,available
DHA-ROUTE-0980,MTF-0980,MTF-0017,22.9,false,0.44,limited
DHA-ROUTE-0981,MTF-0981,MTF-0018,7.1,true,0.2,weather_watch
DHA-ROUTE-0982,MTF-0982,MTF-0019,18.8,true,0.06,available
DHA-ROUTE-0983,MTF-0983,MTF-0020,2,true,0.09,limited
DHA-ROUTE-0984,MTF-0984,MTF-0021,19.8,true,0.05,weather_watch
DHA-ROUTE-0985,MTF-0985,MTF-0022,24.4,false,0.16,available
DHA-ROUTE-0986,MTF-0986,MTF-0023,29.2,true,0.46,limited
DHA-ROUTE-0987,MTF-0987,MTF-0024,13.7,true,0.08,weather_watch
DHA-ROUTE-0988,MTF-0988,MTF-0025,6.1,true,0.43,available
DHA-ROUTE-0989,MTF-0989,MTF-0026,19.2,true,0.02,limited
DHA-ROUTE-0990,MTF-0990,MTF-0027,19.8,false,0.12,weather_watch
DHA-ROUTE-0991,MTF-0991,MTF-0028,10.6,false,0.24,available
DHA-ROUTE-0992,MTF-0992,MTF-0029,2.1,true,0.13,limited
DHA-ROUTE-0993,MTF-0993,MTF-0030,25.1,true,0.27,weather_watch
DHA-ROUTE-0994,MTF-0994,MTF-0031,16.9,true,0.21,available
DHA-ROUTE-0995,MTF-0995,MTF-0032,6.7,false,0.43,limited
DHA-ROUTE-0996,MTF-0996,MTF-0033,2.8,true,0.24,weather_watch
DHA-ROUTE-0997,MTF-0997,MTF-0034,9.1,false,0.44,available
DHA-ROUTE-0998,MTF-0998,MTF-0035,7.7,true,0.07,limited
DHA-ROUTE-0999,MTF-0999,MTF-0036,15.6,true,0.12,weather_watch
DHA-ROUTE-1000,MTF-1000,MTF-0037,3.2,false,0.04,available
