forecast_id,facility_id,item_id,forecast_24h,forecast_72h,confidence,generated_at
DHA-FC-0001,MTF-0038,MED-ITEM-0001,28,84,0.82,2026-09-08T08:00:00.000Z
DHA-FC-0002,MTF-0039,MED-ITEM-0002,52,104,0.58,2026-09-08T08:11:00.000Z
DHA-FC-0003,MTF-0040,MED-ITEM-0003,31,62,0.93,2026-09-08T08:22:00.000Z
DHA-FC-0004,MTF-0041,MED-ITEM-0004,77,231,0.76,2026-09-08T08:33:00.000Z
DHA-FC-0005,MTF-0042,MED-ITEM-0005,75,150,0.82,2026-09-08T08:44:00.000Z
DHA-FC-0006,MTF-0043,MED-ITEM-0006,13,39,0.9,2026-09-08T08:55:00.000Z
DHA-FC-0007,MTF-0044,MED-ITEM-0007,32,96,0.66,2026-09-08T09:06:00.000Z
DHA-FC-0008,MTF-0045,MED-ITEM-0008,25,75,0.92,2026-09-08T09:17:00.000Z
DHA-FC-0009,MTF-0046,MED-ITEM-0009,63,189,0.82,2026-09-08T09:28:00.000Z
DHA-FC-0010,MTF-0047,MED-ITEM-0010,29,116,0.77,2026-09-08T09:39:00.000Z
DHA-FC-0011,MTF-0048,MED-ITEM-0011,56,168,0.79,2026-09-08T09:50:00.000Z
DHA-FC-0012,MTF-0049,MED-ITEM-0012,70,280,0.51,2026-09-08T10:01:00.000Z
DHA-FC-0013,MTF-0050,MED-ITEM-0013,20,60,0.89,2026-09-08T10:12:00.000Z
DHA-FC-0014,MTF-0051,MED-ITEM-0014,86,172,0.81,2026-09-08T10:23:00.000Z
DHA-FC-0015,MTF-0052,MED-ITEM-0015,5,20,0.9,2026-09-08T10:34:00.000Z
DHA-FC-0016,MTF-0053,MED-ITEM-0016,59,118,0.85,2026-09-08T10:45:00.000Z
DHA-FC-0017,MTF-0054,MED-ITEM-0017,57,171,0.62,2026-09-08T10:56:00.000Z
DHA-FC-0018,MTF-0055,MED-ITEM-0018,9,36,0.91,2026-09-08T11:07:00.000Z
DHA-FC-0019,MTF-0056,MED-ITEM-0019,64,192,0.93,2026-09-08T11:18:00.000Z
DHA-FC-0020,MTF-0057,MED-ITEM-0020,20,60,0.86,2026-09-08T11:29:00.000Z
DHA-FC-0021,MTF-0058,MED-ITEM-0021,85,255,0.86,2026-09-08T11:40:00.000Z
DHA-FC-0022,MTF-0059,MED-ITEM-0022,24,72,0.6,2026-09-08T11:51:00.000Z
DHA-FC-0023,MTF-0060,MED-ITEM-0023,63,126,0.91,2026-09-08T12:02:00.000Z
DHA-FC-0024,MTF-0061,MED-ITEM-0024,12,36,0.84,2026-09-08T12:13:00.000Z
DHA-FC-0025,MTF-0062,MED-ITEM-0025,86,172,0.86,2026-09-08T12:24:00.000Z
DHA-FC-0026,MTF-0063,MED-ITEM-0026,54,162,0.95,2026-09-08T12:35:00.000Z
DHA-FC-0027,MTF-0064,MED-ITEM-0027,52,156,0.61,2026-09-08T12:46:00.000Z
DHA-FC-0028,MTF-0065,MED-ITEM-0028,56,168,0.82,2026-09-08T12:57:00.000Z
DHA-FC-0029,MTF-0066,MED-ITEM-0029,86,258,0.92,2026-09-08T13:08:00.000Z
DHA-FC-0030,MTF-0067,MED-ITEM-0030,58,116,0.9,2026-09-08T13:19:00.000Z
DHA-FC-0031,MTF-0068,MED-ITEM-0031,22,66,0.8,2026-09-08T13:30:00.000Z
DHA-FC-0032,MTF-0069,MED-ITEM-0032,84,252,0.49,2026-09-08T13:41:00.000Z
DHA-FC-0033,MTF-0070,MED-ITEM-0033,68,136,0.78,2026-09-08T13:52:00.000Z
DHA-FC-0034,MTF-0071,MED-ITEM-0034,90,270,0.87,2026-09-08T14:03:00.000Z
DHA-FC-0035,MTF-0072,MED-ITEM-0035,82,164,0.77,2026-09-08T14:14:00.000Z
DHA-FC-0036,MTF-0073,MED-ITEM-0036,11,22,0.88,2026-09-08T14:25:00.000Z
DHA-FC-0037,MTF-0074,MED-ITEM-0037,76,152,0.66,2026-09-08T14:36:00.000Z
DHA-FC-0038,MTF-0075,MED-ITEM-0038,6,18,0.88,2026-09-08T14:47:00.000Z
DHA-FC-0039,MTF-0076,MED-ITEM-0039,6,24,0.89,2026-09-08T14:58:00.000Z
DHA-FC-0040,MTF-0077,MED-ITEM-0040,6,18,0.84,2026-09-08T15:09:00.000Z
DHA-FC-0041,MTF-0078,MED-ITEM-0041,67,134,0.86,2026-09-08T15:20:00.000Z
DHA-FC-0042,MTF-0079,MED-ITEM-0042,37,111,0.53,2026-09-08T15:31:00.000Z
DHA-FC-0043,MTF-0080,MED-ITEM-0043,50,150,0.79,2026-09-08T15:42:00.000Z
DHA-FC-0044,MTF-0081,MED-ITEM-0044,80,320,0.94,2026-09-08T15:53:00.000Z
DHA-FC-0045,MTF-0082,MED-ITEM-0045,90,270,0.84,2026-09-08T16:04:00.000Z
DHA-FC-0046,MTF-0083,MED-ITEM-0046,54,216,0.83,2026-09-08T16:15:00.000Z
DHA-FC-0047,MTF-0084,MED-ITEM-0047,60,180,0.55,2026-09-08T16:26:00.000Z
DHA-FC-0048,MTF-0085,MED-ITEM-0048,55,165,0.77,2026-09-08T16:37:00.000Z
DHA-FC-0049,MTF-0086,MED-ITEM-0049,34,136,0.76,2026-09-08T16:48:00.000Z
DHA-FC-0050,MTF-0087,MED-ITEM-0050,72,288,0.81,2026-09-08T16:59:00.000Z
DHA-FC-0051,MTF-0088,MED-ITEM-0051,53,159,0.86,2026-09-08T17:10:00.000Z
DHA-FC-0052,MTF-0089,MED-ITEM-0052,15,30,0.62,2026-09-08T17:21:00.000Z
DHA-FC-0053,MTF-0090,MED-ITEM-0053,86,258,0.92,2026-09-08T17:32:00.000Z
DHA-FC-0054,MTF-0091,MED-ITEM-0054,33,132,0.87,2026-09-08T17:43:00.000Z
DHA-FC-0055,MTF-0092,MED-ITEM-0055,9,36,0.96,2026-09-08T17:54:00.000Z
DHA-FC-0056,MTF-0093,MED-ITEM-0056,22,66,0.82,2026-09-08T18:05:00.000Z
DHA-FC-0057,MTF-0094,MED-ITEM-0057,79,237,0.56,2026-09-08T18:16:00.000Z
DHA-FC-0058,MTF-0095,MED-ITEM-0058,83,249,0.93,2026-09-08T18:27:00.000Z
DHA-FC-0059,MTF-0096,MED-ITEM-0059,38,114,0.94,2026-09-08T18:38:00.000Z
DHA-FC-0060,MTF-0097,MED-ITEM-0060,41,82,0.94,2026-09-08T18:49:00.000Z
DHA-FC-0061,MTF-0098,MED-ITEM-0061,87,174,0.77,2026-09-08T19:00:00.000Z
DHA-FC-0062,MTF-0099,MED-ITEM-0062,32,64,0.64,2026-09-08T19:11:00.000Z
DHA-FC-0063,MTF-0100,MED-ITEM-0063,74,148,0.76,2026-09-08T19:22:00.000Z
DHA-FC-0064,MTF-0101,MED-ITEM-0064,64,128,0.79,2026-09-08T19:33:00.000Z
DHA-FC-0065,MTF-0102,MED-ITEM-0065,8,16,0.77,2026-09-08T19:44:00.000Z
DHA-FC-0066,MTF-0103,MED-ITEM-0066,25,50,0.78,2026-09-08T19:55:00.000Z
DHA-FC-0067,MTF-0104,MED-ITEM-0067,48,144,0.55,2026-09-08T20:06:00.000Z
DHA-FC-0068,MTF-0105,MED-ITEM-0068,69,207,0.89,2026-09-08T20:17:00.000Z
DHA-FC-0069,MTF-0106,MED-ITEM-0069,88,352,0.85,2026-09-08T20:28:00.000Z
DHA-FC-0070,MTF-0107,MED-ITEM-0070,35,140,0.93,2026-09-08T20:39:00.000Z
DHA-FC-0071,MTF-0108,MED-ITEM-0071,6,24,0.9,2026-09-08T20:50:00.000Z
DHA-FC-0072,MTF-0109,MED-ITEM-0072,24,48,0.59,2026-09-08T21:01:00.000Z
DHA-FC-0073,MTF-0110,MED-ITEM-0073,81,324,0.93,2026-09-08T21:12:00.000Z
DHA-FC-0074,MTF-0111,MED-ITEM-0074,79,237,0.86,2026-09-08T21:23:00.000Z
DHA-FC-0075,MTF-0112,MED-ITEM-0075,17,68,0.84,2026-09-08T21:34:00.000Z
DHA-FC-0076,MTF-0113,MED-ITEM-0076,22,66,0.93,2026-09-08T21:45:00.000Z
DHA-FC-0077,MTF-0114,MED-ITEM-0077,82,164,0.53,2026-09-08T21:56:00.000Z
DHA-FC-0078,MTF-0115,MED-ITEM-0078,27,81,0.88,2026-09-08T22:07:00.000Z
DHA-FC-0079,MTF-0116,MED-ITEM-0079,18,72,0.78,2026-09-08T22:18:00.000Z
DHA-FC-0080,MTF-0117,MED-ITEM-0080,45,90,0.87,2026-09-08T22:29:00.000Z
DHA-FC-0081,MTF-0118,MED-ITEM-0081,81,243,0.95,2026-09-08T22:40:00.000Z
DHA-FC-0082,MTF-0119,MED-ITEM-0082,70,210,0.66,2026-09-08T22:51:00.000Z
DHA-FC-0083,MTF-0120,MED-ITEM-0083,63,189,0.92,2026-09-08T23:02:00.000Z
DHA-FC-0084,MTF-0121,MED-ITEM-0084,85,255,0.96,2026-09-08T23:13:00.000Z
DHA-FC-0085,MTF-0122,MED-ITEM-0085,21,63,0.93,2026-09-08T23:24:00.000Z
DHA-FC-0086,MTF-0123,MED-ITEM-0086,73,219,0.8,2026-09-08T23:35:00.000Z
DHA-FC-0087,MTF-0124,MED-ITEM-0087,57,114,0.66,2026-09-08T23:46:00.000Z
DHA-FC-0088,MTF-0125,MED-ITEM-0088,66,132,0.89,2026-09-08T23:57:00.000Z
DHA-FC-0089,MTF-0126,MED-ITEM-0089,44,88,0.8,2026-09-09T00:08:00.000Z
DHA-FC-0090,MTF-0127,MED-ITEM-0090,62,124,0.79,2026-09-09T00:19:00.000Z
DHA-FC-0091,MTF-0128,MED-ITEM-0091,82,164,0.83,2026-09-09T00:30:00.000Z
DHA-FC-0092,MTF-0129,MED-ITEM-0092,12,24,0.69,2026-09-09T00:41:00.000Z
DHA-FC-0093,MTF-0130,MED-ITEM-0093,67,268,0.79,2026-09-09T00:52:00.000Z
DHA-FC-0094,MTF-0131,MED-ITEM-0094,88,264,0.77,2026-09-09T01:03:00.000Z
DHA-FC-0095,MTF-0132,MED-ITEM-0095,14,56,0.89,2026-09-09T01:14:00.000Z
DHA-FC-0096,MTF-0133,MED-ITEM-0096,16,32,0.78,2026-09-09T01:25:00.000Z
DHA-FC-0097,MTF-0134,MED-ITEM-0097,69,138,0.61,2026-09-09T01:36:00.000Z
DHA-FC-0098,MTF-0135,MED-ITEM-0098,52,104,0.86,2026-09-09T01:47:00.000Z
DHA-FC-0099,MTF-0136,MED-ITEM-0099,10,30,0.78,2026-09-09T01:58:00.000Z
DHA-FC-0100,MTF-0137,MED-ITEM-0100,77,308,0.95,2026-09-09T02:09:00.000Z
DHA-FC-0101,MTF-0138,MED-ITEM-0101,5,10,0.88,2026-09-09T02:20:00.000Z
DHA-FC-0102,MTF-0139,MED-ITEM-0102,12,36,0.55,2026-09-09T02:31:00.000Z
DHA-FC-0103,MTF-0140,MED-ITEM-0103,86,258,0.94,2026-09-09T02:42:00.000Z
DHA-FC-0104,MTF-0141,MED-ITEM-0104,11,33,0.82,2026-09-09T02:53:00.000Z
DHA-FC-0105,MTF-0142,MED-ITEM-0105,72,144,0.83,2026-09-09T03:04:00.000Z
DHA-FC-0106,MTF-0143,MED-ITEM-0106,55,165,0.95,2026-09-09T03:15:00.000Z
DHA-FC-0107,MTF-0144,MED-ITEM-0107,71,213,0.67,2026-09-09T03:26:00.000Z
DHA-FC-0108,MTF-0145,MED-ITEM-0108,46,92,0.84,2026-09-09T03:37:00.000Z
DHA-FC-0109,MTF-0146,MED-ITEM-0109,61,183,0.91,2026-09-09T03:48:00.000Z
DHA-FC-0110,MTF-0147,MED-ITEM-0110,28,112,0.92,2026-09-09T03:59:00.000Z
DHA-FC-0111,MTF-0148,MED-ITEM-0111,89,356,0.86,2026-09-09T04:10:00.000Z
DHA-FC-0112,MTF-0149,MED-ITEM-0112,43,172,0.57,2026-09-09T04:21:00.000Z
DHA-FC-0113,MTF-0150,MED-ITEM-0113,74,222,0.94,2026-09-09T04:32:00.000Z
DHA-FC-0114,MTF-0151,MED-ITEM-0114,70,210,0.93,2026-09-09T04:43:00.000Z
DHA-FC-0115,MTF-0152,MED-ITEM-0115,60,180,0.84,2026-09-09T04:54:00.000Z
DHA-FC-0116,MTF-0153,MED-ITEM-0116,51,102,0.94,2026-09-09T05:05:00.000Z
DHA-FC-0117,MTF-0154,MED-ITEM-0117,29,87,0.5,2026-09-09T05:16:00.000Z
DHA-FC-0118,MTF-0155,MED-ITEM-0118,50,150,0.88,2026-09-09T05:27:00.000Z
DHA-FC-0119,MTF-0156,MED-ITEM-0119,48,192,0.81,2026-09-09T05:38:00.000Z
DHA-FC-0120,MTF-0157,MED-ITEM-0120,16,32,0.9,2026-09-09T05:49:00.000Z
DHA-FC-0121,MTF-0158,MED-ITEM-0121,12,36,0.91,2026-09-09T06:00:00.000Z
DHA-FC-0122,MTF-0159,MED-ITEM-0122,87,174,0.62,2026-09-09T06:11:00.000Z
DHA-FC-0123,MTF-0160,MED-ITEM-0123,77,154,0.77,2026-09-09T06:22:00.000Z
DHA-FC-0124,MTF-0161,MED-ITEM-0124,8,32,0.84,2026-09-09T06:33:00.000Z
DHA-FC-0125,MTF-0162,MED-ITEM-0125,57,228,0.85,2026-09-09T06:44:00.000Z
DHA-FC-0126,MTF-0163,MED-ITEM-0126,46,92,0.83,2026-09-09T06:55:00.000Z
DHA-FC-0127,MTF-0164,MED-ITEM-0127,80,240,0.59,2026-09-09T07:06:00.000Z
DHA-FC-0128,MTF-0165,MED-ITEM-0128,46,92,0.81,2026-09-09T07:17:00.000Z
DHA-FC-0129,MTF-0166,MED-ITEM-0129,84,252,0.92,2026-09-09T07:28:00.000Z
DHA-FC-0130,MTF-0167,MED-ITEM-0130,65,195,0.83,2026-09-09T07:39:00.000Z
DHA-FC-0131,MTF-0168,MED-ITEM-0131,33,66,0.89,2026-09-09T07:50:00.000Z
DHA-FC-0132,MTF-0169,MED-ITEM-0132,65,260,0.54,2026-09-09T08:01:00.000Z
DHA-FC-0133,MTF-0170,MED-ITEM-0133,80,240,0.79,2026-09-09T08:12:00.000Z
DHA-FC-0134,MTF-0171,MED-ITEM-0134,48,96,0.92,2026-09-09T08:23:00.000Z
DHA-FC-0135,MTF-0172,MED-ITEM-0135,7,21,0.91,2026-09-09T08:34:00.000Z
DHA-FC-0136,MTF-0173,MED-ITEM-0136,79,316,0.87,2026-09-09T08:45:00.000Z
DHA-FC-0137,MTF-0174,MED-ITEM-0137,6,12,0.51,2026-09-09T08:56:00.000Z
DHA-FC-0138,MTF-0175,MED-ITEM-0138,37,111,0.85,2026-09-09T09:07:00.000Z
DHA-FC-0139,MTF-0176,MED-ITEM-0139,10,30,0.79,2026-09-09T09:18:00.000Z
DHA-FC-0140,MTF-0177,MED-ITEM-0140,34,136,0.87,2026-09-09T09:29:00.000Z
DHA-FC-0141,MTF-0178,MED-ITEM-0141,64,192,0.81,2026-09-09T09:40:00.000Z
DHA-FC-0142,MTF-0179,MED-ITEM-0142,56,112,0.49,2026-09-09T09:51:00.000Z
DHA-FC-0143,MTF-0180,MED-ITEM-0143,63,126,0.8,2026-09-09T10:02:00.000Z
DHA-FC-0144,MTF-0181,MED-ITEM-0144,30,120,0.83,2026-09-09T10:13:00.000Z
DHA-FC-0145,MTF-0182,MED-ITEM-0145,15,60,0.77,2026-09-09T10:24:00.000Z
DHA-FC-0146,MTF-0183,MED-ITEM-0146,9,36,0.88,2026-09-09T10:35:00.000Z
DHA-FC-0147,MTF-0184,MED-ITEM-0147,80,320,0.65,2026-09-09T10:46:00.000Z
DHA-FC-0148,MTF-0185,MED-ITEM-0148,25,50,0.95,2026-09-09T10:57:00.000Z
DHA-FC-0149,MTF-0186,MED-ITEM-0149,6,12,0.81,2026-09-09T11:08:00.000Z
DHA-FC-0150,MTF-0187,MED-ITEM-0150,63,126,0.89,2026-09-09T11:19:00.000Z
DHA-FC-0151,MTF-0188,MED-ITEM-0151,48,144,0.95,2026-09-09T11:30:00.000Z
DHA-FC-0152,MTF-0189,MED-ITEM-0152,12,48,0.56,2026-09-09T11:41:00.000Z
DHA-FC-0153,MTF-0190,MED-ITEM-0153,11,33,0.94,2026-09-09T11:52:00.000Z
DHA-FC-0154,MTF-0191,MED-ITEM-0154,80,160,0.9,2026-09-09T12:03:00.000Z
DHA-FC-0155,MTF-0192,MED-ITEM-0155,26,104,0.85,2026-09-09T12:14:00.000Z
DHA-FC-0156,MTF-0193,MED-ITEM-0156,57,114,0.9,2026-09-09T12:25:00.000Z
DHA-FC-0157,MTF-0194,MED-ITEM-0157,59,118,0.65,2026-09-09T12:36:00.000Z
DHA-FC-0158,MTF-0195,MED-ITEM-0158,47,141,0.89,2026-09-09T12:47:00.000Z
DHA-FC-0159,MTF-0196,MED-ITEM-0159,87,348,0.78,2026-09-09T12:58:00.000Z
DHA-FC-0160,MTF-0197,MED-ITEM-0160,57,114,0.78,2026-09-09T13:09:00.000Z
DHA-FC-0161,MTF-0198,MED-ITEM-0161,8,16,0.81,2026-09-09T13:20:00.000Z
DHA-FC-0162,MTF-0199,MED-ITEM-0162,5,10,0.55,2026-09-09T13:31:00.000Z
DHA-FC-0163,MTF-0200,MED-ITEM-0163,79,237,0.83,2026-09-09T13:42:00.000Z
DHA-FC-0164,MTF-0201,MED-ITEM-0164,11,33,0.83,2026-09-09T13:53:00.000Z
DHA-FC-0165,MTF-0202,MED-ITEM-0165,70,140,0.82,2026-09-09T14:04:00.000Z
DHA-FC-0166,MTF-0203,MED-ITEM-0166,17,51,0.92,2026-09-09T14:15:00.000Z
DHA-FC-0167,MTF-0204,MED-ITEM-0167,9,18,0.62,2026-09-09T14:26:00.000Z
DHA-FC-0168,MTF-0205,MED-ITEM-0168,12,24,0.91,2026-09-09T14:37:00.000Z
DHA-FC-0169,MTF-0206,MED-ITEM-0169,15,30,0.85,2026-09-09T14:48:00.000Z
DHA-FC-0170,MTF-0207,MED-ITEM-0170,14,28,0.84,2026-09-09T14:59:00.000Z
DHA-FC-0171,MTF-0208,MED-ITEM-0171,89,267,0.81,2026-09-09T15:10:00.000Z
DHA-FC-0172,MTF-0209,MED-ITEM-0172,33,132,0.62,2026-09-09T15:21:00.000Z
DHA-FC-0173,MTF-0210,MED-ITEM-0173,19,57,0.76,2026-09-09T15:32:00.000Z
DHA-FC-0174,MTF-0211,MED-ITEM-0174,9,36,0.95,2026-09-09T15:43:00.000Z
DHA-FC-0175,MTF-0212,MED-ITEM-0175,81,243,0.79,2026-09-09T15:54:00.000Z
DHA-FC-0176,MTF-0213,MED-ITEM-0176,45,90,0.82,2026-09-09T16:05:00.000Z
DHA-FC-0177,MTF-0214,MED-ITEM-0177,31,93,0.67,2026-09-09T16:16:00.000Z
DHA-FC-0178,MTF-0215,MED-ITEM-0178,45,135,0.89,2026-09-09T16:27:00.000Z
DHA-FC-0179,MTF-0216,MED-ITEM-0179,57,171,0.88,2026-09-09T16:38:00.000Z
DHA-FC-0180,MTF-0217,MED-ITEM-0180,68,204,0.9,2026-09-09T16:49:00.000Z
DHA-FC-0181,MTF-0218,MED-ITEM-0181,41,123,0.86,2026-09-09T17:00:00.000Z
DHA-FC-0182,MTF-0219,MED-ITEM-0182,60,120,0.53,2026-09-09T17:11:00.000Z
DHA-FC-0183,MTF-0220,MED-ITEM-0183,85,255,0.82,2026-09-09T17:22:00.000Z
DHA-FC-0184,MTF-0221,MED-ITEM-0184,36,72,0.83,2026-09-09T17:33:00.000Z
DHA-FC-0185,MTF-0222,MED-ITEM-0185,65,195,0.89,2026-09-09T17:44:00.000Z
DHA-FC-0186,MTF-0223,MED-ITEM-0186,52,104,0.8,2026-09-09T17:55:00.000Z
DHA-FC-0187,MTF-0224,MED-ITEM-0187,51,153,0.59,2026-09-09T18:06:00.000Z
DHA-FC-0188,MTF-0225,MED-ITEM-0188,6,12,0.93,2026-09-09T18:17:00.000Z
DHA-FC-0189,MTF-0226,MED-ITEM-0189,52,156,0.8,2026-09-09T18:28:00.000Z
DHA-FC-0190,MTF-0227,MED-ITEM-0190,42,84,0.87,2026-09-09T18:39:00.000Z
DHA-FC-0191,MTF-0228,MED-ITEM-0191,25,100,0.79,2026-09-09T18:50:00.000Z
DHA-FC-0192,MTF-0229,MED-ITEM-0192,6,12,0.59,2026-09-09T19:01:00.000Z
DHA-FC-0193,MTF-0230,MED-ITEM-0193,9,27,0.79,2026-09-09T19:12:00.000Z
DHA-FC-0194,MTF-0231,MED-ITEM-0194,27,108,0.81,2026-09-09T19:23:00.000Z
DHA-FC-0195,MTF-0232,MED-ITEM-0195,13,52,0.84,2026-09-09T19:34:00.000Z
DHA-FC-0196,MTF-0233,MED-ITEM-0196,13,39,0.77,2026-09-09T19:45:00.000Z
DHA-FC-0197,MTF-0234,MED-ITEM-0197,6,12,0.58,2026-09-09T19:56:00.000Z
DHA-FC-0198,MTF-0235,MED-ITEM-0198,71,213,0.96,2026-09-09T20:07:00.000Z
DHA-FC-0199,MTF-0236,MED-ITEM-0199,39,156,0.86,2026-09-09T20:18:00.000Z
DHA-FC-0200,MTF-0237,MED-ITEM-0200,33,66,0.82,2026-09-09T20:29:00.000Z
DHA-FC-0201,MTF-0238,MED-ITEM-0201,56,224,0.86,2026-09-09T20:40:00.000Z
DHA-FC-0202,MTF-0239,MED-ITEM-0202,61,183,0.65,2026-09-09T20:51:00.000Z
DHA-FC-0203,MTF-0240,MED-ITEM-0203,77,154,0.86,2026-09-09T21:02:00.000Z
DHA-FC-0204,MTF-0241,MED-ITEM-0204,79,158,0.92,2026-09-09T21:13:00.000Z
DHA-FC-0205,MTF-0242,MED-ITEM-0205,85,340,0.96,2026-09-09T21:24:00.000Z
DHA-FC-0206,MTF-0243,MED-ITEM-0206,20,80,0.85,2026-09-09T21:35:00.000Z
DHA-FC-0207,MTF-0244,MED-ITEM-0207,29,116,0.56,2026-09-09T21:46:00.000Z
DHA-FC-0208,MTF-0245,MED-ITEM-0208,9,27,0.85,2026-09-09T21:57:00.000Z
DHA-FC-0209,MTF-0246,MED-ITEM-0209,29,58,0.92,2026-09-09T22:08:00.000Z
DHA-FC-0210,MTF-0247,MED-ITEM-0210,31,124,0.89,2026-09-09T22:19:00.000Z
DHA-FC-0211,MTF-0248,MED-ITEM-0211,84,252,0.82,2026-09-09T22:30:00.000Z
DHA-FC-0212,MTF-0249,MED-ITEM-0212,12,24,0.62,2026-09-09T22:41:00.000Z
DHA-FC-0213,MTF-0250,MED-ITEM-0213,64,256,0.79,2026-09-09T22:52:00.000Z
DHA-FC-0214,MTF-0251,MED-ITEM-0214,15,60,0.76,2026-09-09T23:03:00.000Z
DHA-FC-0215,MTF-0252,MED-ITEM-0215,65,195,0.83,2026-09-09T23:14:00.000Z
DHA-FC-0216,MTF-0253,MED-ITEM-0216,83,166,0.79,2026-09-09T23:25:00.000Z
DHA-FC-0217,MTF-0254,MED-ITEM-0217,21,42,0.5,2026-09-09T23:36:00.000Z
DHA-FC-0218,MTF-0255,MED-ITEM-0218,14,28,0.93,2026-09-09T23:47:00.000Z
DHA-FC-0219,MTF-0256,MED-ITEM-0219,39,117,0.9,2026-09-09T23:58:00.000Z
DHA-FC-0220,MTF-0257,MED-ITEM-0220,39,156,0.82,2026-09-10T00:09:00.000Z
DHA-FC-0221,MTF-0258,MED-ITEM-0221,76,304,0.81,2026-09-10T00:20:00.000Z
DHA-FC-0222,MTF-0259,MED-ITEM-0222,46,138,0.66,2026-09-10T00:31:00.000Z
DHA-FC-0223,MTF-0260,MED-ITEM-0223,68,136,0.9,2026-09-10T00:42:00.000Z
DHA-FC-0224,MTF-0261,MED-ITEM-0224,78,312,0.89,2026-09-10T00:53:00.000Z
DHA-FC-0225,MTF-0262,MED-ITEM-0225,36,144,0.82,2026-09-10T01:04:00.000Z
DHA-FC-0226,MTF-0263,MED-ITEM-0226,73,292,0.78,2026-09-10T01:15:00.000Z
DHA-FC-0227,MTF-0264,MED-ITEM-0227,26,104,0.5,2026-09-10T01:26:00.000Z
DHA-FC-0228,MTF-0265,MED-ITEM-0228,31,62,0.78,2026-09-10T01:37:00.000Z
DHA-FC-0229,MTF-0266,MED-ITEM-0229,22,44,0.88,2026-09-10T01:48:00.000Z
DHA-FC-0230,MTF-0267,MED-ITEM-0230,47,141,0.9,2026-09-10T01:59:00.000Z
DHA-FC-0231,MTF-0268,MED-ITEM-0231,5,10,0.96,2026-09-10T02:10:00.000Z
DHA-FC-0232,MTF-0269,MED-ITEM-0232,35,70,0.55,2026-09-10T02:21:00.000Z
DHA-FC-0233,MTF-0270,MED-ITEM-0233,83,332,0.89,2026-09-10T02:32:00.000Z
DHA-FC-0234,MTF-0271,MED-ITEM-0234,83,249,0.84,2026-09-10T02:43:00.000Z
DHA-FC-0235,MTF-0272,MED-ITEM-0235,27,81,0.92,2026-09-10T02:54:00.000Z
DHA-FC-0236,MTF-0273,MED-ITEM-0236,27,81,0.85,2026-09-10T03:05:00.000Z
DHA-FC-0237,MTF-0274,MED-ITEM-0237,51,204,0.49,2026-09-10T03:16:00.000Z
DHA-FC-0238,MTF-0275,MED-ITEM-0238,30,90,0.92,2026-09-10T03:27:00.000Z
DHA-FC-0239,MTF-0276,MED-ITEM-0239,63,126,0.81,2026-09-10T03:38:00.000Z
DHA-FC-0240,MTF-0277,MED-ITEM-0240,70,280,0.82,2026-09-10T03:49:00.000Z
DHA-FC-0241,MTF-0278,MED-ITEM-0241,41,164,0.87,2026-09-10T04:00:00.000Z
DHA-FC-0242,MTF-0279,MED-ITEM-0242,39,117,0.55,2026-09-10T04:11:00.000Z
DHA-FC-0243,MTF-0280,MED-ITEM-0243,67,134,0.81,2026-09-10T04:22:00.000Z
DHA-FC-0244,MTF-0281,MED-ITEM-0244,72,288,0.84,2026-09-10T04:33:00.000Z
DHA-FC-0245,MTF-0282,MED-ITEM-0245,27,108,0.96,2026-09-10T04:44:00.000Z
DHA-FC-0246,MTF-0283,MED-ITEM-0246,10,40,0.88,2026-09-10T04:55:00.000Z
DHA-FC-0247,MTF-0284,MED-ITEM-0247,32,64,0.68,2026-09-10T05:06:00.000Z
DHA-FC-0248,MTF-0285,MED-ITEM-0248,73,219,0.76,2026-09-10T05:17:00.000Z
DHA-FC-0249,MTF-0286,MED-ITEM-0249,65,260,0.83,2026-09-10T05:28:00.000Z
DHA-FC-0250,MTF-0287,MED-ITEM-0250,65,260,0.94,2026-09-10T05:39:00.000Z
DHA-FC-0251,MTF-0288,MED-ITEM-0251,83,166,0.93,2026-09-10T05:50:00.000Z
DHA-FC-0252,MTF-0289,MED-ITEM-0252,70,280,0.49,2026-09-10T06:01:00.000Z
DHA-FC-0253,MTF-0290,MED-ITEM-0253,57,228,0.86,2026-09-10T06:12:00.000Z
DHA-FC-0254,MTF-0291,MED-ITEM-0254,55,220,0.93,2026-09-10T06:23:00.000Z
DHA-FC-0255,MTF-0292,MED-ITEM-0255,49,147,0.92,2026-09-10T06:34:00.000Z
DHA-FC-0256,MTF-0293,MED-ITEM-0256,84,168,0.93,2026-09-10T06:45:00.000Z
DHA-FC-0257,MTF-0294,MED-ITEM-0257,75,225,0.69,2026-09-10T06:56:00.000Z
DHA-FC-0258,MTF-0295,MED-ITEM-0258,44,88,0.76,2026-09-10T07:07:00.000Z
DHA-FC-0259,MTF-0296,MED-ITEM-0259,39,117,0.86,2026-09-10T07:18:00.000Z
DHA-FC-0260,MTF-0297,MED-ITEM-0260,58,232,0.83,2026-09-10T07:29:00.000Z
DHA-FC-0261,MTF-0298,MED-ITEM-0261,12,48,0.91,2026-09-10T07:40:00.000Z
DHA-FC-0262,MTF-0299,MED-ITEM-0262,56,112,0.53,2026-09-10T07:51:00.000Z
DHA-FC-0263,MTF-0300,MED-ITEM-0263,40,80,0.87,2026-09-10T08:02:00.000Z
DHA-FC-0264,MTF-0301,MED-ITEM-0264,8,16,0.89,2026-09-10T08:13:00.000Z
DHA-FC-0265,MTF-0302,MED-ITEM-0265,43,86,0.83,2026-09-10T08:24:00.000Z
DHA-FC-0266,MTF-0303,MED-ITEM-0266,73,146,0.87,2026-09-10T08:35:00.000Z
DHA-FC-0267,MTF-0304,MED-ITEM-0267,23,46,0.6,2026-09-10T08:46:00.000Z
DHA-FC-0268,MTF-0305,MED-ITEM-0268,66,132,0.88,2026-09-10T08:57:00.000Z
DHA-FC-0269,MTF-0306,MED-ITEM-0269,26,104,0.93,2026-09-10T09:08:00.000Z
DHA-FC-0270,MTF-0307,MED-ITEM-0270,46,184,0.91,2026-09-10T09:19:00.000Z
DHA-FC-0271,MTF-0308,MED-ITEM-0271,83,332,0.8,2026-09-10T09:30:00.000Z
DHA-FC-0272,MTF-0309,MED-ITEM-0272,87,174,0.61,2026-09-10T09:41:00.000Z
DHA-FC-0273,MTF-0310,MED-ITEM-0273,52,104,0.86,2026-09-10T09:52:00.000Z
DHA-FC-0274,MTF-0311,MED-ITEM-0274,15,45,0.89,2026-09-10T10:03:00.000Z
DHA-FC-0275,MTF-0312,MED-ITEM-0275,67,268,0.95,2026-09-10T10:14:00.000Z
DHA-FC-0276,MTF-0313,MED-ITEM-0276,64,192,0.86,2026-09-10T10:25:00.000Z
DHA-FC-0277,MTF-0314,MED-ITEM-0277,69,138,0.5,2026-09-10T10:36:00.000Z
DHA-FC-0278,MTF-0315,MED-ITEM-0278,61,244,0.87,2026-09-10T10:47:00.000Z
DHA-FC-0279,MTF-0316,MED-ITEM-0279,75,300,0.86,2026-09-10T10:58:00.000Z
DHA-FC-0280,MTF-0317,MED-ITEM-0280,22,88,0.94,2026-09-10T11:09:00.000Z
DHA-FC-0281,MTF-0318,MED-ITEM-0281,38,152,0.89,2026-09-10T11:20:00.000Z
DHA-FC-0282,MTF-0319,MED-ITEM-0282,47,188,0.53,2026-09-10T11:31:00.000Z
DHA-FC-0283,MTF-0320,MED-ITEM-0283,40,120,0.8,2026-09-10T11:42:00.000Z
DHA-FC-0284,MTF-0321,MED-ITEM-0284,90,270,0.89,2026-09-10T11:53:00.000Z
DHA-FC-0285,MTF-0322,MED-ITEM-0285,70,210,0.82,2026-09-10T12:04:00.000Z
DHA-FC-0286,MTF-0323,MED-ITEM-0286,45,135,0.8,2026-09-10T12:15:00.000Z
DHA-FC-0287,MTF-0324,MED-ITEM-0287,67,268,0.66,2026-09-10T12:26:00.000Z
DHA-FC-0288,MTF-0325,MED-ITEM-0288,61,122,0.9,2026-09-10T12:37:00.000Z
DHA-FC-0289,MTF-0326,MED-ITEM-0289,68,204,0.8,2026-09-10T12:48:00.000Z
DHA-FC-0290,MTF-0327,MED-ITEM-0290,56,112,0.81,2026-09-10T12:59:00.000Z
DHA-FC-0291,MTF-0328,MED-ITEM-0291,42,168,0.91,2026-09-10T13:10:00.000Z
DHA-FC-0292,MTF-0329,MED-ITEM-0292,34,68,0.61,2026-09-10T13:21:00.000Z
DHA-FC-0293,MTF-0330,MED-ITEM-0293,61,244,0.84,2026-09-10T13:32:00.000Z
DHA-FC-0294,MTF-0331,MED-ITEM-0294,66,264,0.92,2026-09-10T13:43:00.000Z
DHA-FC-0295,MTF-0332,MED-ITEM-0295,66,198,0.81,2026-09-10T13:54:00.000Z
DHA-FC-0296,MTF-0333,MED-ITEM-0296,40,80,0.95,2026-09-10T14:05:00.000Z
DHA-FC-0297,MTF-0334,MED-ITEM-0297,54,108,0.5,2026-09-10T14:16:00.000Z
DHA-FC-0298,MTF-0335,MED-ITEM-0298,23,46,0.79,2026-09-10T14:27:00.000Z
DHA-FC-0299,MTF-0336,MED-ITEM-0299,90,180,0.87,2026-09-10T14:38:00.000Z
DHA-FC-0300,MTF-0337,MED-ITEM-0300,32,128,0.92,2026-09-10T14:49:00.000Z
DHA-FC-0301,MTF-0338,MED-ITEM-0301,6,24,0.95,2026-09-10T15:00:00.000Z
DHA-FC-0302,MTF-0339,MED-ITEM-0302,56,112,0.57,2026-09-10T15:11:00.000Z
DHA-FC-0303,MTF-0340,MED-ITEM-0303,85,170,0.96,2026-09-10T15:22:00.000Z
DHA-FC-0304,MTF-0341,MED-ITEM-0304,60,180,0.84,2026-09-10T15:33:00.000Z
DHA-FC-0305,MTF-0342,MED-ITEM-0305,88,176,0.88,2026-09-10T15:44:00.000Z
DHA-FC-0306,MTF-0343,MED-ITEM-0306,32,128,0.91,2026-09-10T15:55:00.000Z
DHA-FC-0307,MTF-0344,MED-ITEM-0307,48,144,0.61,2026-09-10T16:06:00.000Z
DHA-FC-0308,MTF-0345,MED-ITEM-0308,9,18,0.88,2026-09-10T16:17:00.000Z
DHA-FC-0309,MTF-0346,MED-ITEM-0309,88,176,0.93,2026-09-10T16:28:00.000Z
DHA-FC-0310,MTF-0347,MED-ITEM-0310,39,78,0.8,2026-09-10T16:39:00.000Z
DHA-FC-0311,MTF-0348,MED-ITEM-0311,80,240,0.82,2026-09-10T16:50:00.000Z
DHA-FC-0312,MTF-0349,MED-ITEM-0312,48,192,0.61,2026-09-10T17:01:00.000Z
DHA-FC-0313,MTF-0350,MED-ITEM-0313,32,128,0.82,2026-09-10T17:12:00.000Z
DHA-FC-0314,MTF-0351,MED-ITEM-0314,64,192,0.85,2026-09-10T17:23:00.000Z
DHA-FC-0315,MTF-0352,MED-ITEM-0315,59,236,0.89,2026-09-10T17:34:00.000Z
DHA-FC-0316,MTF-0353,MED-ITEM-0316,81,243,0.79,2026-09-10T17:45:00.000Z
DHA-FC-0317,MTF-0354,MED-ITEM-0317,77,154,0.64,2026-09-10T17:56:00.000Z
DHA-FC-0318,MTF-0355,MED-ITEM-0318,58,116,0.95,2026-09-10T18:07:00.000Z
DHA-FC-0319,MTF-0356,MED-ITEM-0319,55,110,0.84,2026-09-10T18:18:00.000Z
DHA-FC-0320,MTF-0357,MED-ITEM-0320,15,45,0.79,2026-09-10T18:29:00.000Z
DHA-FC-0321,MTF-0358,MED-ITEM-0321,79,237,0.84,2026-09-10T18:40:00.000Z
DHA-FC-0322,MTF-0359,MED-ITEM-0322,14,56,0.51,2026-09-10T18:51:00.000Z
DHA-FC-0323,MTF-0360,MED-ITEM-0323,11,33,0.95,2026-09-10T19:02:00.000Z
DHA-FC-0324,MTF-0361,MED-ITEM-0324,19,38,0.92,2026-09-10T19:13:00.000Z
DHA-FC-0325,MTF-0362,MED-ITEM-0325,11,44,0.85,2026-09-10T19:24:00.000Z
DHA-FC-0326,MTF-0363,MED-ITEM-0326,63,189,0.86,2026-09-10T19:35:00.000Z
DHA-FC-0327,MTF-0364,MED-ITEM-0327,57,228,0.67,2026-09-10T19:46:00.000Z
DHA-FC-0328,MTF-0365,MED-ITEM-0328,62,124,0.88,2026-09-10T19:57:00.000Z
DHA-FC-0329,MTF-0366,MED-ITEM-0329,56,224,0.86,2026-09-10T20:08:00.000Z
DHA-FC-0330,MTF-0367,MED-ITEM-0330,16,64,0.94,2026-09-10T20:19:00.000Z
DHA-FC-0331,MTF-0368,MED-ITEM-0331,21,84,0.76,2026-09-10T20:30:00.000Z
DHA-FC-0332,MTF-0369,MED-ITEM-0332,11,22,0.51,2026-09-10T20:41:00.000Z
DHA-FC-0333,MTF-0370,MED-ITEM-0333,48,96,0.88,2026-09-10T20:52:00.000Z
DHA-FC-0334,MTF-0371,MED-ITEM-0334,25,75,0.82,2026-09-10T21:03:00.000Z
DHA-FC-0335,MTF-0372,MED-ITEM-0335,69,276,0.87,2026-09-10T21:14:00.000Z
DHA-FC-0336,MTF-0373,MED-ITEM-0336,45,90,0.95,2026-09-10T21:25:00.000Z
DHA-FC-0337,MTF-0374,MED-ITEM-0337,39,156,0.57,2026-09-10T21:36:00.000Z
DHA-FC-0338,MTF-0375,MED-ITEM-0338,38,76,0.92,2026-09-10T21:47:00.000Z
DHA-FC-0339,MTF-0376,MED-ITEM-0339,42,84,0.89,2026-09-10T21:58:00.000Z
DHA-FC-0340,MTF-0377,MED-ITEM-0340,49,98,0.81,2026-09-10T22:09:00.000Z
DHA-FC-0341,MTF-0378,MED-ITEM-0341,87,261,0.96,2026-09-10T22:20:00.000Z
DHA-FC-0342,MTF-0379,MED-ITEM-0342,7,14,0.66,2026-09-10T22:31:00.000Z
DHA-FC-0343,MTF-0380,MED-ITEM-0343,65,195,0.8,2026-09-10T22:42:00.000Z
DHA-FC-0344,MTF-0381,MED-ITEM-0344,20,60,0.9,2026-09-10T22:53:00.000Z
DHA-FC-0345,MTF-0382,MED-ITEM-0345,50,200,0.89,2026-09-10T23:04:00.000Z
DHA-FC-0346,MTF-0383,MED-ITEM-0346,44,176,0.9,2026-09-10T23:15:00.000Z
DHA-FC-0347,MTF-0384,MED-ITEM-0347,55,110,0.54,2026-09-10T23:26:00.000Z
DHA-FC-0348,MTF-0385,MED-ITEM-0348,15,30,0.77,2026-09-10T23:37:00.000Z
DHA-FC-0349,MTF-0386,MED-ITEM-0349,15,45,0.94,2026-09-10T23:48:00.000Z
DHA-FC-0350,MTF-0387,MED-ITEM-0350,27,108,0.87,2026-09-10T23:59:00.000Z
DHA-FC-0351,MTF-0388,MED-ITEM-0351,41,82,0.8,2026-09-11T00:10:00.000Z
DHA-FC-0352,MTF-0389,MED-ITEM-0352,6,18,0.56,2026-09-11T00:21:00.000Z
DHA-FC-0353,MTF-0390,MED-ITEM-0353,41,82,0.89,2026-09-11T00:32:00.000Z
DHA-FC-0354,MTF-0391,MED-ITEM-0354,35,140,0.82,2026-09-11T00:43:00.000Z
DHA-FC-0355,MTF-0392,MED-ITEM-0355,80,320,0.79,2026-09-11T00:54:00.000Z
DHA-FC-0356,MTF-0393,MED-ITEM-0356,21,84,0.91,2026-09-11T01:05:00.000Z
DHA-FC-0357,MTF-0394,MED-ITEM-0357,67,134,0.69,2026-09-11T01:16:00.000Z
DHA-FC-0358,MTF-0395,MED-ITEM-0358,59,177,0.82,2026-09-11T01:27:00.000Z
DHA-FC-0359,MTF-0396,MED-ITEM-0359,35,105,0.95,2026-09-11T01:38:00.000Z
DHA-FC-0360,MTF-0397,MED-ITEM-0360,12,36,0.92,2026-09-11T01:49:00.000Z
DHA-FC-0361,MTF-0398,MED-ITEM-0361,72,144,0.8,2026-09-11T02:00:00.000Z
DHA-FC-0362,MTF-0399,MED-ITEM-0362,46,92,0.49,2026-09-11T02:11:00.000Z
DHA-FC-0363,MTF-0400,MED-ITEM-0363,71,284,0.88,2026-09-11T02:22:00.000Z
DHA-FC-0364,MTF-0401,MED-ITEM-0364,76,228,0.78,2026-09-11T02:33:00.000Z
DHA-FC-0365,MTF-0402,MED-ITEM-0365,13,52,0.96,2026-09-11T02:44:00.000Z
DHA-FC-0366,MTF-0403,MED-ITEM-0366,73,219,0.81,2026-09-11T02:55:00.000Z
DHA-FC-0367,MTF-0404,MED-ITEM-0367,45,90,0.67,2026-09-11T03:06:00.000Z
DHA-FC-0368,MTF-0405,MED-ITEM-0368,65,130,0.92,2026-09-11T03:17:00.000Z
DHA-FC-0369,MTF-0406,MED-ITEM-0369,8,32,0.78,2026-09-11T03:28:00.000Z
DHA-FC-0370,MTF-0407,MED-ITEM-0370,23,46,0.79,2026-09-11T03:39:00.000Z
DHA-FC-0371,MTF-0408,MED-ITEM-0371,67,268,0.8,2026-09-11T03:50:00.000Z
DHA-FC-0372,MTF-0409,MED-ITEM-0372,15,30,0.51,2026-09-11T04:01:00.000Z
DHA-FC-0373,MTF-0410,MED-ITEM-0373,86,258,0.87,2026-09-11T04:12:00.000Z
DHA-FC-0374,MTF-0411,MED-ITEM-0374,52,208,0.89,2026-09-11T04:23:00.000Z
DHA-FC-0375,MTF-0412,MED-ITEM-0375,13,39,0.92,2026-09-11T04:34:00.000Z
DHA-FC-0376,MTF-0413,MED-ITEM-0376,79,316,0.84,2026-09-11T04:45:00.000Z
DHA-FC-0377,MTF-0414,MED-ITEM-0377,7,28,0.51,2026-09-11T04:56:00.000Z
DHA-FC-0378,MTF-0415,MED-ITEM-0378,8,32,0.93,2026-09-11T05:07:00.000Z
DHA-FC-0379,MTF-0416,MED-ITEM-0379,60,120,0.94,2026-09-11T05:18:00.000Z
DHA-FC-0380,MTF-0417,MED-ITEM-0380,27,108,0.86,2026-09-11T05:29:00.000Z
DHA-FC-0381,MTF-0418,MED-ITEM-0381,53,159,0.88,2026-09-11T05:40:00.000Z
DHA-FC-0382,MTF-0419,MED-ITEM-0382,42,168,0.66,2026-09-11T05:51:00.000Z
DHA-FC-0383,MTF-0420,MED-ITEM-0383,56,112,0.81,2026-09-11T06:02:00.000Z
DHA-FC-0384,MTF-0421,MED-ITEM-0384,67,268,0.91,2026-09-11T06:13:00.000Z
DHA-FC-0385,MTF-0422,MED-ITEM-0385,11,44,0.9,2026-09-11T06:24:00.000Z
DHA-FC-0386,MTF-0423,MED-ITEM-0386,27,81,0.84,2026-09-11T06:35:00.000Z
DHA-FC-0387,MTF-0424,MED-ITEM-0387,23,69,0.53,2026-09-11T06:46:00.000Z
DHA-FC-0388,MTF-0425,MED-ITEM-0388,81,243,0.84,2026-09-11T06:57:00.000Z
DHA-FC-0389,MTF-0426,MED-ITEM-0389,21,42,0.85,2026-09-11T07:08:00.000Z
DHA-FC-0390,MTF-0427,MED-ITEM-0390,87,348,0.78,2026-09-11T07:19:00.000Z
DHA-FC-0391,MTF-0428,MED-ITEM-0391,72,216,0.9,2026-09-11T07:30:00.000Z
DHA-FC-0392,MTF-0429,MED-ITEM-0392,16,64,0.58,2026-09-11T07:41:00.000Z
DHA-FC-0393,MTF-0430,MED-ITEM-0393,35,70,0.95,2026-09-11T07:52:00.000Z
DHA-FC-0394,MTF-0431,MED-ITEM-0394,26,52,0.85,2026-09-11T08:03:00.000Z
DHA-FC-0395,MTF-0432,MED-ITEM-0395,5,15,0.86,2026-09-11T08:14:00.000Z
DHA-FC-0396,MTF-0433,MED-ITEM-0396,38,152,0.92,2026-09-11T08:25:00.000Z
DHA-FC-0397,MTF-0434,MED-ITEM-0397,77,154,0.5,2026-09-11T08:36:00.000Z
DHA-FC-0398,MTF-0435,MED-ITEM-0398,41,164,0.88,2026-09-11T08:47:00.000Z
DHA-FC-0399,MTF-0436,MED-ITEM-0399,26,52,0.85,2026-09-11T08:58:00.000Z
DHA-FC-0400,MTF-0437,MED-ITEM-0400,29,87,0.92,2026-09-11T09:09:00.000Z
DHA-FC-0401,MTF-0438,MED-ITEM-0401,49,196,0.82,2026-09-11T09:20:00.000Z
DHA-FC-0402,MTF-0439,MED-ITEM-0402,23,69,0.55,2026-09-11T09:31:00.000Z
DHA-FC-0403,MTF-0440,MED-ITEM-0403,41,164,0.88,2026-09-11T09:42:00.000Z
DHA-FC-0404,MTF-0441,MED-ITEM-0404,30,60,0.93,2026-09-11T09:53:00.000Z
DHA-FC-0405,MTF-0442,MED-ITEM-0405,36,144,0.95,2026-09-11T10:04:00.000Z
DHA-FC-0406,MTF-0443,MED-ITEM-0406,26,52,0.91,2026-09-11T10:15:00.000Z
DHA-FC-0407,MTF-0444,MED-ITEM-0407,43,129,0.56,2026-09-11T10:26:00.000Z
DHA-FC-0408,MTF-0445,MED-ITEM-0408,33,99,0.93,2026-09-11T10:37:00.000Z
DHA-FC-0409,MTF-0446,MED-ITEM-0409,68,136,0.84,2026-09-11T10:48:00.000Z
DHA-FC-0410,MTF-0447,MED-ITEM-0410,60,180,0.82,2026-09-11T10:59:00.000Z
DHA-FC-0411,MTF-0448,MED-ITEM-0411,46,92,0.87,2026-09-11T11:10:00.000Z
DHA-FC-0412,MTF-0449,MED-ITEM-0412,72,216,0.49,2026-09-11T11:21:00.000Z
DHA-FC-0413,MTF-0450,MED-ITEM-0413,77,231,0.84,2026-09-11T11:32:00.000Z
DHA-FC-0414,MTF-0451,MED-ITEM-0414,82,246,0.77,2026-09-11T11:43:00.000Z
DHA-FC-0415,MTF-0452,MED-ITEM-0415,54,108,0.9,2026-09-11T11:54:00.000Z
DHA-FC-0416,MTF-0453,MED-ITEM-0416,24,96,0.76,2026-09-11T12:05:00.000Z
DHA-FC-0417,MTF-0454,MED-ITEM-0417,86,172,0.63,2026-09-11T12:16:00.000Z
DHA-FC-0418,MTF-0455,MED-ITEM-0418,26,104,0.8,2026-09-11T12:27:00.000Z
DHA-FC-0419,MTF-0456,MED-ITEM-0419,29,58,0.8,2026-09-11T12:38:00.000Z
DHA-FC-0420,MTF-0457,MED-ITEM-0420,17,34,0.87,2026-09-11T12:49:00.000Z
DHA-FC-0421,MTF-0458,MED-ITEM-0421,26,78,0.9,2026-09-11T13:00:00.000Z
DHA-FC-0422,MTF-0459,MED-ITEM-0422,32,64,0.6,2026-09-11T13:11:00.000Z
DHA-FC-0423,MTF-0460,MED-ITEM-0423,32,64,0.95,2026-09-11T13:22:00.000Z
DHA-FC-0424,MTF-0461,MED-ITEM-0424,40,80,0.83,2026-09-11T13:33:00.000Z
DHA-FC-0425,MTF-0462,MED-ITEM-0425,45,180,0.87,2026-09-11T13:44:00.000Z
DHA-FC-0426,MTF-0463,MED-ITEM-0426,40,120,0.9,2026-09-11T13:55:00.000Z
DHA-FC-0427,MTF-0464,MED-ITEM-0427,46,92,0.54,2026-09-11T14:06:00.000Z
DHA-FC-0428,MTF-0465,MED-ITEM-0428,37,74,0.93,2026-09-11T14:17:00.000Z
DHA-FC-0429,MTF-0466,MED-ITEM-0429,49,147,0.92,2026-09-11T14:28:00.000Z
DHA-FC-0430,MTF-0467,MED-ITEM-0430,7,28,0.95,2026-09-11T14:39:00.000Z
DHA-FC-0431,MTF-0468,MED-ITEM-0431,35,140,0.89,2026-09-11T14:50:00.000Z
DHA-FC-0432,MTF-0469,MED-ITEM-0432,70,140,0.69,2026-09-11T15:01:00.000Z
DHA-FC-0433,MTF-0470,MED-ITEM-0433,86,258,0.83,2026-09-11T15:12:00.000Z
DHA-FC-0434,MTF-0471,MED-ITEM-0434,32,128,0.95,2026-09-11T15:23:00.000Z
DHA-FC-0435,MTF-0472,MED-ITEM-0435,40,120,0.93,2026-09-11T15:34:00.000Z
DHA-FC-0436,MTF-0473,MED-ITEM-0436,78,312,0.78,2026-09-11T15:45:00.000Z
DHA-FC-0437,MTF-0474,MED-ITEM-0437,78,234,0.66,2026-09-11T15:56:00.000Z
DHA-FC-0438,MTF-0475,MED-ITEM-0438,62,186,0.96,2026-09-11T16:07:00.000Z
DHA-FC-0439,MTF-0476,MED-ITEM-0439,65,260,0.76,2026-09-11T16:18:00.000Z
DHA-FC-0440,MTF-0477,MED-ITEM-0440,47,141,0.93,2026-09-11T16:29:00.000Z
DHA-FC-0441,MTF-0478,MED-ITEM-0441,53,159,0.94,2026-09-11T16:40:00.000Z
DHA-FC-0442,MTF-0479,MED-ITEM-0442,50,150,0.53,2026-09-11T16:51:00.000Z
DHA-FC-0443,MTF-0480,MED-ITEM-0443,14,42,0.92,2026-09-11T17:02:00.000Z
DHA-FC-0444,MTF-0481,MED-ITEM-0444,7,14,0.92,2026-09-11T17:13:00.000Z
DHA-FC-0445,MTF-0482,MED-ITEM-0445,33,66,0.94,2026-09-11T17:24:00.000Z
DHA-FC-0446,MTF-0483,MED-ITEM-0446,22,66,0.92,2026-09-11T17:35:00.000Z
DHA-FC-0447,MTF-0484,MED-ITEM-0447,83,332,0.67,2026-09-11T17:46:00.000Z
DHA-FC-0448,MTF-0485,MED-ITEM-0448,17,51,0.78,2026-09-11T17:57:00.000Z
DHA-FC-0449,MTF-0486,MED-ITEM-0449,56,112,0.86,2026-09-11T18:08:00.000Z
DHA-FC-0450,MTF-0487,MED-ITEM-0450,26,78,0.9,2026-09-11T18:19:00.000Z
DHA-FC-0451,MTF-0488,MED-ITEM-0451,16,48,0.93,2026-09-11T18:30:00.000Z
DHA-FC-0452,MTF-0489,MED-ITEM-0452,22,66,0.52,2026-09-11T18:41:00.000Z
DHA-FC-0453,MTF-0490,MED-ITEM-0453,82,328,0.92,2026-09-11T18:52:00.000Z
DHA-FC-0454,MTF-0491,MED-ITEM-0454,59,236,0.85,2026-09-11T19:03:00.000Z
DHA-FC-0455,MTF-0492,MED-ITEM-0455,87,261,0.84,2026-09-11T19:14:00.000Z
DHA-FC-0456,MTF-0493,MED-ITEM-0456,59,177,0.92,2026-09-11T19:25:00.000Z
DHA-FC-0457,MTF-0494,MED-ITEM-0457,26,52,0.68,2026-09-11T19:36:00.000Z
DHA-FC-0458,MTF-0495,MED-ITEM-0458,89,356,0.94,2026-09-11T19:47:00.000Z
DHA-FC-0459,MTF-0496,MED-ITEM-0459,16,48,0.78,2026-09-11T19:58:00.000Z
DHA-FC-0460,MTF-0497,MED-ITEM-0460,34,68,0.83,2026-09-11T20:09:00.000Z
DHA-FC-0461,MTF-0498,MED-ITEM-0461,58,116,0.89,2026-09-11T20:20:00.000Z
DHA-FC-0462,MTF-0499,MED-ITEM-0462,28,56,0.57,2026-09-11T20:31:00.000Z
DHA-FC-0463,MTF-0500,MED-ITEM-0463,13,26,0.82,2026-09-11T20:42:00.000Z
DHA-FC-0464,MTF-0501,MED-ITEM-0464,35,105,0.9,2026-09-11T20:53:00.000Z
DHA-FC-0465,MTF-0502,MED-ITEM-0465,79,158,0.77,2026-09-11T21:04:00.000Z
DHA-FC-0466,MTF-0503,MED-ITEM-0466,88,264,0.91,2026-09-11T21:15:00.000Z
DHA-FC-0467,MTF-0504,MED-ITEM-0467,37,74,0.52,2026-09-11T21:26:00.000Z
DHA-FC-0468,MTF-0505,MED-ITEM-0468,90,180,0.87,2026-09-11T21:37:00.000Z
DHA-FC-0469,MTF-0506,MED-ITEM-0469,25,50,0.82,2026-09-11T21:48:00.000Z
DHA-FC-0470,MTF-0507,MED-ITEM-0470,56,112,0.81,2026-09-11T21:59:00.000Z
DHA-FC-0471,MTF-0508,MED-ITEM-0471,39,78,0.83,2026-09-11T22:10:00.000Z
DHA-FC-0472,MTF-0509,MED-ITEM-0472,40,80,0.49,2026-09-11T22:21:00.000Z
DHA-FC-0473,MTF-0510,MED-ITEM-0473,36,72,0.84,2026-09-11T22:32:00.000Z
DHA-FC-0474,MTF-0511,MED-ITEM-0474,87,261,0.84,2026-09-11T22:43:00.000Z
DHA-FC-0475,MTF-0512,MED-ITEM-0475,81,243,0.91,2026-09-11T22:54:00.000Z
DHA-FC-0476,MTF-0513,MED-ITEM-0476,26,78,0.83,2026-09-11T23:05:00.000Z
DHA-FC-0477,MTF-0514,MED-ITEM-0477,14,42,0.55,2026-09-11T23:16:00.000Z
DHA-FC-0478,MTF-0515,MED-ITEM-0478,62,186,0.77,2026-09-11T23:27:00.000Z
DHA-FC-0479,MTF-0516,MED-ITEM-0479,22,66,0.85,2026-09-11T23:38:00.000Z
DHA-FC-0480,MTF-0517,MED-ITEM-0480,72,288,0.81,2026-09-11T23:49:00.000Z
DHA-FC-0481,MTF-0518,MED-ITEM-0481,10,40,0.86,2026-09-12T00:00:00.000Z
DHA-FC-0482,MTF-0519,MED-ITEM-0482,65,130,0.48,2026-09-12T00:11:00.000Z
DHA-FC-0483,MTF-0520,MED-ITEM-0483,58,116,0.79,2026-09-12T00:22:00.000Z
DHA-FC-0484,MTF-0521,MED-ITEM-0484,68,204,0.81,2026-09-12T00:33:00.000Z
DHA-FC-0485,MTF-0522,MED-ITEM-0485,32,96,0.81,2026-09-12T00:44:00.000Z
DHA-FC-0486,MTF-0523,MED-ITEM-0486,13,52,0.8,2026-09-12T00:55:00.000Z
DHA-FC-0487,MTF-0524,MED-ITEM-0487,28,84,0.54,2026-09-12T01:06:00.000Z
DHA-FC-0488,MTF-0525,MED-ITEM-0488,63,126,0.79,2026-09-12T01:17:00.000Z
DHA-FC-0489,MTF-0526,MED-ITEM-0489,72,216,0.78,2026-09-12T01:28:00.000Z
DHA-FC-0490,MTF-0527,MED-ITEM-0490,89,178,0.95,2026-09-12T01:39:00.000Z
DHA-FC-0491,MTF-0528,MED-ITEM-0491,24,96,0.83,2026-09-12T01:50:00.000Z
DHA-FC-0492,MTF-0529,MED-ITEM-0492,68,272,0.67,2026-09-12T02:01:00.000Z
DHA-FC-0493,MTF-0530,MED-ITEM-0493,31,62,0.8,2026-09-12T02:12:00.000Z
DHA-FC-0494,MTF-0531,MED-ITEM-0494,57,171,0.85,2026-09-12T02:23:00.000Z
DHA-FC-0495,MTF-0532,MED-ITEM-0495,82,328,0.81,2026-09-12T02:34:00.000Z
DHA-FC-0496,MTF-0533,MED-ITEM-0496,83,166,0.88,2026-09-12T02:45:00.000Z
DHA-FC-0497,MTF-0534,MED-ITEM-0497,28,84,0.67,2026-09-12T02:56:00.000Z
DHA-FC-0498,MTF-0535,MED-ITEM-0498,16,32,0.91,2026-09-12T03:07:00.000Z
DHA-FC-0499,MTF-0536,MED-ITEM-0499,76,152,0.88,2026-09-12T03:18:00.000Z
DHA-FC-0500,MTF-0537,MED-ITEM-0500,33,66,0.93,2026-09-12T03:29:00.000Z
DHA-FC-0501,MTF-0538,MED-ITEM-0501,55,165,0.9,2026-09-12T03:40:00.000Z
DHA-FC-0502,MTF-0539,MED-ITEM-0502,14,42,0.54,2026-09-12T03:51:00.000Z
DHA-FC-0503,MTF-0540,MED-ITEM-0503,62,186,0.93,2026-09-12T04:02:00.000Z
DHA-FC-0504,MTF-0541,MED-ITEM-0504,27,108,0.91,2026-09-12T04:13:00.000Z
DHA-FC-0505,MTF-0542,MED-ITEM-0505,84,336,0.9,2026-09-12T04:24:00.000Z
DHA-FC-0506,MTF-0543,MED-ITEM-0506,21,84,0.79,2026-09-12T04:35:00.000Z
DHA-FC-0507,MTF-0544,MED-ITEM-0507,45,135,0.65,2026-09-12T04:46:00.000Z
DHA-FC-0508,MTF-0545,MED-ITEM-0508,53,212,0.92,2026-09-12T04:57:00.000Z
DHA-FC-0509,MTF-0546,MED-ITEM-0509,86,172,0.93,2026-09-12T05:08:00.000Z
DHA-FC-0510,MTF-0547,MED-ITEM-0510,35,70,0.8,2026-09-12T05:19:00.000Z
DHA-FC-0511,MTF-0548,MED-ITEM-0511,19,38,0.79,2026-09-12T05:30:00.000Z
DHA-FC-0512,MTF-0549,MED-ITEM-0512,7,14,0.69,2026-09-12T05:41:00.000Z
DHA-FC-0513,MTF-0550,MED-ITEM-0513,75,225,0.9,2026-09-12T05:52:00.000Z
DHA-FC-0514,MTF-0551,MED-ITEM-0514,56,224,0.83,2026-09-12T06:03:00.000Z
DHA-FC-0515,MTF-0552,MED-ITEM-0515,41,123,0.91,2026-09-12T06:14:00.000Z
DHA-FC-0516,MTF-0553,MED-ITEM-0516,71,213,0.89,2026-09-12T06:25:00.000Z
DHA-FC-0517,MTF-0554,MED-ITEM-0517,84,252,0.64,2026-09-12T06:36:00.000Z
DHA-FC-0518,MTF-0555,MED-ITEM-0518,19,76,0.83,2026-09-12T06:47:00.000Z
DHA-FC-0519,MTF-0556,MED-ITEM-0519,42,168,0.89,2026-09-12T06:58:00.000Z
DHA-FC-0520,MTF-0557,MED-ITEM-0520,54,216,0.84,2026-09-12T07:09:00.000Z
DHA-FC-0521,MTF-0558,MED-ITEM-0521,13,39,0.76,2026-09-12T07:20:00.000Z
DHA-FC-0522,MTF-0559,MED-ITEM-0522,43,172,0.55,2026-09-12T07:31:00.000Z
DHA-FC-0523,MTF-0560,MED-ITEM-0523,34,68,0.76,2026-09-12T07:42:00.000Z
DHA-FC-0524,MTF-0561,MED-ITEM-0524,81,243,0.89,2026-09-12T07:53:00.000Z
DHA-FC-0525,MTF-0562,MED-ITEM-0525,44,176,0.9,2026-09-12T08:04:00.000Z
DHA-FC-0526,MTF-0563,MED-ITEM-0526,27,108,0.93,2026-09-12T08:15:00.000Z
DHA-FC-0527,MTF-0564,MED-ITEM-0527,25,50,0.62,2026-09-12T08:26:00.000Z
DHA-FC-0528,MTF-0565,MED-ITEM-0528,82,328,0.86,2026-09-12T08:37:00.000Z
DHA-FC-0529,MTF-0566,MED-ITEM-0529,59,236,0.93,2026-09-12T08:48:00.000Z
DHA-FC-0530,MTF-0567,MED-ITEM-0530,29,87,0.95,2026-09-12T08:59:00.000Z
DHA-FC-0531,MTF-0568,MED-ITEM-0531,18,36,0.79,2026-09-12T09:10:00.000Z
DHA-FC-0532,MTF-0569,MED-ITEM-0532,77,308,0.63,2026-09-12T09:21:00.000Z
DHA-FC-0533,MTF-0570,MED-ITEM-0533,15,30,0.9,2026-09-12T09:32:00.000Z
DHA-FC-0534,MTF-0571,MED-ITEM-0534,53,159,0.91,2026-09-12T09:43:00.000Z
DHA-FC-0535,MTF-0572,MED-ITEM-0535,20,40,0.88,2026-09-12T09:54:00.000Z
DHA-FC-0536,MTF-0573,MED-ITEM-0536,37,111,0.78,2026-09-12T10:05:00.000Z
DHA-FC-0537,MTF-0574,MED-ITEM-0537,5,10,0.6,2026-09-12T10:16:00.000Z
DHA-FC-0538,MTF-0575,MED-ITEM-0538,51,153,0.87,2026-09-12T10:27:00.000Z
DHA-FC-0539,MTF-0576,MED-ITEM-0539,79,158,0.96,2026-09-12T10:38:00.000Z
DHA-FC-0540,MTF-0577,MED-ITEM-0540,5,10,0.94,2026-09-12T10:49:00.000Z
DHA-FC-0541,MTF-0578,MED-ITEM-0541,35,105,0.84,2026-09-12T11:00:00.000Z
DHA-FC-0542,MTF-0579,MED-ITEM-0542,13,39,0.49,2026-09-12T11:11:00.000Z
DHA-FC-0543,MTF-0580,MED-ITEM-0543,53,106,0.94,2026-09-12T11:22:00.000Z
DHA-FC-0544,MTF-0581,MED-ITEM-0544,44,88,0.77,2026-09-12T11:33:00.000Z
DHA-FC-0545,MTF-0582,MED-ITEM-0545,72,288,0.88,2026-09-12T11:44:00.000Z
DHA-FC-0546,MTF-0583,MED-ITEM-0546,40,120,0.78,2026-09-12T11:55:00.000Z
DHA-FC-0547,MTF-0584,MED-ITEM-0547,12,36,0.58,2026-09-12T12:06:00.000Z
DHA-FC-0548,MTF-0585,MED-ITEM-0548,70,210,0.83,2026-09-12T12:17:00.000Z
DHA-FC-0549,MTF-0586,MED-ITEM-0549,29,58,0.87,2026-09-12T12:28:00.000Z
DHA-FC-0550,MTF-0587,MED-ITEM-0550,52,208,0.79,2026-09-12T12:39:00.000Z
DHA-FC-0551,MTF-0588,MED-ITEM-0551,17,34,0.81,2026-09-12T12:50:00.000Z
DHA-FC-0552,MTF-0589,MED-ITEM-0552,44,176,0.53,2026-09-12T13:01:00.000Z
DHA-FC-0553,MTF-0590,MED-ITEM-0553,19,38,0.93,2026-09-12T13:12:00.000Z
DHA-FC-0554,MTF-0591,MED-ITEM-0554,40,160,0.77,2026-09-12T13:23:00.000Z
DHA-FC-0555,MTF-0592,MED-ITEM-0555,38,152,0.87,2026-09-12T13:34:00.000Z
DHA-FC-0556,MTF-0593,MED-ITEM-0556,6,18,0.81,2026-09-12T13:45:00.000Z
DHA-FC-0557,MTF-0594,MED-ITEM-0557,63,189,0.54,2026-09-12T13:56:00.000Z
DHA-FC-0558,MTF-0595,MED-ITEM-0558,20,40,0.94,2026-09-12T14:07:00.000Z
DHA-FC-0559,MTF-0596,MED-ITEM-0559,63,252,0.94,2026-09-12T14:18:00.000Z
DHA-FC-0560,MTF-0597,MED-ITEM-0560,45,90,0.88,2026-09-12T14:29:00.000Z
DHA-FC-0561,MTF-0598,MED-ITEM-0561,78,234,0.86,2026-09-12T14:40:00.000Z
DHA-FC-0562,MTF-0599,MED-ITEM-0562,40,160,0.6,2026-09-12T14:51:00.000Z
DHA-FC-0563,MTF-0600,MED-ITEM-0563,49,98,0.91,2026-09-12T15:02:00.000Z
DHA-FC-0564,MTF-0601,MED-ITEM-0564,82,164,0.95,2026-09-12T15:13:00.000Z
DHA-FC-0565,MTF-0602,MED-ITEM-0565,30,120,0.83,2026-09-12T15:24:00.000Z
DHA-FC-0566,MTF-0603,MED-ITEM-0566,50,200,0.78,2026-09-12T15:35:00.000Z
DHA-FC-0567,MTF-0604,MED-ITEM-0567,23,46,0.57,2026-09-12T15:46:00.000Z
DHA-FC-0568,MTF-0605,MED-ITEM-0568,27,81,0.95,2026-09-12T15:57:00.000Z
DHA-FC-0569,MTF-0606,MED-ITEM-0569,32,128,0.76,2026-09-12T16:08:00.000Z
DHA-FC-0570,MTF-0607,MED-ITEM-0570,30,120,0.81,2026-09-12T16:19:00.000Z
DHA-FC-0571,MTF-0608,MED-ITEM-0571,39,156,0.89,2026-09-12T16:30:00.000Z
DHA-FC-0572,MTF-0609,MED-ITEM-0572,47,141,0.63,2026-09-12T16:41:00.000Z
DHA-FC-0573,MTF-0610,MED-ITEM-0573,47,188,0.92,2026-09-12T16:52:00.000Z
DHA-FC-0574,MTF-0611,MED-ITEM-0574,50,150,0.92,2026-09-12T17:03:00.000Z
DHA-FC-0575,MTF-0612,MED-ITEM-0575,26,78,0.96,2026-09-12T17:14:00.000Z
DHA-FC-0576,MTF-0613,MED-ITEM-0576,27,81,0.85,2026-09-12T17:25:00.000Z
DHA-FC-0577,MTF-0614,MED-ITEM-0577,36,72,0.55,2026-09-12T17:36:00.000Z
DHA-FC-0578,MTF-0615,MED-ITEM-0578,16,32,0.92,2026-09-12T17:47:00.000Z
DHA-FC-0579,MTF-0616,MED-ITEM-0579,85,340,0.95,2026-09-12T17:58:00.000Z
DHA-FC-0580,MTF-0617,MED-ITEM-0580,48,192,0.83,2026-09-12T18:09:00.000Z
DHA-FC-0581,MTF-0618,MED-ITEM-0581,24,48,0.95,2026-09-12T18:20:00.000Z
DHA-FC-0582,MTF-0619,MED-ITEM-0582,25,75,0.65,2026-09-12T18:31:00.000Z
DHA-FC-0583,MTF-0620,MED-ITEM-0583,68,136,0.86,2026-09-12T18:42:00.000Z
DHA-FC-0584,MTF-0621,MED-ITEM-0584,59,236,0.81,2026-09-12T18:53:00.000Z
DHA-FC-0585,MTF-0622,MED-ITEM-0585,84,168,0.94,2026-09-12T19:04:00.000Z
DHA-FC-0586,MTF-0623,MED-ITEM-0586,86,172,0.95,2026-09-12T19:15:00.000Z
DHA-FC-0587,MTF-0624,MED-ITEM-0587,56,112,0.65,2026-09-12T19:26:00.000Z
DHA-FC-0588,MTF-0625,MED-ITEM-0588,23,46,0.94,2026-09-12T19:37:00.000Z
DHA-FC-0589,MTF-0626,MED-ITEM-0589,26,104,0.95,2026-09-12T19:48:00.000Z
DHA-FC-0590,MTF-0627,MED-ITEM-0590,15,45,0.79,2026-09-12T19:59:00.000Z
DHA-FC-0591,MTF-0628,MED-ITEM-0591,80,320,0.85,2026-09-12T20:10:00.000Z
DHA-FC-0592,MTF-0629,MED-ITEM-0592,37,148,0.54,2026-09-12T20:21:00.000Z
DHA-FC-0593,MTF-0630,MED-ITEM-0593,29,87,0.77,2026-09-12T20:32:00.000Z
DHA-FC-0594,MTF-0631,MED-ITEM-0594,6,24,0.95,2026-09-12T20:43:00.000Z
DHA-FC-0595,MTF-0632,MED-ITEM-0595,85,170,0.83,2026-09-12T20:54:00.000Z
DHA-FC-0596,MTF-0633,MED-ITEM-0596,30,60,0.79,2026-09-12T21:05:00.000Z
DHA-FC-0597,MTF-0634,MED-ITEM-0597,71,142,0.69,2026-09-12T21:16:00.000Z
DHA-FC-0598,MTF-0635,MED-ITEM-0598,83,249,0.91,2026-09-12T21:27:00.000Z
DHA-FC-0599,MTF-0636,MED-ITEM-0599,57,228,0.93,2026-09-12T21:38:00.000Z
DHA-FC-0600,MTF-0637,MED-ITEM-0600,47,188,0.77,2026-09-12T21:49:00.000Z
DHA-FC-0601,MTF-0638,MED-ITEM-0601,51,204,0.95,2026-09-12T22:00:00.000Z
DHA-FC-0602,MTF-0639,MED-ITEM-0602,73,219,0.6,2026-09-12T22:11:00.000Z
DHA-FC-0603,MTF-0640,MED-ITEM-0603,67,268,0.89,2026-09-12T22:22:00.000Z
DHA-FC-0604,MTF-0641,MED-ITEM-0604,75,225,0.76,2026-09-12T22:33:00.000Z
DHA-FC-0605,MTF-0642,MED-ITEM-0605,28,56,0.89,2026-09-12T22:44:00.000Z
DHA-FC-0606,MTF-0643,MED-ITEM-0606,5,15,0.76,2026-09-12T22:55:00.000Z
DHA-FC-0607,MTF-0644,MED-ITEM-0607,17,34,0.63,2026-09-12T23:06:00.000Z
DHA-FC-0608,MTF-0645,MED-ITEM-0608,28,84,0.85,2026-09-12T23:17:00.000Z
DHA-FC-0609,MTF-0646,MED-ITEM-0609,38,114,0.89,2026-09-12T23:28:00.000Z
DHA-FC-0610,MTF-0647,MED-ITEM-0610,30,60,0.78,2026-09-12T23:39:00.000Z
DHA-FC-0611,MTF-0648,MED-ITEM-0611,18,36,0.94,2026-09-12T23:50:00.000Z
DHA-FC-0612,MTF-0649,MED-ITEM-0612,25,50,0.62,2026-09-13T00:01:00.000Z
DHA-FC-0613,MTF-0650,MED-ITEM-0613,68,204,0.92,2026-09-13T00:12:00.000Z
DHA-FC-0614,MTF-0651,MED-ITEM-0614,46,184,0.85,2026-09-13T00:23:00.000Z
DHA-FC-0615,MTF-0652,MED-ITEM-0615,13,52,0.85,2026-09-13T00:34:00.000Z
DHA-FC-0616,MTF-0653,MED-ITEM-0616,50,150,0.9,2026-09-13T00:45:00.000Z
DHA-FC-0617,MTF-0654,MED-ITEM-0617,28,112,0.55,2026-09-13T00:56:00.000Z
DHA-FC-0618,MTF-0655,MED-ITEM-0618,17,51,0.83,2026-09-13T01:07:00.000Z
DHA-FC-0619,MTF-0656,MED-ITEM-0619,53,106,0.79,2026-09-13T01:18:00.000Z
DHA-FC-0620,MTF-0657,MED-ITEM-0620,47,188,0.81,2026-09-13T01:29:00.000Z
DHA-FC-0621,MTF-0658,MED-ITEM-0621,18,54,0.84,2026-09-13T01:40:00.000Z
DHA-FC-0622,MTF-0659,MED-ITEM-0622,54,216,0.62,2026-09-13T01:51:00.000Z
DHA-FC-0623,MTF-0660,MED-ITEM-0623,50,100,0.77,2026-09-13T02:02:00.000Z
DHA-FC-0624,MTF-0661,MED-ITEM-0624,7,21,0.8,2026-09-13T02:13:00.000Z
DHA-FC-0625,MTF-0662,MED-ITEM-0625,69,138,0.81,2026-09-13T02:24:00.000Z
DHA-FC-0626,MTF-0663,MED-ITEM-0626,17,68,0.86,2026-09-13T02:35:00.000Z
DHA-FC-0627,MTF-0664,MED-ITEM-0627,25,100,0.65,2026-09-13T02:46:00.000Z
DHA-FC-0628,MTF-0665,MED-ITEM-0628,20,40,0.8,2026-09-13T02:57:00.000Z
DHA-FC-0629,MTF-0666,MED-ITEM-0629,39,156,0.82,2026-09-13T03:08:00.000Z
DHA-FC-0630,MTF-0667,MED-ITEM-0630,74,296,0.77,2026-09-13T03:19:00.000Z
DHA-FC-0631,MTF-0668,MED-ITEM-0631,75,300,0.78,2026-09-13T03:30:00.000Z
DHA-FC-0632,MTF-0669,MED-ITEM-0632,79,237,0.65,2026-09-13T03:41:00.000Z
DHA-FC-0633,MTF-0670,MED-ITEM-0633,27,81,0.86,2026-09-13T03:52:00.000Z
DHA-FC-0634,MTF-0671,MED-ITEM-0634,36,108,0.85,2026-09-13T04:03:00.000Z
DHA-FC-0635,MTF-0672,MED-ITEM-0635,76,304,0.81,2026-09-13T04:14:00.000Z
DHA-FC-0636,MTF-0673,MED-ITEM-0636,64,128,0.94,2026-09-13T04:25:00.000Z
DHA-FC-0637,MTF-0674,MED-ITEM-0637,28,56,0.57,2026-09-13T04:36:00.000Z
DHA-FC-0638,MTF-0675,MED-ITEM-0638,62,186,0.88,2026-09-13T04:47:00.000Z
DHA-FC-0639,MTF-0676,MED-ITEM-0639,29,116,0.9,2026-09-13T04:58:00.000Z
DHA-FC-0640,MTF-0677,MED-ITEM-0640,89,267,0.9,2026-09-13T05:09:00.000Z
DHA-FC-0641,MTF-0678,MED-ITEM-0641,17,68,0.92,2026-09-13T05:20:00.000Z
DHA-FC-0642,MTF-0679,MED-ITEM-0642,83,166,0.65,2026-09-13T05:31:00.000Z
DHA-FC-0643,MTF-0680,MED-ITEM-0643,68,136,0.94,2026-09-13T05:42:00.000Z
DHA-FC-0644,MTF-0681,MED-ITEM-0644,52,208,0.82,2026-09-13T05:53:00.000Z
DHA-FC-0645,MTF-0682,MED-ITEM-0645,7,14,0.78,2026-09-13T06:04:00.000Z
DHA-FC-0646,MTF-0683,MED-ITEM-0646,74,296,0.77,2026-09-13T06:15:00.000Z
DHA-FC-0647,MTF-0684,MED-ITEM-0647,63,252,0.48,2026-09-13T06:26:00.000Z
DHA-FC-0648,MTF-0685,MED-ITEM-0648,68,204,0.9,2026-09-13T06:37:00.000Z
DHA-FC-0649,MTF-0686,MED-ITEM-0649,8,24,0.87,2026-09-13T06:48:00.000Z
DHA-FC-0650,MTF-0687,MED-ITEM-0650,13,39,0.82,2026-09-13T06:59:00.000Z
DHA-FC-0651,MTF-0688,MED-ITEM-0651,19,57,0.81,2026-09-13T07:10:00.000Z
DHA-FC-0652,MTF-0689,MED-ITEM-0652,69,138,0.59,2026-09-13T07:21:00.000Z
DHA-FC-0653,MTF-0690,MED-ITEM-0653,14,42,0.83,2026-09-13T07:32:00.000Z
DHA-FC-0654,MTF-0691,MED-ITEM-0654,76,152,0.93,2026-09-13T07:43:00.000Z
DHA-FC-0655,MTF-0692,MED-ITEM-0655,43,86,0.89,2026-09-13T07:54:00.000Z
DHA-FC-0656,MTF-0693,MED-ITEM-0656,46,92,0.83,2026-09-13T08:05:00.000Z
DHA-FC-0657,MTF-0694,MED-ITEM-0657,49,98,0.56,2026-09-13T08:16:00.000Z
DHA-FC-0658,MTF-0695,MED-ITEM-0658,31,124,0.96,2026-09-13T08:27:00.000Z
DHA-FC-0659,MTF-0696,MED-ITEM-0659,13,26,0.96,2026-09-13T08:38:00.000Z
DHA-FC-0660,MTF-0697,MED-ITEM-0660,12,24,0.92,2026-09-13T08:49:00.000Z
DHA-FC-0661,MTF-0698,MED-ITEM-0661,25,50,0.82,2026-09-13T09:00:00.000Z
DHA-FC-0662,MTF-0699,MED-ITEM-0662,61,122,0.51,2026-09-13T09:11:00.000Z
DHA-FC-0663,MTF-0700,MED-ITEM-0663,75,225,0.78,2026-09-13T09:22:00.000Z
DHA-FC-0664,MTF-0701,MED-ITEM-0664,25,100,0.84,2026-09-13T09:33:00.000Z
DHA-FC-0665,MTF-0702,MED-ITEM-0665,9,36,0.93,2026-09-13T09:44:00.000Z
DHA-FC-0666,MTF-0703,MED-ITEM-0666,37,74,0.87,2026-09-13T09:55:00.000Z
DHA-FC-0667,MTF-0704,MED-ITEM-0667,6,12,0.53,2026-09-13T10:06:00.000Z
DHA-FC-0668,MTF-0705,MED-ITEM-0668,63,189,0.79,2026-09-13T10:17:00.000Z
DHA-FC-0669,MTF-0706,MED-ITEM-0669,73,292,0.83,2026-09-13T10:28:00.000Z
DHA-FC-0670,MTF-0707,MED-ITEM-0670,41,82,0.95,2026-09-13T10:39:00.000Z
DHA-FC-0671,MTF-0708,MED-ITEM-0671,67,201,0.91,2026-09-13T10:50:00.000Z
DHA-FC-0672,MTF-0709,MED-ITEM-0672,48,96,0.67,2026-09-13T11:01:00.000Z
DHA-FC-0673,MTF-0710,MED-ITEM-0673,37,111,0.9,2026-09-13T11:12:00.000Z
DHA-FC-0674,MTF-0711,MED-ITEM-0674,51,204,0.94,2026-09-13T11:23:00.000Z
DHA-FC-0675,MTF-0712,MED-ITEM-0675,50,150,0.85,2026-09-13T11:34:00.000Z
DHA-FC-0676,MTF-0713,MED-ITEM-0676,44,176,0.81,2026-09-13T11:45:00.000Z
DHA-FC-0677,MTF-0714,MED-ITEM-0677,48,144,0.56,2026-09-13T11:56:00.000Z
DHA-FC-0678,MTF-0715,MED-ITEM-0678,89,267,0.87,2026-09-13T12:07:00.000Z
DHA-FC-0679,MTF-0716,MED-ITEM-0679,50,200,0.89,2026-09-13T12:18:00.000Z
DHA-FC-0680,MTF-0717,MED-ITEM-0680,87,348,0.96,2026-09-13T12:29:00.000Z
DHA-FC-0681,MTF-0718,MED-ITEM-0681,7,28,0.77,2026-09-13T12:40:00.000Z
DHA-FC-0682,MTF-0719,MED-ITEM-0682,83,166,0.58,2026-09-13T12:51:00.000Z
DHA-FC-0683,MTF-0720,MED-ITEM-0683,59,236,0.85,2026-09-13T13:02:00.000Z
DHA-FC-0684,MTF-0721,MED-ITEM-0684,70,140,0.85,2026-09-13T13:13:00.000Z
DHA-FC-0685,MTF-0722,MED-ITEM-0685,46,138,0.79,2026-09-13T13:24:00.000Z
DHA-FC-0686,MTF-0723,MED-ITEM-0686,82,328,0.86,2026-09-13T13:35:00.000Z
DHA-FC-0687,MTF-0724,MED-ITEM-0687,47,141,0.56,2026-09-13T13:46:00.000Z
DHA-FC-0688,MTF-0725,MED-ITEM-0688,40,120,0.93,2026-09-13T13:57:00.000Z
DHA-FC-0689,MTF-0726,MED-ITEM-0689,30,90,0.83,2026-09-13T14:08:00.000Z
DHA-FC-0690,MTF-0727,MED-ITEM-0690,53,159,0.77,2026-09-13T14:19:00.000Z
DHA-FC-0691,MTF-0728,MED-ITEM-0691,5,15,0.89,2026-09-13T14:30:00.000Z
DHA-FC-0692,MTF-0729,MED-ITEM-0692,89,267,0.64,2026-09-13T14:41:00.000Z
DHA-FC-0693,MTF-0730,MED-ITEM-0693,52,208,0.82,2026-09-13T14:52:00.000Z
DHA-FC-0694,MTF-0731,MED-ITEM-0694,12,36,0.78,2026-09-13T15:03:00.000Z
DHA-FC-0695,MTF-0732,MED-ITEM-0695,22,88,0.86,2026-09-13T15:14:00.000Z
DHA-FC-0696,MTF-0733,MED-ITEM-0696,63,126,0.91,2026-09-13T15:25:00.000Z
DHA-FC-0697,MTF-0734,MED-ITEM-0697,43,86,0.52,2026-09-13T15:36:00.000Z
DHA-FC-0698,MTF-0735,MED-ITEM-0698,21,63,0.77,2026-09-13T15:47:00.000Z
DHA-FC-0699,MTF-0736,MED-ITEM-0699,85,255,0.92,2026-09-13T15:58:00.000Z
DHA-FC-0700,MTF-0737,MED-ITEM-0700,29,58,0.95,2026-09-13T16:09:00.000Z
DHA-FC-0701,MTF-0738,MED-ITEM-0701,77,231,0.88,2026-09-13T16:20:00.000Z
DHA-FC-0702,MTF-0739,MED-ITEM-0702,85,340,0.65,2026-09-13T16:31:00.000Z
DHA-FC-0703,MTF-0740,MED-ITEM-0703,61,122,0.93,2026-09-13T16:42:00.000Z
DHA-FC-0704,MTF-0741,MED-ITEM-0704,56,168,0.81,2026-09-13T16:53:00.000Z
DHA-FC-0705,MTF-0742,MED-ITEM-0705,29,116,0.9,2026-09-13T17:04:00.000Z
DHA-FC-0706,MTF-0743,MED-ITEM-0706,25,50,0.83,2026-09-13T17:15:00.000Z
DHA-FC-0707,MTF-0744,MED-ITEM-0707,19,38,0.51,2026-09-13T17:26:00.000Z
DHA-FC-0708,MTF-0745,MED-ITEM-0708,33,99,0.87,2026-09-13T17:37:00.000Z
DHA-FC-0709,MTF-0746,MED-ITEM-0709,73,292,0.83,2026-09-13T17:48:00.000Z
DHA-FC-0710,MTF-0747,MED-ITEM-0710,10,40,0.89,2026-09-13T17:59:00.000Z
DHA-FC-0711,MTF-0748,MED-ITEM-0711,28,84,0.9,2026-09-13T18:10:00.000Z
DHA-FC-0712,MTF-0749,MED-ITEM-0712,10,30,0.53,2026-09-13T18:21:00.000Z
DHA-FC-0713,MTF-0750,MED-ITEM-0713,89,178,0.83,2026-09-13T18:32:00.000Z
DHA-FC-0714,MTF-0751,MED-ITEM-0714,66,264,0.8,2026-09-13T18:43:00.000Z
DHA-FC-0715,MTF-0752,MED-ITEM-0715,49,98,0.83,2026-09-13T18:54:00.000Z
DHA-FC-0716,MTF-0753,MED-ITEM-0716,22,44,0.81,2026-09-13T19:05:00.000Z
DHA-FC-0717,MTF-0754,MED-ITEM-0717,39,78,0.5,2026-09-13T19:16:00.000Z
DHA-FC-0718,MTF-0755,MED-ITEM-0718,57,171,0.91,2026-09-13T19:27:00.000Z
DHA-FC-0719,MTF-0756,MED-ITEM-0719,60,180,0.89,2026-09-13T19:38:00.000Z
DHA-FC-0720,MTF-0757,MED-ITEM-0720,19,76,0.81,2026-09-13T19:49:00.000Z
DHA-FC-0721,MTF-0758,MED-ITEM-0721,28,84,0.9,2026-09-13T20:00:00.000Z
DHA-FC-0722,MTF-0759,MED-ITEM-0722,48,144,0.62,2026-09-13T20:11:00.000Z
DHA-FC-0723,MTF-0760,MED-ITEM-0723,29,87,0.85,2026-09-13T20:22:00.000Z
DHA-FC-0724,MTF-0761,MED-ITEM-0724,21,63,0.94,2026-09-13T20:33:00.000Z
DHA-FC-0725,MTF-0762,MED-ITEM-0725,73,219,0.76,2026-09-13T20:44:00.000Z
DHA-FC-0726,MTF-0763,MED-ITEM-0726,9,36,0.94,2026-09-13T20:55:00.000Z
DHA-FC-0727,MTF-0764,MED-ITEM-0727,16,32,0.62,2026-09-13T21:06:00.000Z
DHA-FC-0728,MTF-0765,MED-ITEM-0728,35,140,0.88,2026-09-13T21:17:00.000Z
DHA-FC-0729,MTF-0766,MED-ITEM-0729,84,336,0.93,2026-09-13T21:28:00.000Z
DHA-FC-0730,MTF-0767,MED-ITEM-0730,21,84,0.93,2026-09-13T21:39:00.000Z
DHA-FC-0731,MTF-0768,MED-ITEM-0731,51,102,0.89,2026-09-13T21:50:00.000Z
DHA-FC-0732,MTF-0769,MED-ITEM-0732,78,234,0.49,2026-09-13T22:01:00.000Z
DHA-FC-0733,MTF-0770,MED-ITEM-0733,14,42,0.77,2026-09-13T22:12:00.000Z
DHA-FC-0734,MTF-0771,MED-ITEM-0734,60,120,0.81,2026-09-13T22:23:00.000Z
DHA-FC-0735,MTF-0772,MED-ITEM-0735,31,124,0.8,2026-09-13T22:34:00.000Z
DHA-FC-0736,MTF-0773,MED-ITEM-0736,61,183,0.77,2026-09-13T22:45:00.000Z
DHA-FC-0737,MTF-0774,MED-ITEM-0737,50,150,0.66,2026-09-13T22:56:00.000Z
DHA-FC-0738,MTF-0775,MED-ITEM-0738,55,110,0.86,2026-09-13T23:07:00.000Z
DHA-FC-0739,MTF-0776,MED-ITEM-0739,19,76,0.83,2026-09-13T23:18:00.000Z
DHA-FC-0740,MTF-0777,MED-ITEM-0740,87,348,0.83,2026-09-13T23:29:00.000Z
DHA-FC-0741,MTF-0778,MED-ITEM-0741,65,195,0.77,2026-09-13T23:40:00.000Z
DHA-FC-0742,MTF-0779,MED-ITEM-0742,36,72,0.49,2026-09-13T23:51:00.000Z
DHA-FC-0743,MTF-0780,MED-ITEM-0743,14,28,0.95,2026-09-14T00:02:00.000Z
DHA-FC-0744,MTF-0781,MED-ITEM-0744,8,24,0.91,2026-09-14T00:13:00.000Z
DHA-FC-0745,MTF-0782,MED-ITEM-0745,57,228,0.96,2026-09-14T00:24:00.000Z
DHA-FC-0746,MTF-0783,MED-ITEM-0746,62,248,0.83,2026-09-14T00:35:00.000Z
DHA-FC-0747,MTF-0784,MED-ITEM-0747,65,260,0.51,2026-09-14T00:46:00.000Z
DHA-FC-0748,MTF-0785,MED-ITEM-0748,58,232,0.89,2026-09-14T00:57:00.000Z
DHA-FC-0749,MTF-0786,MED-ITEM-0749,61,244,0.82,2026-09-14T01:08:00.000Z
DHA-FC-0750,MTF-0787,MED-ITEM-0750,49,147,0.8,2026-09-14T01:19:00.000Z
DHA-FC-0751,MTF-0788,MED-ITEM-0751,83,332,0.95,2026-09-14T01:30:00.000Z
DHA-FC-0752,MTF-0789,MED-ITEM-0752,65,260,0.53,2026-09-14T01:41:00.000Z
DHA-FC-0753,MTF-0790,MED-ITEM-0753,11,33,0.84,2026-09-14T01:52:00.000Z
DHA-FC-0754,MTF-0791,MED-ITEM-0754,21,84,0.93,2026-09-14T02:03:00.000Z
DHA-FC-0755,MTF-0792,MED-ITEM-0755,13,52,0.8,2026-09-14T02:14:00.000Z
DHA-FC-0756,MTF-0793,MED-ITEM-0756,42,84,0.95,2026-09-14T02:25:00.000Z
DHA-FC-0757,MTF-0794,MED-ITEM-0757,60,180,0.55,2026-09-14T02:36:00.000Z
DHA-FC-0758,MTF-0795,MED-ITEM-0758,69,138,0.84,2026-09-14T02:47:00.000Z
DHA-FC-0759,MTF-0796,MED-ITEM-0759,35,105,0.87,2026-09-14T02:58:00.000Z
DHA-FC-0760,MTF-0797,MED-ITEM-0760,54,108,0.86,2026-09-14T03:09:00.000Z
DHA-FC-0761,MTF-0798,MED-ITEM-0761,82,246,0.8,2026-09-14T03:20:00.000Z
DHA-FC-0762,MTF-0799,MED-ITEM-0762,72,288,0.57,2026-09-14T03:31:00.000Z
DHA-FC-0763,MTF-0800,MED-ITEM-0763,17,51,0.92,2026-09-14T03:42:00.000Z
DHA-FC-0764,MTF-0801,MED-ITEM-0764,60,180,0.91,2026-09-14T03:53:00.000Z
DHA-FC-0765,MTF-0802,MED-ITEM-0765,5,20,0.86,2026-09-14T04:04:00.000Z
DHA-FC-0766,MTF-0803,MED-ITEM-0766,68,272,0.93,2026-09-14T04:15:00.000Z
DHA-FC-0767,MTF-0804,MED-ITEM-0767,5,10,0.51,2026-09-14T04:26:00.000Z
DHA-FC-0768,MTF-0805,MED-ITEM-0768,68,136,0.94,2026-09-14T04:37:00.000Z
DHA-FC-0769,MTF-0806,MED-ITEM-0769,21,42,0.93,2026-09-14T04:48:00.000Z
DHA-FC-0770,MTF-0807,MED-ITEM-0770,62,186,0.9,2026-09-14T04:59:00.000Z
DHA-FC-0771,MTF-0808,MED-ITEM-0771,75,150,0.87,2026-09-14T05:10:00.000Z
DHA-FC-0772,MTF-0809,MED-ITEM-0772,48,96,0.6,2026-09-14T05:21:00.000Z
DHA-FC-0773,MTF-0810,MED-ITEM-0773,26,104,0.94,2026-09-14T05:32:00.000Z
DHA-FC-0774,MTF-0811,MED-ITEM-0774,45,135,0.81,2026-09-14T05:43:00.000Z
DHA-FC-0775,MTF-0812,MED-ITEM-0775,75,300,0.8,2026-09-14T05:54:00.000Z
DHA-FC-0776,MTF-0813,MED-ITEM-0776,7,14,0.9,2026-09-14T06:05:00.000Z
DHA-FC-0777,MTF-0814,MED-ITEM-0777,53,212,0.63,2026-09-14T06:16:00.000Z
DHA-FC-0778,MTF-0815,MED-ITEM-0778,83,166,0.88,2026-09-14T06:27:00.000Z
DHA-FC-0779,MTF-0816,MED-ITEM-0779,39,156,0.83,2026-09-14T06:38:00.000Z
DHA-FC-0780,MTF-0817,MED-ITEM-0780,47,141,0.95,2026-09-14T06:49:00.000Z
DHA-FC-0781,MTF-0818,MED-ITEM-0781,70,140,0.89,2026-09-14T07:00:00.000Z
DHA-FC-0782,MTF-0819,MED-ITEM-0782,87,174,0.65,2026-09-14T07:11:00.000Z
DHA-FC-0783,MTF-0820,MED-ITEM-0783,40,160,0.77,2026-09-14T07:22:00.000Z
DHA-FC-0784,MTF-0821,MED-ITEM-0784,60,240,0.93,2026-09-14T07:33:00.000Z
DHA-FC-0785,MTF-0822,MED-ITEM-0785,71,284,0.79,2026-09-14T07:44:00.000Z
DHA-FC-0786,MTF-0823,MED-ITEM-0786,24,72,0.92,2026-09-14T07:55:00.000Z
DHA-FC-0787,MTF-0824,MED-ITEM-0787,40,160,0.58,2026-09-14T08:06:00.000Z
DHA-FC-0788,MTF-0825,MED-ITEM-0788,75,150,0.93,2026-09-14T08:17:00.000Z
DHA-FC-0789,MTF-0826,MED-ITEM-0789,88,176,0.9,2026-09-14T08:28:00.000Z
DHA-FC-0790,MTF-0827,MED-ITEM-0790,58,232,0.84,2026-09-14T08:39:00.000Z
DHA-FC-0791,MTF-0828,MED-ITEM-0791,19,38,0.95,2026-09-14T08:50:00.000Z
DHA-FC-0792,MTF-0829,MED-ITEM-0792,74,148,0.61,2026-09-14T09:01:00.000Z
DHA-FC-0793,MTF-0830,MED-ITEM-0793,69,276,0.9,2026-09-14T09:12:00.000Z
DHA-FC-0794,MTF-0831,MED-ITEM-0794,37,148,0.76,2026-09-14T09:23:00.000Z
DHA-FC-0795,MTF-0832,MED-ITEM-0795,35,140,0.94,2026-09-14T09:34:00.000Z
DHA-FC-0796,MTF-0833,MED-ITEM-0796,76,304,0.91,2026-09-14T09:45:00.000Z
DHA-FC-0797,MTF-0834,MED-ITEM-0797,61,244,0.59,2026-09-14T09:56:00.000Z
DHA-FC-0798,MTF-0835,MED-ITEM-0798,22,88,0.86,2026-09-14T10:07:00.000Z
DHA-FC-0799,MTF-0836,MED-ITEM-0799,17,68,0.84,2026-09-14T10:18:00.000Z
DHA-FC-0800,MTF-0837,MED-ITEM-0800,49,98,0.91,2026-09-14T10:29:00.000Z
DHA-FC-0801,MTF-0838,MED-ITEM-0801,77,308,0.91,2026-09-14T10:40:00.000Z
DHA-FC-0802,MTF-0839,MED-ITEM-0802,14,28,0.56,2026-09-14T10:51:00.000Z
DHA-FC-0803,MTF-0840,MED-ITEM-0803,29,116,0.77,2026-09-14T11:02:00.000Z
DHA-FC-0804,MTF-0841,MED-ITEM-0804,49,98,0.85,2026-09-14T11:13:00.000Z
DHA-FC-0805,MTF-0842,MED-ITEM-0805,61,244,0.89,2026-09-14T11:24:00.000Z
DHA-FC-0806,MTF-0843,MED-ITEM-0806,23,69,0.92,2026-09-14T11:35:00.000Z
DHA-FC-0807,MTF-0844,MED-ITEM-0807,69,276,0.62,2026-09-14T11:46:00.000Z
DHA-FC-0808,MTF-0845,MED-ITEM-0808,32,128,0.95,2026-09-14T11:57:00.000Z
DHA-FC-0809,MTF-0846,MED-ITEM-0809,42,126,0.81,2026-09-14T12:08:00.000Z
DHA-FC-0810,MTF-0847,MED-ITEM-0810,59,236,0.78,2026-09-14T12:19:00.000Z
DHA-FC-0811,MTF-0848,MED-ITEM-0811,18,36,0.78,2026-09-14T12:30:00.000Z
DHA-FC-0812,MTF-0849,MED-ITEM-0812,17,51,0.67,2026-09-14T12:41:00.000Z
DHA-FC-0813,MTF-0850,MED-ITEM-0813,85,255,0.95,2026-09-14T12:52:00.000Z
DHA-FC-0814,MTF-0851,MED-ITEM-0814,7,14,0.96,2026-09-14T13:03:00.000Z
DHA-FC-0815,MTF-0852,MED-ITEM-0815,33,99,0.95,2026-09-14T13:14:00.000Z
DHA-FC-0816,MTF-0853,MED-ITEM-0816,26,78,0.82,2026-09-14T13:25:00.000Z
DHA-FC-0817,MTF-0854,MED-ITEM-0817,83,166,0.52,2026-09-14T13:36:00.000Z
DHA-FC-0818,MTF-0855,MED-ITEM-0818,69,138,0.92,2026-09-14T13:47:00.000Z
DHA-FC-0819,MTF-0856,MED-ITEM-0819,8,32,0.93,2026-09-14T13:58:00.000Z
DHA-FC-0820,MTF-0857,MED-ITEM-0820,79,316,0.83,2026-09-14T14:09:00.000Z
DHA-FC-0821,MTF-0858,MED-ITEM-0821,78,234,0.9,2026-09-14T14:20:00.000Z
DHA-FC-0822,MTF-0859,MED-ITEM-0822,40,80,0.58,2026-09-14T14:31:00.000Z
DHA-FC-0823,MTF-0860,MED-ITEM-0823,46,138,0.82,2026-09-14T14:42:00.000Z
DHA-FC-0824,MTF-0861,MED-ITEM-0824,61,183,0.77,2026-09-14T14:53:00.000Z
DHA-FC-0825,MTF-0862,MED-ITEM-0825,75,300,0.96,2026-09-14T15:04:00.000Z
DHA-FC-0826,MTF-0863,MED-ITEM-0826,41,164,0.83,2026-09-14T15:15:00.000Z
DHA-FC-0827,MTF-0864,MED-ITEM-0827,16,32,0.67,2026-09-14T15:26:00.000Z
DHA-FC-0828,MTF-0865,MED-ITEM-0828,41,82,0.84,2026-09-14T15:37:00.000Z
DHA-FC-0829,MTF-0866,MED-ITEM-0829,77,231,0.87,2026-09-14T15:48:00.000Z
DHA-FC-0830,MTF-0867,MED-ITEM-0830,69,207,0.87,2026-09-14T15:59:00.000Z
DHA-FC-0831,MTF-0868,MED-ITEM-0831,22,44,0.9,2026-09-14T16:10:00.000Z
DHA-FC-0832,MTF-0869,MED-ITEM-0832,31,62,0.62,2026-09-14T16:21:00.000Z
DHA-FC-0833,MTF-0870,MED-ITEM-0833,46,92,0.83,2026-09-14T16:32:00.000Z
DHA-FC-0834,MTF-0871,MED-ITEM-0834,6,24,0.81,2026-09-14T16:43:00.000Z
DHA-FC-0835,MTF-0872,MED-ITEM-0835,49,98,0.81,2026-09-14T16:54:00.000Z
DHA-FC-0836,MTF-0873,MED-ITEM-0836,87,261,0.76,2026-09-14T17:05:00.000Z
DHA-FC-0837,MTF-0874,MED-ITEM-0837,35,70,0.56,2026-09-14T17:16:00.000Z
DHA-FC-0838,MTF-0875,MED-ITEM-0838,66,264,0.95,2026-09-14T17:27:00.000Z
DHA-FC-0839,MTF-0876,MED-ITEM-0839,78,234,0.85,2026-09-14T17:38:00.000Z
DHA-FC-0840,MTF-0877,MED-ITEM-0840,32,64,0.78,2026-09-14T17:49:00.000Z
DHA-FC-0841,MTF-0878,MED-ITEM-0841,74,148,0.84,2026-09-14T18:00:00.000Z
DHA-FC-0842,MTF-0879,MED-ITEM-0842,6,24,0.64,2026-09-14T18:11:00.000Z
DHA-FC-0843,MTF-0880,MED-ITEM-0843,75,225,0.92,2026-09-14T18:22:00.000Z
DHA-FC-0844,MTF-0881,MED-ITEM-0844,75,225,0.92,2026-09-14T18:33:00.000Z
DHA-FC-0845,MTF-0882,MED-ITEM-0845,10,30,0.91,2026-09-14T18:44:00.000Z
DHA-FC-0846,MTF-0883,MED-ITEM-0846,56,168,0.84,2026-09-14T18:55:00.000Z
DHA-FC-0847,MTF-0884,MED-ITEM-0847,86,258,0.63,2026-09-14T19:06:00.000Z
DHA-FC-0848,MTF-0885,MED-ITEM-0848,37,111,0.8,2026-09-14T19:17:00.000Z
DHA-FC-0849,MTF-0886,MED-ITEM-0849,44,88,0.81,2026-09-14T19:28:00.000Z
DHA-FC-0850,MTF-0887,MED-ITEM-0850,36,144,0.84,2026-09-14T19:39:00.000Z
DHA-FC-0851,MTF-0888,MED-ITEM-0851,58,174,0.94,2026-09-14T19:50:00.000Z
DHA-FC-0852,MTF-0889,MED-ITEM-0852,43,129,0.56,2026-09-14T20:01:00.000Z
DHA-FC-0853,MTF-0890,MED-ITEM-0853,52,156,0.81,2026-09-14T20:12:00.000Z
DHA-FC-0854,MTF-0891,MED-ITEM-0854,15,45,0.79,2026-09-14T20:23:00.000Z
DHA-FC-0855,MTF-0892,MED-ITEM-0855,71,213,0.91,2026-09-14T20:34:00.000Z
DHA-FC-0856,MTF-0893,MED-ITEM-0856,79,158,0.86,2026-09-14T20:45:00.000Z
DHA-FC-0857,MTF-0894,MED-ITEM-0857,38,114,0.6,2026-09-14T20:56:00.000Z
DHA-FC-0858,MTF-0895,MED-ITEM-0858,35,140,0.94,2026-09-14T21:07:00.000Z
DHA-FC-0859,MTF-0896,MED-ITEM-0859,70,280,0.82,2026-09-14T21:18:00.000Z
DHA-FC-0860,MTF-0897,MED-ITEM-0860,36,108,0.85,2026-09-14T21:29:00.000Z
DHA-FC-0861,MTF-0898,MED-ITEM-0861,14,42,0.92,2026-09-14T21:40:00.000Z
DHA-FC-0862,MTF-0899,MED-ITEM-0862,81,162,0.6,2026-09-14T21:51:00.000Z
DHA-FC-0863,MTF-0900,MED-ITEM-0863,68,272,0.78,2026-09-14T22:02:00.000Z
DHA-FC-0864,MTF-0901,MED-ITEM-0864,11,44,0.78,2026-09-14T22:13:00.000Z
DHA-FC-0865,MTF-0902,MED-ITEM-0865,55,110,0.96,2026-09-14T22:24:00.000Z
DHA-FC-0866,MTF-0903,MED-ITEM-0866,8,24,0.78,2026-09-14T22:35:00.000Z
DHA-FC-0867,MTF-0904,MED-ITEM-0867,33,132,0.55,2026-09-14T22:46:00.000Z
DHA-FC-0868,MTF-0905,MED-ITEM-0868,20,40,0.84,2026-09-14T22:57:00.000Z
DHA-FC-0869,MTF-0906,MED-ITEM-0869,87,174,0.85,2026-09-14T23:08:00.000Z
DHA-FC-0870,MTF-0907,MED-ITEM-0870,34,102,0.95,2026-09-14T23:19:00.000Z
DHA-FC-0871,MTF-0908,MED-ITEM-0871,58,232,0.82,2026-09-14T23:30:00.000Z
DHA-FC-0872,MTF-0909,MED-ITEM-0872,56,168,0.62,2026-09-14T23:41:00.000Z
DHA-FC-0873,MTF-0910,MED-ITEM-0873,19,57,0.79,2026-09-14T23:52:00.000Z
DHA-FC-0874,MTF-0911,MED-ITEM-0874,27,108,0.78,2026-09-15T00:03:00.000Z
DHA-FC-0875,MTF-0912,MED-ITEM-0875,55,165,0.85,2026-09-15T00:14:00.000Z
DHA-FC-0876,MTF-0913,MED-ITEM-0876,60,180,0.86,2026-09-15T00:25:00.000Z
DHA-FC-0877,MTF-0914,MED-ITEM-0877,73,146,0.58,2026-09-15T00:36:00.000Z
DHA-FC-0878,MTF-0915,MED-ITEM-0878,29,87,0.81,2026-09-15T00:47:00.000Z
DHA-FC-0879,MTF-0916,MED-ITEM-0879,56,224,0.92,2026-09-15T00:58:00.000Z
DHA-FC-0880,MTF-0917,MED-ITEM-0880,56,224,0.82,2026-09-15T01:09:00.000Z
DHA-FC-0881,MTF-0918,MED-ITEM-0881,80,240,0.91,2026-09-15T01:20:00.000Z
DHA-FC-0882,MTF-0919,MED-ITEM-0882,25,75,0.51,2026-09-15T01:31:00.000Z
DHA-FC-0883,MTF-0920,MED-ITEM-0883,57,228,0.79,2026-09-15T01:42:00.000Z
DHA-FC-0884,MTF-0921,MED-ITEM-0884,80,320,0.92,2026-09-15T01:53:00.000Z
DHA-FC-0885,MTF-0922,MED-ITEM-0885,53,106,0.91,2026-09-15T02:04:00.000Z
DHA-FC-0886,MTF-0923,MED-ITEM-0886,90,180,0.94,2026-09-15T02:15:00.000Z
DHA-FC-0887,MTF-0924,MED-ITEM-0887,12,36,0.51,2026-09-15T02:26:00.000Z
DHA-FC-0888,MTF-0925,MED-ITEM-0888,30,90,0.88,2026-09-15T02:37:00.000Z
DHA-FC-0889,MTF-0926,MED-ITEM-0889,66,132,0.81,2026-09-15T02:48:00.000Z
DHA-FC-0890,MTF-0927,MED-ITEM-0890,60,120,0.9,2026-09-15T02:59:00.000Z
DHA-FC-0891,MTF-0928,MED-ITEM-0891,77,308,0.77,2026-09-15T03:10:00.000Z
DHA-FC-0892,MTF-0929,MED-ITEM-0892,46,184,0.54,2026-09-15T03:21:00.000Z
DHA-FC-0893,MTF-0930,MED-ITEM-0893,62,248,0.83,2026-09-15T03:32:00.000Z
DHA-FC-0894,MTF-0931,MED-ITEM-0894,81,243,0.91,2026-09-15T03:43:00.000Z
DHA-FC-0895,MTF-0932,MED-ITEM-0895,38,76,0.92,2026-09-15T03:54:00.000Z
DHA-FC-0896,MTF-0933,MED-ITEM-0896,42,84,0.91,2026-09-15T04:05:00.000Z
DHA-FC-0897,MTF-0934,MED-ITEM-0897,10,20,0.6,2026-09-15T04:16:00.000Z
DHA-FC-0898,MTF-0935,MED-ITEM-0898,33,132,0.93,2026-09-15T04:27:00.000Z
DHA-FC-0899,MTF-0936,MED-ITEM-0899,35,70,0.87,2026-09-15T04:38:00.000Z
DHA-FC-0900,MTF-0937,MED-ITEM-0900,81,243,0.91,2026-09-15T04:49:00.000Z
DHA-FC-0901,MTF-0938,MED-ITEM-0901,32,128,0.88,2026-09-15T05:00:00.000Z
DHA-FC-0902,MTF-0939,MED-ITEM-0902,69,207,0.68,2026-09-15T05:11:00.000Z
DHA-FC-0903,MTF-0940,MED-ITEM-0903,18,36,0.9,2026-09-15T05:22:00.000Z
DHA-FC-0904,MTF-0941,MED-ITEM-0904,78,312,0.92,2026-09-15T05:33:00.000Z
DHA-FC-0905,MTF-0942,MED-ITEM-0905,6,24,0.85,2026-09-15T05:44:00.000Z
DHA-FC-0906,MTF-0943,MED-ITEM-0906,57,171,0.82,2026-09-15T05:55:00.000Z
DHA-FC-0907,MTF-0944,MED-ITEM-0907,90,270,0.57,2026-09-15T06:06:00.000Z
DHA-FC-0908,MTF-0945,MED-ITEM-0908,59,177,0.82,2026-09-15T06:17:00.000Z
DHA-FC-0909,MTF-0946,MED-ITEM-0909,42,126,0.83,2026-09-15T06:28:00.000Z
DHA-FC-0910,MTF-0947,MED-ITEM-0910,47,94,0.77,2026-09-15T06:39:00.000Z
DHA-FC-0911,MTF-0948,MED-ITEM-0911,65,195,0.9,2026-09-15T06:50:00.000Z
DHA-FC-0912,MTF-0949,MED-ITEM-0912,11,44,0.61,2026-09-15T07:01:00.000Z
DHA-FC-0913,MTF-0950,MED-ITEM-0913,8,32,0.88,2026-09-15T07:12:00.000Z
DHA-FC-0914,MTF-0951,MED-ITEM-0914,7,14,0.92,2026-09-15T07:23:00.000Z
DHA-FC-0915,MTF-0952,MED-ITEM-0915,31,62,0.95,2026-09-15T07:34:00.000Z
DHA-FC-0916,MTF-0953,MED-ITEM-0916,74,148,0.86,2026-09-15T07:45:00.000Z
DHA-FC-0917,MTF-0954,MED-ITEM-0917,54,162,0.65,2026-09-15T07:56:00.000Z
DHA-FC-0918,MTF-0955,MED-ITEM-0918,52,208,0.77,2026-09-15T08:07:00.000Z
DHA-FC-0919,MTF-0956,MED-ITEM-0919,9,27,0.77,2026-09-15T08:18:00.000Z
DHA-FC-0920,MTF-0957,MED-ITEM-0920,90,360,0.88,2026-09-15T08:29:00.000Z
DHA-FC-0921,MTF-0958,MED-ITEM-0921,87,348,0.91,2026-09-15T08:40:00.000Z
DHA-FC-0922,MTF-0959,MED-ITEM-0922,70,140,0.6,2026-09-15T08:51:00.000Z
DHA-FC-0923,MTF-0960,MED-ITEM-0923,31,93,0.86,2026-09-15T09:02:00.000Z
DHA-FC-0924,MTF-0961,MED-ITEM-0924,45,90,0.9,2026-09-15T09:13:00.000Z
DHA-FC-0925,MTF-0962,MED-ITEM-0925,41,164,0.78,2026-09-15T09:24:00.000Z
DHA-FC-0926,MTF-0963,MED-ITEM-0926,70,280,0.87,2026-09-15T09:35:00.000Z
DHA-FC-0927,MTF-0964,MED-ITEM-0927,78,312,0.51,2026-09-15T09:46:00.000Z
DHA-FC-0928,MTF-0965,MED-ITEM-0928,59,236,0.87,2026-09-15T09:57:00.000Z
DHA-FC-0929,MTF-0966,MED-ITEM-0929,29,58,0.88,2026-09-15T10:08:00.000Z
DHA-FC-0930,MTF-0967,MED-ITEM-0930,53,106,0.87,2026-09-15T10:19:00.000Z
DHA-FC-0931,MTF-0968,MED-ITEM-0931,7,28,0.79,2026-09-15T10:30:00.000Z
DHA-FC-0932,MTF-0969,MED-ITEM-0932,23,69,0.52,2026-09-15T10:41:00.000Z
DHA-FC-0933,MTF-0970,MED-ITEM-0933,45,90,0.92,2026-09-15T10:52:00.000Z
DHA-FC-0934,MTF-0971,MED-ITEM-0934,76,152,0.94,2026-09-15T11:03:00.000Z
DHA-FC-0935,MTF-0972,MED-ITEM-0935,15,60,0.9,2026-09-15T11:14:00.000Z
DHA-FC-0936,MTF-0973,MED-ITEM-0936,85,255,0.84,2026-09-15T11:25:00.000Z
DHA-FC-0937,MTF-0974,MED-ITEM-0937,69,276,0.56,2026-09-15T11:36:00.000Z
DHA-FC-0938,MTF-0975,MED-ITEM-0938,29,58,0.77,2026-09-15T11:47:00.000Z
DHA-FC-0939,MTF-0976,MED-ITEM-0939,80,240,0.88,2026-09-15T11:58:00.000Z
DHA-FC-0940,MTF-0977,MED-ITEM-0940,64,192,0.77,2026-09-15T12:09:00.000Z
DHA-FC-0941,MTF-0978,MED-ITEM-0941,5,15,0.85,2026-09-15T12:20:00.000Z
DHA-FC-0942,MTF-0979,MED-ITEM-0942,38,76,0.62,2026-09-15T12:31:00.000Z
DHA-FC-0943,MTF-0980,MED-ITEM-0943,70,280,0.81,2026-09-15T12:42:00.000Z
DHA-FC-0944,MTF-0981,MED-ITEM-0944,57,114,0.88,2026-09-15T12:53:00.000Z
DHA-FC-0945,MTF-0982,MED-ITEM-0945,30,90,0.83,2026-09-15T13:04:00.000Z
DHA-FC-0946,MTF-0983,MED-ITEM-0946,83,166,0.81,2026-09-15T13:15:00.000Z
DHA-FC-0947,MTF-0984,MED-ITEM-0947,75,150,0.65,2026-09-15T13:26:00.000Z
DHA-FC-0948,MTF-0985,MED-ITEM-0948,32,64,0.84,2026-09-15T13:37:00.000Z
DHA-FC-0949,MTF-0986,MED-ITEM-0949,43,172,0.83,2026-09-15T13:48:00.000Z
DHA-FC-0950,MTF-0987,MED-ITEM-0950,56,112,0.91,2026-09-15T13:59:00.000Z
DHA-FC-0951,MTF-0988,MED-ITEM-0951,79,158,0.91,2026-09-15T14:10:00.000Z
DHA-FC-0952,MTF-0989,MED-ITEM-0952,13,39,0.62,2026-09-15T14:21:00.000Z
DHA-FC-0953,MTF-0990,MED-ITEM-0953,30,90,0.95,2026-09-15T14:32:00.000Z
DHA-FC-0954,MTF-0991,MED-ITEM-0954,22,44,0.91,2026-09-15T14:43:00.000Z
DHA-FC-0955,MTF-0992,MED-ITEM-0955,42,84,0.86,2026-09-15T14:54:00.000Z
DHA-FC-0956,MTF-0993,MED-ITEM-0956,86,344,0.76,2026-09-15T15:05:00.000Z
DHA-FC-0957,MTF-0994,MED-ITEM-0957,6,18,0.64,2026-09-15T15:16:00.000Z
DHA-FC-0958,MTF-0995,MED-ITEM-0958,31,124,0.91,2026-09-15T15:27:00.000Z
DHA-FC-0959,MTF-0996,MED-ITEM-0959,85,255,0.94,2026-09-15T15:38:00.000Z
DHA-FC-0960,MTF-0997,MED-ITEM-0960,51,153,0.9,2026-09-15T15:49:00.000Z
DHA-FC-0961,MTF-0998,MED-ITEM-0961,10,20,0.79,2026-09-15T16:00:00.000Z
DHA-FC-0962,MTF-0999,MED-ITEM-0962,84,252,0.56,2026-09-15T16:11:00.000Z
DHA-FC-0963,MTF-1000,MED-ITEM-0963,61,122,0.79,2026-09-15T16:22:00.000Z
DHA-FC-0964,MTF-0001,MED-ITEM-0964,62,186,0.94,2026-09-15T16:33:00.000Z
DHA-FC-0965,MTF-0002,MED-ITEM-0965,59,177,0.87,2026-09-15T16:44:00.000Z
DHA-FC-0966,MTF-0003,MED-ITEM-0966,70,210,0.91,2026-09-15T16:55:00.000Z
DHA-FC-0967,MTF-0004,MED-ITEM-0967,72,288,0.54,2026-09-15T17:06:00.000Z
DHA-FC-0968,MTF-0005,MED-ITEM-0968,74,148,0.81,2026-09-15T17:17:00.000Z
DHA-FC-0969,MTF-0006,MED-ITEM-0969,68,272,0.78,2026-09-15T17:28:00.000Z
DHA-FC-0970,MTF-0007,MED-ITEM-0970,51,102,0.93,2026-09-15T17:39:00.000Z
DHA-FC-0971,MTF-0008,MED-ITEM-0971,41,164,0.81,2026-09-15T17:50:00.000Z
DHA-FC-0972,MTF-0009,MED-ITEM-0972,57,171,0.51,2026-09-15T18:01:00.000Z
DHA-FC-0973,MTF-0010,MED-ITEM-0973,25,75,0.89,2026-09-15T18:12:00.000Z
DHA-FC-0974,MTF-0011,MED-ITEM-0974,81,162,0.86,2026-09-15T18:23:00.000Z
DHA-FC-0975,MTF-0012,MED-ITEM-0975,35,70,0.83,2026-09-15T18:34:00.000Z
DHA-FC-0976,MTF-0013,MED-ITEM-0976,62,186,0.91,2026-09-15T18:45:00.000Z
DHA-FC-0977,MTF-0014,MED-ITEM-0977,44,88,0.5,2026-09-15T18:56:00.000Z
DHA-FC-0978,MTF-0015,MED-ITEM-0978,54,108,0.86,2026-09-15T19:07:00.000Z
DHA-FC-0979,MTF-0016,MED-ITEM-0979,14,42,0.77,2026-09-15T19:18:00.000Z
DHA-FC-0980,MTF-0017,MED-ITEM-0980,78,234,0.84,2026-09-15T19:29:00.000Z
DHA-FC-0981,MTF-0018,MED-ITEM-0981,30,60,0.9,2026-09-15T19:40:00.000Z
DHA-FC-0982,MTF-0019,MED-ITEM-0982,21,63,0.5,2026-09-15T19:51:00.000Z
DHA-FC-0983,MTF-0020,MED-ITEM-0983,34,102,0.79,2026-09-15T20:02:00.000Z
DHA-FC-0984,MTF-0021,MED-ITEM-0984,85,255,0.87,2026-09-15T20:13:00.000Z
DHA-FC-0985,MTF-0022,MED-ITEM-0985,75,300,0.91,2026-09-15T20:24:00.000Z
DHA-FC-0986,MTF-0023,MED-ITEM-0986,47,188,0.83,2026-09-15T20:35:00.000Z
DHA-FC-0987,MTF-0024,MED-ITEM-0987,74,222,0.55,2026-09-15T20:46:00.000Z
DHA-FC-0988,MTF-0025,MED-ITEM-0988,39,156,0.79,2026-09-15T20:57:00.000Z
DHA-FC-0989,MTF-0026,MED-ITEM-0989,71,142,0.95,2026-09-15T21:08:00.000Z
DHA-FC-0990,MTF-0027,MED-ITEM-0990,13,39,0.91,2026-09-15T21:19:00.000Z
DHA-FC-0991,MTF-0028,MED-ITEM-0991,47,188,0.91,2026-09-15T21:30:00.000Z
DHA-FC-0992,MTF-0029,MED-ITEM-0992,63,252,0.63,2026-09-15T21:41:00.000Z
DHA-FC-0993,MTF-0030,MED-ITEM-0993,64,192,0.92,2026-09-15T21:52:00.000Z
DHA-FC-0994,MTF-0031,MED-ITEM-0994,15,45,0.92,2026-09-15T22:03:00.000Z
DHA-FC-0995,MTF-0032,MED-ITEM-0995,33,66,0.9,2026-09-15T22:14:00.000Z
DHA-FC-0996,MTF-0033,MED-ITEM-0996,18,54,0.77,2026-09-15T22:25:00.000Z
DHA-FC-0997,MTF-0034,MED-ITEM-0997,27,81,0.57,2026-09-15T22:36:00.000Z
DHA-FC-0998,MTF-0035,MED-ITEM-0998,90,270,0.82,2026-09-15T22:47:00.000Z
DHA-FC-0999,MTF-0036,MED-ITEM-0999,85,170,0.95,2026-09-15T22:58:00.000Z
DHA-FC-1000,MTF-0037,MED-ITEM-1000,57,114,0.92,2026-09-15T23:09:00.000Z
