policy_id,item_category,minimum_remaining_stock,transfer_requires_clinical_review,controlled_item,required_storage,review_role
DHA-POL-0001,routine_consumable,104,false,false,ambient,MEDLOG_OFFICER
DHA-POL-0002,cold_chain_vaccine,104,false,false,refrigerated_2_8C,CLINICAL_REVIEWER
DHA-POL-0003,blood_product,98,true,false,refrigerated_2_8C,CONTROLLED_MATERIEL_OFFICER
DHA-POL-0004,controlled_medication,127,true,true,controlled_access,MEDLOG_OFFICER
DHA-POL-0005,cold_chain_vaccine,171,false,false,refrigerated_2_8C,CLINICAL_REVIEWER
DHA-POL-0006,diagnostic_reagent,83,false,false,refrigerated_2_8C,CONTROLLED_MATERIEL_OFFICER
DHA-POL-0007,routine_consumable,139,false,false,frozen_minus_20C,MEDLOG_OFFICER
DHA-POL-0008,cold_chain_vaccine,228,true,false,refrigerated_2_8C,CLINICAL_REVIEWER
DHA-POL-0009,controlled_medication,166,true,true,controlled_access,CONTROLLED_MATERIEL_OFFICER
DHA-POL-0010,cold_chain_vaccine,219,false,false,refrigerated_2_8C,MEDLOG_OFFICER
DHA-POL-0011,sterile_surgical,44,false,false,frozen_minus_20C,CLINICAL_REVIEWER
DHA-POL-0012,diagnostic_reagent,212,false,false,controlled_access,CONTROLLED_MATERIEL_OFFICER
DHA-POL-0013,routine_consumable,201,true,false,ambient,MEDLOG_OFFICER
DHA-POL-0014,controlled_medication,234,true,true,controlled_access,CLINICAL_REVIEWER
DHA-POL-0015,cold_chain_vaccine,206,false,false,refrigerated_2_8C,CONTROLLED_MATERIEL_OFFICER
DHA-POL-0016,controlled_medication,248,false,false,controlled_access,MEDLOG_OFFICER
DHA-POL-0017,sterile_surgical,43,false,false,ambient,CLINICAL_REVIEWER
DHA-POL-0018,diagnostic_reagent,199,true,false,refrigerated_2_8C,CONTROLLED_MATERIEL_OFFICER
DHA-POL-0019,controlled_medication,92,true,true,controlled_access,MEDLOG_OFFICER
DHA-POL-0020,cold_chain_vaccine,235,false,false,refrigerated_2_8C,CLINICAL_REVIEWER
DHA-POL-0021,blood_product,156,false,false,refrigerated_2_8C,CONTROLLED_MATERIEL_OFFICER
DHA-POL-0022,controlled_medication,133,false,false,controlled_access,MEDLOG_OFFICER
DHA-POL-0023,sterile_surgical,119,true,false,frozen_minus_20C,CLINICAL_REVIEWER
DHA-POL-0024,controlled_medication,91,true,true,controlled_access,CONTROLLED_MATERIEL_OFFICER
DHA-POL-0025,cold_chain_vaccine,137,false,false,refrigerated_2_8C,MEDLOG_OFFICER
DHA-POL-0026,cold_chain_vaccine,138,false,false,refrigerated_2_8C,CLINICAL_REVIEWER
DHA-POL-0027,blood_product,200,false,false,refrigerated_2_8C,CONTROLLED_MATERIEL_OFFICER
DHA-POL-0028,controlled_medication,205,true,false,controlled_access,MEDLOG_OFFICER
DHA-POL-0029,controlled_medication,45,true,true,controlled_access,CLINICAL_REVIEWER
DHA-POL-0030,cold_chain_vaccine,227,false,false,refrigerated_2_8C,CONTROLLED_MATERIEL_OFFICER
DHA-POL-0031,routine_consumable,55,false,false,frozen_minus_20C,MEDLOG_OFFICER
DHA-POL-0032,cold_chain_vaccine,219,false,false,refrigerated_2_8C,CLINICAL_REVIEWER
DHA-POL-0033,blood_product,216,true,false,refrigerated_2_8C,CONTROLLED_MATERIEL_OFFICER
DHA-POL-0034,controlled_medication,103,true,true,controlled_access,MEDLOG_OFFICER
DHA-POL-0035,cold_chain_vaccine,227,false,false,refrigerated_2_8C,CLINICAL_REVIEWER
DHA-POL-0036,diagnostic_reagent,81,false,false,controlled_access,CONTROLLED_MATERIEL_OFFICER
DHA-POL-0037,routine_consumable,96,false,false,ambient,MEDLOG_OFFICER
DHA-POL-0038,cold_chain_vaccine,139,true,false,refrigerated_2_8C,CLINICAL_REVIEWER
DHA-POL-0039,controlled_medication,158,true,true,controlled_access,CONTROLLED_MATERIEL_OFFICER
DHA-POL-0040,cold_chain_vaccine,113,false,false,refrigerated_2_8C,MEDLOG_OFFICER
DHA-POL-0041,sterile_surgical,198,false,false,ambient,CLINICAL_REVIEWER
DHA-POL-0042,diagnostic_reagent,177,false,false,refrigerated_2_8C,CONTROLLED_MATERIEL_OFFICER
DHA-POL-0043,routine_consumable,110,true,false,frozen_minus_20C,MEDLOG_OFFICER
DHA-POL-0044,controlled_medication,170,true,true,controlled_access,CLINICAL_REVIEWER
DHA-POL-0045,cold_chain_vaccine,82,false,false,refrigerated_2_8C,CONTROLLED_MATERIEL_OFFICER
DHA-POL-0046,controlled_medication,155,false,false,controlled_access,MEDLOG_OFFICER
DHA-POL-0047,sterile_surgical,86,false,false,frozen_minus_20C,CLINICAL_REVIEWER
DHA-POL-0048,diagnostic_reagent,45,true,false,controlled_access,CONTROLLED_MATERIEL_OFFICER
DHA-POL-0049,controlled_medication,120,true,true,controlled_access,MEDLOG_OFFICER
DHA-POL-0050,cold_chain_vaccine,181,false,false,refrigerated_2_8C,CLINICAL_REVIEWER
DHA-POL-0051,blood_product,219,false,false,refrigerated_2_8C,CONTROLLED_MATERIEL_OFFICER
DHA-POL-0052,controlled_medication,201,false,false,controlled_access,MEDLOG_OFFICER
DHA-POL-0053,sterile_surgical,45,true,false,ambient,CLINICAL_REVIEWER
DHA-POL-0054,controlled_medication,183,true,true,controlled_access,CONTROLLED_MATERIEL_OFFICER
DHA-POL-0055,cold_chain_vaccine,72,false,false,refrigerated_2_8C,MEDLOG_OFFICER
DHA-POL-0056,cold_chain_vaccine,228,false,false,refrigerated_2_8C,CLINICAL_REVIEWER
DHA-POL-0057,blood_product,176,false,false,refrigerated_2_8C,CONTROLLED_MATERIEL_OFFICER
DHA-POL-0058,controlled_medication,191,true,false,controlled_access,MEDLOG_OFFICER
DHA-POL-0059,controlled_medication,133,true,true,controlled_access,CLINICAL_REVIEWER
DHA-POL-0060,cold_chain_vaccine,193,false,false,refrigerated_2_8C,CONTROLLED_MATERIEL_OFFICER
DHA-POL-0061,routine_consumable,199,false,false,ambient,MEDLOG_OFFICER
DHA-POL-0062,cold_chain_vaccine,161,false,false,refrigerated_2_8C,CLINICAL_REVIEWER
DHA-POL-0063,blood_product,166,true,false,refrigerated_2_8C,CONTROLLED_MATERIEL_OFFICER
DHA-POL-0064,controlled_medication,184,true,true,controlled_access,MEDLOG_OFFICER
DHA-POL-0065,cold_chain_vaccine,161,false,false,refrigerated_2_8C,CLINICAL_REVIEWER
DHA-POL-0066,diagnostic_reagent,65,false,false,refrigerated_2_8C,CONTROLLED_MATERIEL_OFFICER
DHA-POL-0067,routine_consumable,239,false,false,frozen_minus_20C,MEDLOG_OFFICER
DHA-POL-0068,cold_chain_vaccine,218,true,false,refrigerated_2_8C,CLINICAL_REVIEWER
DHA-POL-0069,controlled_medication,245,true,true,controlled_access,CONTROLLED_MATERIEL_OFFICER
DHA-POL-0070,cold_chain_vaccine,149,false,false,refrigerated_2_8C,MEDLOG_OFFICER
DHA-POL-0071,sterile_surgical,106,false,false,frozen_minus_20C,CLINICAL_REVIEWER
DHA-POL-0072,diagnostic_reagent,130,false,false,controlled_access,CONTROLLED_MATERIEL_OFFICER
DHA-POL-0073,routine_consumable,88,true,false,ambient,MEDLOG_OFFICER
DHA-POL-0074,controlled_medication,209,true,true,controlled_access,CLINICAL_REVIEWER
DHA-POL-0075,cold_chain_vaccine,198,false,false,refrigerated_2_8C,CONTROLLED_MATERIEL_OFFICER
DHA-POL-0076,controlled_medication,189,false,false,controlled_access,MEDLOG_OFFICER
DHA-POL-0077,sterile_surgical,78,false,false,ambient,CLINICAL_REVIEWER
DHA-POL-0078,diagnostic_reagent,102,true,false,refrigerated_2_8C,CONTROLLED_MATERIEL_OFFICER
DHA-POL-0079,controlled_medication,250,true,true,controlled_access,MEDLOG_OFFICER
DHA-POL-0080,cold_chain_vaccine,157,false,false,refrigerated_2_8C,CLINICAL_REVIEWER
DHA-POL-0081,blood_product,209,false,false,refrigerated_2_8C,CONTROLLED_MATERIEL_OFFICER
DHA-POL-0082,controlled_medication,245,false,false,controlled_access,MEDLOG_OFFICER
DHA-POL-0083,sterile_surgical,245,true,false,frozen_minus_20C,CLINICAL_REVIEWER
DHA-POL-0084,controlled_medication,98,true,true,controlled_access,CONTROLLED_MATERIEL_OFFICER
DHA-POL-0085,cold_chain_vaccine,120,false,false,refrigerated_2_8C,MEDLOG_OFFICER
DHA-POL-0086,cold_chain_vaccine,210,false,false,refrigerated_2_8C,CLINICAL_REVIEWER
DHA-POL-0087,blood_product,36,false,false,refrigerated_2_8C,CONTROLLED_MATERIEL_OFFICER
DHA-POL-0088,controlled_medication,91,true,false,controlled_access,MEDLOG_OFFICER
DHA-POL-0089,controlled_medication,230,true,true,controlled_access,CLINICAL_REVIEWER
DHA-POL-0090,cold_chain_vaccine,31,false,false,refrigerated_2_8C,CONTROLLED_MATERIEL_OFFICER
DHA-POL-0091,routine_consumable,233,false,false,frozen_minus_20C,MEDLOG_OFFICER
DHA-POL-0092,cold_chain_vaccine,50,false,false,refrigerated_2_8C,CLINICAL_REVIEWER
DHA-POL-0093,blood_product,180,true,false,refrigerated_2_8C,CONTROLLED_MATERIEL_OFFICER
DHA-POL-0094,controlled_medication,33,true,true,controlled_access,MEDLOG_OFFICER
DHA-POL-0095,cold_chain_vaccine,153,false,false,refrigerated_2_8C,CLINICAL_REVIEWER
DHA-POL-0096,diagnostic_reagent,248,false,false,controlled_access,CONTROLLED_MATERIEL_OFFICER
DHA-POL-0097,routine_consumable,131,false,false,ambient,MEDLOG_OFFICER
DHA-POL-0098,cold_chain_vaccine,120,true,false,refrigerated_2_8C,CLINICAL_REVIEWER
DHA-POL-0099,controlled_medication,185,true,true,controlled_access,CONTROLLED_MATERIEL_OFFICER
DHA-POL-0100,cold_chain_vaccine,84,false,false,refrigerated_2_8C,MEDLOG_OFFICER
DHA-POL-0101,sterile_surgical,141,false,false,ambient,CLINICAL_REVIEWER
DHA-POL-0102,diagnostic_reagent,200,false,false,refrigerated_2_8C,CONTROLLED_MATERIEL_OFFICER
DHA-POL-0103,routine_consumable,40,true,false,frozen_minus_20C,MEDLOG_OFFICER
DHA-POL-0104,controlled_medication,221,true,true,controlled_access,CLINICAL_REVIEWER
DHA-POL-0105,cold_chain_vaccine,176,false,false,refrigerated_2_8C,CONTROLLED_MATERIEL_OFFICER
DHA-POL-0106,controlled_medication,156,false,false,controlled_access,MEDLOG_OFFICER
DHA-POL-0107,sterile_surgical,146,false,false,frozen_minus_20C,CLINICAL_REVIEWER
DHA-POL-0108,diagnostic_reagent,238,true,false,controlled_access,CONTROLLED_MATERIEL_OFFICER
DHA-POL-0109,controlled_medication,68,true,true,controlled_access,MEDLOG_OFFICER
DHA-POL-0110,cold_chain_vaccine,245,false,false,refrigerated_2_8C,CLINICAL_REVIEWER
DHA-POL-0111,blood_product,193,false,false,refrigerated_2_8C,CONTROLLED_MATERIEL_OFFICER
DHA-POL-0112,controlled_medication,105,false,false,controlled_access,MEDLOG_OFFICER
DHA-POL-0113,sterile_surgical,111,true,false,ambient,CLINICAL_REVIEWER
DHA-POL-0114,controlled_medication,248,true,true,controlled_access,CONTROLLED_MATERIEL_OFFICER
DHA-POL-0115,cold_chain_vaccine,204,false,false,refrigerated_2_8C,MEDLOG_OFFICER
DHA-POL-0116,cold_chain_vaccine,179,false,false,refrigerated_2_8C,CLINICAL_REVIEWER
DHA-POL-0117,blood_product,150,false,false,refrigerated_2_8C,CONTROLLED_MATERIEL_OFFICER
DHA-POL-0118,controlled_medication,107,true,false,controlled_access,MEDLOG_OFFICER
DHA-POL-0119,controlled_medication,242,true,true,controlled_access,CLINICAL_REVIEWER
DHA-POL-0120,cold_chain_vaccine,188,false,false,refrigerated_2_8C,CONTROLLED_MATERIEL_OFFICER
DHA-POL-0121,routine_consumable,193,false,false,ambient,MEDLOG_OFFICER
DHA-POL-0122,cold_chain_vaccine,53,false,false,refrigerated_2_8C,CLINICAL_REVIEWER
DHA-POL-0123,blood_product,39,true,false,refrigerated_2_8C,CONTROLLED_MATERIEL_OFFICER
DHA-POL-0124,controlled_medication,173,true,true,controlled_access,MEDLOG_OFFICER
DHA-POL-0125,cold_chain_vaccine,56,false,false,refrigerated_2_8C,CLINICAL_REVIEWER
DHA-POL-0126,diagnostic_reagent,207,false,false,refrigerated_2_8C,CONTROLLED_MATERIEL_OFFICER
DHA-POL-0127,routine_consumable,74,false,false,frozen_minus_20C,MEDLOG_OFFICER
DHA-POL-0128,cold_chain_vaccine,222,true,false,refrigerated_2_8C,CLINICAL_REVIEWER
DHA-POL-0129,controlled_medication,84,true,true,controlled_access,CONTROLLED_MATERIEL_OFFICER
DHA-POL-0130,cold_chain_vaccine,180,false,false,refrigerated_2_8C,MEDLOG_OFFICER
DHA-POL-0131,sterile_surgical,190,false,false,frozen_minus_20C,CLINICAL_REVIEWER
DHA-POL-0132,diagnostic_reagent,84,false,false,controlled_access,CONTROLLED_MATERIEL_OFFICER
DHA-POL-0133,routine_consumable,126,true,false,ambient,MEDLOG_OFFICER
DHA-POL-0134,controlled_medication,105,true,true,controlled_access,CLINICAL_REVIEWER
DHA-POL-0135,cold_chain_vaccine,35,false,false,refrigerated_2_8C,CONTROLLED_MATERIEL_OFFICER
DHA-POL-0136,controlled_medication,246,false,false,controlled_access,MEDLOG_OFFICER
DHA-POL-0137,sterile_surgical,239,false,false,ambient,CLINICAL_REVIEWER
DHA-POL-0138,diagnostic_reagent,194,true,false,refrigerated_2_8C,CONTROLLED_MATERIEL_OFFICER
DHA-POL-0139,controlled_medication,190,true,true,controlled_access,MEDLOG_OFFICER
DHA-POL-0140,cold_chain_vaccine,150,false,false,refrigerated_2_8C,CLINICAL_REVIEWER
DHA-POL-0141,blood_product,198,false,false,refrigerated_2_8C,CONTROLLED_MATERIEL_OFFICER
DHA-POL-0142,controlled_medication,149,false,false,controlled_access,MEDLOG_OFFICER
DHA-POL-0143,sterile_surgical,201,true,false,frozen_minus_20C,CLINICAL_REVIEWER
DHA-POL-0144,controlled_medication,101,true,true,controlled_access,CONTROLLED_MATERIEL_OFFICER
DHA-POL-0145,cold_chain_vaccine,55,false,false,refrigerated_2_8C,MEDLOG_OFFICER
DHA-POL-0146,cold_chain_vaccine,48,false,false,refrigerated_2_8C,CLINICAL_REVIEWER
DHA-POL-0147,blood_product,200,false,false,refrigerated_2_8C,CONTROLLED_MATERIEL_OFFICER
DHA-POL-0148,controlled_medication,229,true,false,controlled_access,MEDLOG_OFFICER
DHA-POL-0149,controlled_medication,56,true,true,controlled_access,CLINICAL_REVIEWER
DHA-POL-0150,cold_chain_vaccine,159,false,false,refrigerated_2_8C,CONTROLLED_MATERIEL_OFFICER
DHA-POL-0151,routine_consumable,55,false,false,frozen_minus_20C,MEDLOG_OFFICER
DHA-POL-0152,cold_chain_vaccine,65,false,false,refrigerated_2_8C,CLINICAL_REVIEWER
DHA-POL-0153,blood_product,58,true,false,refrigerated_2_8C,CONTROLLED_MATERIEL_OFFICER
DHA-POL-0154,controlled_medication,103,true,true,controlled_access,MEDLOG_OFFICER
DHA-POL-0155,cold_chain_vaccine,158,false,false,refrigerated_2_8C,CLINICAL_REVIEWER
DHA-POL-0156,diagnostic_reagent,164,false,false,controlled_access,CONTROLLED_MATERIEL_OFFICER
DHA-POL-0157,routine_consumable,163,false,false,ambient,MEDLOG_OFFICER
DHA-POL-0158,cold_chain_vaccine,223,true,false,refrigerated_2_8C,CLINICAL_REVIEWER
DHA-POL-0159,controlled_medication,113,true,true,controlled_access,CONTROLLED_MATERIEL_OFFICER
DHA-POL-0160,cold_chain_vaccine,170,false,false,refrigerated_2_8C,MEDLOG_OFFICER
DHA-POL-0161,sterile_surgical,192,false,false,ambient,CLINICAL_REVIEWER
DHA-POL-0162,diagnostic_reagent,162,false,false,refrigerated_2_8C,CONTROLLED_MATERIEL_OFFICER
DHA-POL-0163,routine_consumable,228,true,false,frozen_minus_20C,MEDLOG_OFFICER
DHA-POL-0164,controlled_medication,158,true,true,controlled_access,CLINICAL_REVIEWER
DHA-POL-0165,cold_chain_vaccine,35,false,false,refrigerated_2_8C,CONTROLLED_MATERIEL_OFFICER
DHA-POL-0166,controlled_medication,66,false,false,controlled_access,MEDLOG_OFFICER
DHA-POL-0167,sterile_surgical,182,false,false,frozen_minus_20C,CLINICAL_REVIEWER
DHA-POL-0168,diagnostic_reagent,207,true,false,controlled_access,CONTROLLED_MATERIEL_OFFICER
DHA-POL-0169,controlled_medication,157,true,true,controlled_access,MEDLOG_OFFICER
DHA-POL-0170,cold_chain_vaccine,171,false,false,refrigerated_2_8C,CLINICAL_REVIEWER
DHA-POL-0171,blood_product,92,false,false,refrigerated_2_8C,CONTROLLED_MATERIEL_OFFICER
DHA-POL-0172,controlled_medication,65,false,false,controlled_access,MEDLOG_OFFICER
DHA-POL-0173,sterile_surgical,218,true,false,ambient,CLINICAL_REVIEWER
DHA-POL-0174,controlled_medication,100,true,true,controlled_access,CONTROLLED_MATERIEL_OFFICER
DHA-POL-0175,cold_chain_vaccine,244,false,false,refrigerated_2_8C,MEDLOG_OFFICER
DHA-POL-0176,cold_chain_vaccine,170,false,false,refrigerated_2_8C,CLINICAL_REVIEWER
DHA-POL-0177,blood_product,41,false,false,refrigerated_2_8C,CONTROLLED_MATERIEL_OFFICER
DHA-POL-0178,controlled_medication,170,true,false,controlled_access,MEDLOG_OFFICER
DHA-POL-0179,controlled_medication,190,true,true,controlled_access,CLINICAL_REVIEWER
DHA-POL-0180,cold_chain_vaccine,231,false,false,refrigerated_2_8C,CONTROLLED_MATERIEL_OFFICER
DHA-POL-0181,routine_consumable,137,false,false,ambient,MEDLOG_OFFICER
DHA-POL-0182,cold_chain_vaccine,157,false,false,refrigerated_2_8C,CLINICAL_REVIEWER
DHA-POL-0183,blood_product,184,true,false,refrigerated_2_8C,CONTROLLED_MATERIEL_OFFICER
DHA-POL-0184,controlled_medication,69,true,true,controlled_access,MEDLOG_OFFICER
DHA-POL-0185,cold_chain_vaccine,139,false,false,refrigerated_2_8C,CLINICAL_REVIEWER
DHA-POL-0186,diagnostic_reagent,142,false,false,refrigerated_2_8C,CONTROLLED_MATERIEL_OFFICER
DHA-POL-0187,routine_consumable,54,false,false,frozen_minus_20C,MEDLOG_OFFICER
DHA-POL-0188,cold_chain_vaccine,150,true,false,refrigerated_2_8C,CLINICAL_REVIEWER
DHA-POL-0189,controlled_medication,216,true,true,controlled_access,CONTROLLED_MATERIEL_OFFICER
DHA-POL-0190,cold_chain_vaccine,120,false,false,refrigerated_2_8C,MEDLOG_OFFICER
DHA-POL-0191,sterile_surgical,138,false,false,frozen_minus_20C,CLINICAL_REVIEWER
DHA-POL-0192,diagnostic_reagent,187,false,false,controlled_access,CONTROLLED_MATERIEL_OFFICER
DHA-POL-0193,routine_consumable,172,true,false,ambient,MEDLOG_OFFICER
DHA-POL-0194,controlled_medication,205,true,true,controlled_access,CLINICAL_REVIEWER
DHA-POL-0195,cold_chain_vaccine,128,false,false,refrigerated_2_8C,CONTROLLED_MATERIEL_OFFICER
DHA-POL-0196,controlled_medication,223,false,false,controlled_access,MEDLOG_OFFICER
DHA-POL-0197,sterile_surgical,77,false,false,ambient,CLINICAL_REVIEWER
DHA-POL-0198,diagnostic_reagent,236,true,false,refrigerated_2_8C,CONTROLLED_MATERIEL_OFFICER
DHA-POL-0199,controlled_medication,148,true,true,controlled_access,MEDLOG_OFFICER
DHA-POL-0200,cold_chain_vaccine,247,false,false,refrigerated_2_8C,CLINICAL_REVIEWER
DHA-POL-0201,blood_product,126,false,false,refrigerated_2_8C,CONTROLLED_MATERIEL_OFFICER
DHA-POL-0202,controlled_medication,49,false,false,controlled_access,MEDLOG_OFFICER
DHA-POL-0203,sterile_surgical,233,true,false,frozen_minus_20C,CLINICAL_REVIEWER
DHA-POL-0204,controlled_medication,211,true,true,controlled_access,CONTROLLED_MATERIEL_OFFICER
DHA-POL-0205,cold_chain_vaccine,140,false,false,refrigerated_2_8C,MEDLOG_OFFICER
DHA-POL-0206,cold_chain_vaccine,224,false,false,refrigerated_2_8C,CLINICAL_REVIEWER
DHA-POL-0207,blood_product,203,false,false,refrigerated_2_8C,CONTROLLED_MATERIEL_OFFICER
DHA-POL-0208,controlled_medication,145,true,false,controlled_access,MEDLOG_OFFICER
DHA-POL-0209,controlled_medication,60,true,true,controlled_access,CLINICAL_REVIEWER
DHA-POL-0210,cold_chain_vaccine,40,false,false,refrigerated_2_8C,CONTROLLED_MATERIEL_OFFICER
DHA-POL-0211,routine_consumable,203,false,false,frozen_minus_20C,MEDLOG_OFFICER
DHA-POL-0212,cold_chain_vaccine,144,false,false,refrigerated_2_8C,CLINICAL_REVIEWER
DHA-POL-0213,blood_product,185,true,false,refrigerated_2_8C,CONTROLLED_MATERIEL_OFFICER
DHA-POL-0214,controlled_medication,60,true,true,controlled_access,MEDLOG_OFFICER
DHA-POL-0215,cold_chain_vaccine,247,false,false,refrigerated_2_8C,CLINICAL_REVIEWER
DHA-POL-0216,diagnostic_reagent,30,false,false,controlled_access,CONTROLLED_MATERIEL_OFFICER
DHA-POL-0217,routine_consumable,190,false,false,ambient,MEDLOG_OFFICER
DHA-POL-0218,cold_chain_vaccine,244,true,false,refrigerated_2_8C,CLINICAL_REVIEWER
DHA-POL-0219,controlled_medication,37,true,true,controlled_access,CONTROLLED_MATERIEL_OFFICER
DHA-POL-0220,cold_chain_vaccine,127,false,false,refrigerated_2_8C,MEDLOG_OFFICER
DHA-POL-0221,sterile_surgical,196,false,false,ambient,CLINICAL_REVIEWER
DHA-POL-0222,diagnostic_reagent,219,false,false,refrigerated_2_8C,CONTROLLED_MATERIEL_OFFICER
DHA-POL-0223,routine_consumable,149,true,false,frozen_minus_20C,MEDLOG_OFFICER
DHA-POL-0224,controlled_medication,177,true,true,controlled_access,CLINICAL_REVIEWER
DHA-POL-0225,cold_chain_vaccine,174,false,false,refrigerated_2_8C,CONTROLLED_MATERIEL_OFFICER
DHA-POL-0226,controlled_medication,234,false,false,controlled_access,MEDLOG_OFFICER
DHA-POL-0227,sterile_surgical,231,false,false,frozen_minus_20C,CLINICAL_REVIEWER
DHA-POL-0228,diagnostic_reagent,168,true,false,controlled_access,CONTROLLED_MATERIEL_OFFICER
DHA-POL-0229,controlled_medication,178,true,true,controlled_access,MEDLOG_OFFICER
DHA-POL-0230,cold_chain_vaccine,50,false,false,refrigerated_2_8C,CLINICAL_REVIEWER
DHA-POL-0231,blood_product,60,false,false,refrigerated_2_8C,CONTROLLED_MATERIEL_OFFICER
DHA-POL-0232,controlled_medication,211,false,false,controlled_access,MEDLOG_OFFICER
DHA-POL-0233,sterile_surgical,227,true,false,ambient,CLINICAL_REVIEWER
DHA-POL-0234,controlled_medication,125,true,true,controlled_access,CONTROLLED_MATERIEL_OFFICER
DHA-POL-0235,cold_chain_vaccine,76,false,false,refrigerated_2_8C,MEDLOG_OFFICER
DHA-POL-0236,cold_chain_vaccine,238,false,false,refrigerated_2_8C,CLINICAL_REVIEWER
DHA-POL-0237,blood_product,247,false,false,refrigerated_2_8C,CONTROLLED_MATERIEL_OFFICER
DHA-POL-0238,controlled_medication,40,true,false,controlled_access,MEDLOG_OFFICER
DHA-POL-0239,controlled_medication,82,true,true,controlled_access,CLINICAL_REVIEWER
DHA-POL-0240,cold_chain_vaccine,113,false,false,refrigerated_2_8C,CONTROLLED_MATERIEL_OFFICER
DHA-POL-0241,routine_consumable,88,false,false,ambient,MEDLOG_OFFICER
DHA-POL-0242,cold_chain_vaccine,189,false,false,refrigerated_2_8C,CLINICAL_REVIEWER
DHA-POL-0243,blood_product,119,true,false,refrigerated_2_8C,CONTROLLED_MATERIEL_OFFICER
DHA-POL-0244,controlled_medication,123,true,true,controlled_access,MEDLOG_OFFICER
DHA-POL-0245,cold_chain_vaccine,144,false,false,refrigerated_2_8C,CLINICAL_REVIEWER
DHA-POL-0246,diagnostic_reagent,219,false,false,refrigerated_2_8C,CONTROLLED_MATERIEL_OFFICER
DHA-POL-0247,routine_consumable,105,false,false,frozen_minus_20C,MEDLOG_OFFICER
DHA-POL-0248,cold_chain_vaccine,138,true,false,refrigerated_2_8C,CLINICAL_REVIEWER
DHA-POL-0249,controlled_medication,60,true,true,controlled_access,CONTROLLED_MATERIEL_OFFICER
DHA-POL-0250,cold_chain_vaccine,155,false,false,refrigerated_2_8C,MEDLOG_OFFICER
DHA-POL-0251,sterile_surgical,157,false,false,frozen_minus_20C,CLINICAL_REVIEWER
DHA-POL-0252,diagnostic_reagent,174,false,false,controlled_access,CONTROLLED_MATERIEL_OFFICER
DHA-POL-0253,routine_consumable,131,true,false,ambient,MEDLOG_OFFICER
DHA-POL-0254,controlled_medication,234,true,true,controlled_access,CLINICAL_REVIEWER
DHA-POL-0255,cold_chain_vaccine,48,false,false,refrigerated_2_8C,CONTROLLED_MATERIEL_OFFICER
DHA-POL-0256,controlled_medication,76,false,false,controlled_access,MEDLOG_OFFICER
DHA-POL-0257,sterile_surgical,118,false,false,ambient,CLINICAL_REVIEWER
DHA-POL-0258,diagnostic_reagent,175,true,false,refrigerated_2_8C,CONTROLLED_MATERIEL_OFFICER
DHA-POL-0259,controlled_medication,67,true,true,controlled_access,MEDLOG_OFFICER
DHA-POL-0260,cold_chain_vaccine,83,false,false,refrigerated_2_8C,CLINICAL_REVIEWER
DHA-POL-0261,blood_product,195,false,false,refrigerated_2_8C,CONTROLLED_MATERIEL_OFFICER
DHA-POL-0262,controlled_medication,219,false,false,controlled_access,MEDLOG_OFFICER
DHA-POL-0263,sterile_surgical,61,true,false,frozen_minus_20C,CLINICAL_REVIEWER
DHA-POL-0264,controlled_medication,83,true,true,controlled_access,CONTROLLED_MATERIEL_OFFICER
DHA-POL-0265,cold_chain_vaccine,194,false,false,refrigerated_2_8C,MEDLOG_OFFICER
DHA-POL-0266,cold_chain_vaccine,146,false,false,refrigerated_2_8C,CLINICAL_REVIEWER
DHA-POL-0267,blood_product,151,false,false,refrigerated_2_8C,CONTROLLED_MATERIEL_OFFICER
DHA-POL-0268,controlled_medication,105,true,false,controlled_access,MEDLOG_OFFICER
DHA-POL-0269,controlled_medication,201,true,true,controlled_access,CLINICAL_REVIEWER
DHA-POL-0270,cold_chain_vaccine,233,false,false,refrigerated_2_8C,CONTROLLED_MATERIEL_OFFICER
DHA-POL-0271,routine_consumable,238,false,false,frozen_minus_20C,MEDLOG_OFFICER
DHA-POL-0272,cold_chain_vaccine,191,false,false,refrigerated_2_8C,CLINICAL_REVIEWER
DHA-POL-0273,blood_product,96,true,false,refrigerated_2_8C,CONTROLLED_MATERIEL_OFFICER
DHA-POL-0274,controlled_medication,48,true,true,controlled_access,MEDLOG_OFFICER
DHA-POL-0275,cold_chain_vaccine,113,false,false,refrigerated_2_8C,CLINICAL_REVIEWER
DHA-POL-0276,diagnostic_reagent,79,false,false,controlled_access,CONTROLLED_MATERIEL_OFFICER
DHA-POL-0277,routine_consumable,118,false,false,ambient,MEDLOG_OFFICER
DHA-POL-0278,cold_chain_vaccine,46,true,false,refrigerated_2_8C,CLINICAL_REVIEWER
DHA-POL-0279,controlled_medication,75,true,true,controlled_access,CONTROLLED_MATERIEL_OFFICER
DHA-POL-0280,cold_chain_vaccine,62,false,false,refrigerated_2_8C,MEDLOG_OFFICER
DHA-POL-0281,sterile_surgical,145,false,false,ambient,CLINICAL_REVIEWER
DHA-POL-0282,diagnostic_reagent,177,false,false,refrigerated_2_8C,CONTROLLED_MATERIEL_OFFICER
DHA-POL-0283,routine_consumable,205,true,false,frozen_minus_20C,MEDLOG_OFFICER
DHA-POL-0284,controlled_medication,237,true,true,controlled_access,CLINICAL_REVIEWER
DHA-POL-0285,cold_chain_vaccine,92,false,false,refrigerated_2_8C,CONTROLLED_MATERIEL_OFFICER
DHA-POL-0286,controlled_medication,162,false,false,controlled_access,MEDLOG_OFFICER
DHA-POL-0287,sterile_surgical,90,false,false,frozen_minus_20C,CLINICAL_REVIEWER
DHA-POL-0288,diagnostic_reagent,72,true,false,controlled_access,CONTROLLED_MATERIEL_OFFICER
DHA-POL-0289,controlled_medication,130,true,true,controlled_access,MEDLOG_OFFICER
DHA-POL-0290,cold_chain_vaccine,178,false,false,refrigerated_2_8C,CLINICAL_REVIEWER
DHA-POL-0291,blood_product,122,false,false,refrigerated_2_8C,CONTROLLED_MATERIEL_OFFICER
DHA-POL-0292,controlled_medication,31,false,false,controlled_access,MEDLOG_OFFICER
DHA-POL-0293,sterile_surgical,142,true,false,ambient,CLINICAL_REVIEWER
DHA-POL-0294,controlled_medication,78,true,true,controlled_access,CONTROLLED_MATERIEL_OFFICER
DHA-POL-0295,cold_chain_vaccine,90,false,false,refrigerated_2_8C,MEDLOG_OFFICER
DHA-POL-0296,cold_chain_vaccine,211,false,false,refrigerated_2_8C,CLINICAL_REVIEWER
DHA-POL-0297,blood_product,86,false,false,refrigerated_2_8C,CONTROLLED_MATERIEL_OFFICER
DHA-POL-0298,controlled_medication,196,true,false,controlled_access,MEDLOG_OFFICER
DHA-POL-0299,controlled_medication,64,true,true,controlled_access,CLINICAL_REVIEWER
DHA-POL-0300,cold_chain_vaccine,75,false,false,refrigerated_2_8C,CONTROLLED_MATERIEL_OFFICER
DHA-POL-0301,routine_consumable,150,false,false,ambient,MEDLOG_OFFICER
DHA-POL-0302,cold_chain_vaccine,219,false,false,refrigerated_2_8C,CLINICAL_REVIEWER
DHA-POL-0303,blood_product,47,true,false,refrigerated_2_8C,CONTROLLED_MATERIEL_OFFICER
DHA-POL-0304,controlled_medication,84,true,true,controlled_access,MEDLOG_OFFICER
DHA-POL-0305,cold_chain_vaccine,40,false,false,refrigerated_2_8C,CLINICAL_REVIEWER
DHA-POL-0306,diagnostic_reagent,158,false,false,refrigerated_2_8C,CONTROLLED_MATERIEL_OFFICER
DHA-POL-0307,routine_consumable,211,false,false,frozen_minus_20C,MEDLOG_OFFICER
DHA-POL-0308,cold_chain_vaccine,119,true,false,refrigerated_2_8C,CLINICAL_REVIEWER
DHA-POL-0309,controlled_medication,143,true,true,controlled_access,CONTROLLED_MATERIEL_OFFICER
DHA-POL-0310,cold_chain_vaccine,232,false,false,refrigerated_2_8C,MEDLOG_OFFICER
DHA-POL-0311,sterile_surgical,50,false,false,frozen_minus_20C,CLINICAL_REVIEWER
DHA-POL-0312,diagnostic_reagent,53,false,false,controlled_access,CONTROLLED_MATERIEL_OFFICER
DHA-POL-0313,routine_consumable,55,true,false,ambient,MEDLOG_OFFICER
DHA-POL-0314,controlled_medication,62,true,true,controlled_access,CLINICAL_REVIEWER
DHA-POL-0315,cold_chain_vaccine,158,false,false,refrigerated_2_8C,CONTROLLED_MATERIEL_OFFICER
DHA-POL-0316,controlled_medication,127,false,false,controlled_access,MEDLOG_OFFICER
DHA-POL-0317,sterile_surgical,196,false,false,ambient,CLINICAL_REVIEWER
DHA-POL-0318,diagnostic_reagent,55,true,false,refrigerated_2_8C,CONTROLLED_MATERIEL_OFFICER
DHA-POL-0319,controlled_medication,213,true,true,controlled_access,MEDLOG_OFFICER
DHA-POL-0320,cold_chain_vaccine,163,false,false,refrigerated_2_8C,CLINICAL_REVIEWER
DHA-POL-0321,blood_product,111,false,false,refrigerated_2_8C,CONTROLLED_MATERIEL_OFFICER
DHA-POL-0322,controlled_medication,177,false,false,controlled_access,MEDLOG_OFFICER
DHA-POL-0323,sterile_surgical,72,true,false,frozen_minus_20C,CLINICAL_REVIEWER
DHA-POL-0324,controlled_medication,52,true,true,controlled_access,CONTROLLED_MATERIEL_OFFICER
DHA-POL-0325,cold_chain_vaccine,188,false,false,refrigerated_2_8C,MEDLOG_OFFICER
DHA-POL-0326,cold_chain_vaccine,231,false,false,refrigerated_2_8C,CLINICAL_REVIEWER
DHA-POL-0327,blood_product,105,false,false,refrigerated_2_8C,CONTROLLED_MATERIEL_OFFICER
DHA-POL-0328,controlled_medication,199,true,false,controlled_access,MEDLOG_OFFICER
DHA-POL-0329,controlled_medication,59,true,true,controlled_access,CLINICAL_REVIEWER
DHA-POL-0330,cold_chain_vaccine,250,false,false,refrigerated_2_8C,CONTROLLED_MATERIEL_OFFICER
DHA-POL-0331,routine_consumable,46,false,false,frozen_minus_20C,MEDLOG_OFFICER
DHA-POL-0332,cold_chain_vaccine,59,false,false,refrigerated_2_8C,CLINICAL_REVIEWER
DHA-POL-0333,blood_product,68,true,false,refrigerated_2_8C,CONTROLLED_MATERIEL_OFFICER
DHA-POL-0334,controlled_medication,137,true,true,controlled_access,MEDLOG_OFFICER
DHA-POL-0335,cold_chain_vaccine,120,false,false,refrigerated_2_8C,CLINICAL_REVIEWER
DHA-POL-0336,diagnostic_reagent,193,false,false,controlled_access,CONTROLLED_MATERIEL_OFFICER
DHA-POL-0337,routine_consumable,90,false,false,ambient,MEDLOG_OFFICER
DHA-POL-0338,cold_chain_vaccine,176,true,false,refrigerated_2_8C,CLINICAL_REVIEWER
DHA-POL-0339,controlled_medication,68,true,true,controlled_access,CONTROLLED_MATERIEL_OFFICER
DHA-POL-0340,cold_chain_vaccine,104,false,false,refrigerated_2_8C,MEDLOG_OFFICER
DHA-POL-0341,sterile_surgical,188,false,false,ambient,CLINICAL_REVIEWER
DHA-POL-0342,diagnostic_reagent,85,false,false,refrigerated_2_8C,CONTROLLED_MATERIEL_OFFICER
DHA-POL-0343,routine_consumable,161,true,false,frozen_minus_20C,MEDLOG_OFFICER
DHA-POL-0344,controlled_medication,65,true,true,controlled_access,CLINICAL_REVIEWER
DHA-POL-0345,cold_chain_vaccine,163,false,false,refrigerated_2_8C,CONTROLLED_MATERIEL_OFFICER
DHA-POL-0346,controlled_medication,120,false,false,controlled_access,MEDLOG_OFFICER
DHA-POL-0347,sterile_surgical,171,false,false,frozen_minus_20C,CLINICAL_REVIEWER
DHA-POL-0348,diagnostic_reagent,183,true,false,controlled_access,CONTROLLED_MATERIEL_OFFICER
DHA-POL-0349,controlled_medication,161,true,true,controlled_access,MEDLOG_OFFICER
DHA-POL-0350,cold_chain_vaccine,247,false,false,refrigerated_2_8C,CLINICAL_REVIEWER
DHA-POL-0351,blood_product,42,false,false,refrigerated_2_8C,CONTROLLED_MATERIEL_OFFICER
DHA-POL-0352,controlled_medication,157,false,false,controlled_access,MEDLOG_OFFICER
DHA-POL-0353,sterile_surgical,167,true,false,ambient,CLINICAL_REVIEWER
DHA-POL-0354,controlled_medication,109,true,true,controlled_access,CONTROLLED_MATERIEL_OFFICER
DHA-POL-0355,cold_chain_vaccine,107,false,false,refrigerated_2_8C,MEDLOG_OFFICER
DHA-POL-0356,cold_chain_vaccine,161,false,false,refrigerated_2_8C,CLINICAL_REVIEWER
DHA-POL-0357,blood_product,216,false,false,refrigerated_2_8C,CONTROLLED_MATERIEL_OFFICER
DHA-POL-0358,controlled_medication,131,true,false,controlled_access,MEDLOG_OFFICER
DHA-POL-0359,controlled_medication,80,true,true,controlled_access,CLINICAL_REVIEWER
DHA-POL-0360,cold_chain_vaccine,237,false,false,refrigerated_2_8C,CONTROLLED_MATERIEL_OFFICER
DHA-POL-0361,routine_consumable,150,false,false,ambient,MEDLOG_OFFICER
DHA-POL-0362,cold_chain_vaccine,176,false,false,refrigerated_2_8C,CLINICAL_REVIEWER
DHA-POL-0363,blood_product,72,true,false,refrigerated_2_8C,CONTROLLED_MATERIEL_OFFICER
DHA-POL-0364,controlled_medication,53,true,true,controlled_access,MEDLOG_OFFICER
DHA-POL-0365,cold_chain_vaccine,195,false,false,refrigerated_2_8C,CLINICAL_REVIEWER
DHA-POL-0366,diagnostic_reagent,183,false,false,refrigerated_2_8C,CONTROLLED_MATERIEL_OFFICER
DHA-POL-0367,routine_consumable,92,false,false,frozen_minus_20C,MEDLOG_OFFICER
DHA-POL-0368,cold_chain_vaccine,66,true,false,refrigerated_2_8C,CLINICAL_REVIEWER
DHA-POL-0369,controlled_medication,183,true,true,controlled_access,CONTROLLED_MATERIEL_OFFICER
DHA-POL-0370,cold_chain_vaccine,207,false,false,refrigerated_2_8C,MEDLOG_OFFICER
DHA-POL-0371,sterile_surgical,76,false,false,frozen_minus_20C,CLINICAL_REVIEWER
DHA-POL-0372,diagnostic_reagent,94,false,false,controlled_access,CONTROLLED_MATERIEL_OFFICER
DHA-POL-0373,routine_consumable,160,true,false,ambient,MEDLOG_OFFICER
DHA-POL-0374,controlled_medication,192,true,true,controlled_access,CLINICAL_REVIEWER
DHA-POL-0375,cold_chain_vaccine,115,false,false,refrigerated_2_8C,CONTROLLED_MATERIEL_OFFICER
DHA-POL-0376,controlled_medication,192,false,false,controlled_access,MEDLOG_OFFICER
DHA-POL-0377,sterile_surgical,58,false,false,ambient,CLINICAL_REVIEWER
DHA-POL-0378,diagnostic_reagent,111,true,false,refrigerated_2_8C,CONTROLLED_MATERIEL_OFFICER
DHA-POL-0379,controlled_medication,145,true,true,controlled_access,MEDLOG_OFFICER
DHA-POL-0380,cold_chain_vaccine,169,false,false,refrigerated_2_8C,CLINICAL_REVIEWER
DHA-POL-0381,blood_product,195,false,false,refrigerated_2_8C,CONTROLLED_MATERIEL_OFFICER
DHA-POL-0382,controlled_medication,246,false,false,controlled_access,MEDLOG_OFFICER
DHA-POL-0383,sterile_surgical,213,true,false,frozen_minus_20C,CLINICAL_REVIEWER
DHA-POL-0384,controlled_medication,114,true,true,controlled_access,CONTROLLED_MATERIEL_OFFICER
DHA-POL-0385,cold_chain_vaccine,175,false,false,refrigerated_2_8C,MEDLOG_OFFICER
DHA-POL-0386,cold_chain_vaccine,134,false,false,refrigerated_2_8C,CLINICAL_REVIEWER
DHA-POL-0387,blood_product,46,false,false,refrigerated_2_8C,CONTROLLED_MATERIEL_OFFICER
DHA-POL-0388,controlled_medication,130,true,false,controlled_access,MEDLOG_OFFICER
DHA-POL-0389,controlled_medication,43,true,true,controlled_access,CLINICAL_REVIEWER
DHA-POL-0390,cold_chain_vaccine,59,false,false,refrigerated_2_8C,CONTROLLED_MATERIEL_OFFICER
DHA-POL-0391,routine_consumable,228,false,false,frozen_minus_20C,MEDLOG_OFFICER
DHA-POL-0392,cold_chain_vaccine,214,false,false,refrigerated_2_8C,CLINICAL_REVIEWER
DHA-POL-0393,blood_product,55,true,false,refrigerated_2_8C,CONTROLLED_MATERIEL_OFFICER
DHA-POL-0394,controlled_medication,179,true,true,controlled_access,MEDLOG_OFFICER
DHA-POL-0395,cold_chain_vaccine,76,false,false,refrigerated_2_8C,CLINICAL_REVIEWER
DHA-POL-0396,diagnostic_reagent,138,false,false,controlled_access,CONTROLLED_MATERIEL_OFFICER
DHA-POL-0397,routine_consumable,150,false,false,ambient,MEDLOG_OFFICER
DHA-POL-0398,cold_chain_vaccine,173,true,false,refrigerated_2_8C,CLINICAL_REVIEWER
DHA-POL-0399,controlled_medication,163,true,true,controlled_access,CONTROLLED_MATERIEL_OFFICER
DHA-POL-0400,cold_chain_vaccine,164,false,false,refrigerated_2_8C,MEDLOG_OFFICER
DHA-POL-0401,sterile_surgical,246,false,false,ambient,CLINICAL_REVIEWER
DHA-POL-0402,diagnostic_reagent,137,false,false,refrigerated_2_8C,CONTROLLED_MATERIEL_OFFICER
DHA-POL-0403,routine_consumable,37,true,false,frozen_minus_20C,MEDLOG_OFFICER
DHA-POL-0404,controlled_medication,123,true,true,controlled_access,CLINICAL_REVIEWER
DHA-POL-0405,cold_chain_vaccine,119,false,false,refrigerated_2_8C,CONTROLLED_MATERIEL_OFFICER
DHA-POL-0406,controlled_medication,200,false,false,controlled_access,MEDLOG_OFFICER
DHA-POL-0407,sterile_surgical,78,false,false,frozen_minus_20C,CLINICAL_REVIEWER
DHA-POL-0408,diagnostic_reagent,225,true,false,controlled_access,CONTROLLED_MATERIEL_OFFICER
DHA-POL-0409,controlled_medication,94,true,true,controlled_access,MEDLOG_OFFICER
DHA-POL-0410,cold_chain_vaccine,129,false,false,refrigerated_2_8C,CLINICAL_REVIEWER
DHA-POL-0411,blood_product,160,false,false,refrigerated_2_8C,CONTROLLED_MATERIEL_OFFICER
DHA-POL-0412,controlled_medication,153,false,false,controlled_access,MEDLOG_OFFICER
DHA-POL-0413,sterile_surgical,106,true,false,ambient,CLINICAL_REVIEWER
DHA-POL-0414,controlled_medication,62,true,true,controlled_access,CONTROLLED_MATERIEL_OFFICER
DHA-POL-0415,cold_chain_vaccine,164,false,false,refrigerated_2_8C,MEDLOG_OFFICER
DHA-POL-0416,cold_chain_vaccine,124,false,false,refrigerated_2_8C,CLINICAL_REVIEWER
DHA-POL-0417,blood_product,224,false,false,refrigerated_2_8C,CONTROLLED_MATERIEL_OFFICER
DHA-POL-0418,controlled_medication,198,true,false,controlled_access,MEDLOG_OFFICER
DHA-POL-0419,controlled_medication,224,true,true,controlled_access,CLINICAL_REVIEWER
DHA-POL-0420,cold_chain_vaccine,146,false,false,refrigerated_2_8C,CONTROLLED_MATERIEL_OFFICER
DHA-POL-0421,routine_consumable,83,false,false,ambient,MEDLOG_OFFICER
DHA-POL-0422,cold_chain_vaccine,247,false,false,refrigerated_2_8C,CLINICAL_REVIEWER
DHA-POL-0423,blood_product,115,true,false,refrigerated_2_8C,CONTROLLED_MATERIEL_OFFICER
DHA-POL-0424,controlled_medication,157,true,true,controlled_access,MEDLOG_OFFICER
DHA-POL-0425,cold_chain_vaccine,231,false,false,refrigerated_2_8C,CLINICAL_REVIEWER
DHA-POL-0426,diagnostic_reagent,133,false,false,refrigerated_2_8C,CONTROLLED_MATERIEL_OFFICER
DHA-POL-0427,routine_consumable,176,false,false,frozen_minus_20C,MEDLOG_OFFICER
DHA-POL-0428,cold_chain_vaccine,40,true,false,refrigerated_2_8C,CLINICAL_REVIEWER
DHA-POL-0429,controlled_medication,43,true,true,controlled_access,CONTROLLED_MATERIEL_OFFICER
DHA-POL-0430,cold_chain_vaccine,198,false,false,refrigerated_2_8C,MEDLOG_OFFICER
DHA-POL-0431,sterile_surgical,225,false,false,frozen_minus_20C,CLINICAL_REVIEWER
DHA-POL-0432,diagnostic_reagent,97,false,false,controlled_access,CONTROLLED_MATERIEL_OFFICER
DHA-POL-0433,routine_consumable,197,true,false,ambient,MEDLOG_OFFICER
DHA-POL-0434,controlled_medication,79,true,true,controlled_access,CLINICAL_REVIEWER
DHA-POL-0435,cold_chain_vaccine,44,false,false,refrigerated_2_8C,CONTROLLED_MATERIEL_OFFICER
DHA-POL-0436,controlled_medication,202,false,false,controlled_access,MEDLOG_OFFICER
DHA-POL-0437,sterile_surgical,59,false,false,ambient,CLINICAL_REVIEWER
DHA-POL-0438,diagnostic_reagent,149,true,false,refrigerated_2_8C,CONTROLLED_MATERIEL_OFFICER
DHA-POL-0439,controlled_medication,234,true,true,controlled_access,MEDLOG_OFFICER
DHA-POL-0440,cold_chain_vaccine,101,false,false,refrigerated_2_8C,CLINICAL_REVIEWER
DHA-POL-0441,blood_product,60,false,false,refrigerated_2_8C,CONTROLLED_MATERIEL_OFFICER
DHA-POL-0442,controlled_medication,163,false,false,controlled_access,MEDLOG_OFFICER
DHA-POL-0443,sterile_surgical,40,true,false,frozen_minus_20C,CLINICAL_REVIEWER
DHA-POL-0444,controlled_medication,72,true,true,controlled_access,CONTROLLED_MATERIEL_OFFICER
DHA-POL-0445,cold_chain_vaccine,191,false,false,refrigerated_2_8C,MEDLOG_OFFICER
DHA-POL-0446,cold_chain_vaccine,204,false,false,refrigerated_2_8C,CLINICAL_REVIEWER
DHA-POL-0447,blood_product,125,false,false,refrigerated_2_8C,CONTROLLED_MATERIEL_OFFICER
DHA-POL-0448,controlled_medication,90,true,false,controlled_access,MEDLOG_OFFICER
DHA-POL-0449,controlled_medication,169,true,true,controlled_access,CLINICAL_REVIEWER
DHA-POL-0450,cold_chain_vaccine,247,false,false,refrigerated_2_8C,CONTROLLED_MATERIEL_OFFICER
DHA-POL-0451,routine_consumable,165,false,false,frozen_minus_20C,MEDLOG_OFFICER
DHA-POL-0452,cold_chain_vaccine,153,false,false,refrigerated_2_8C,CLINICAL_REVIEWER
DHA-POL-0453,blood_product,244,true,false,refrigerated_2_8C,CONTROLLED_MATERIEL_OFFICER
DHA-POL-0454,controlled_medication,210,true,true,controlled_access,MEDLOG_OFFICER
DHA-POL-0455,cold_chain_vaccine,210,false,false,refrigerated_2_8C,CLINICAL_REVIEWER
DHA-POL-0456,diagnostic_reagent,240,false,false,controlled_access,CONTROLLED_MATERIEL_OFFICER
DHA-POL-0457,routine_consumable,132,false,false,ambient,MEDLOG_OFFICER
DHA-POL-0458,cold_chain_vaccine,250,true,false,refrigerated_2_8C,CLINICAL_REVIEWER
DHA-POL-0459,controlled_medication,231,true,true,controlled_access,CONTROLLED_MATERIEL_OFFICER
DHA-POL-0460,cold_chain_vaccine,237,false,false,refrigerated_2_8C,MEDLOG_OFFICER
DHA-POL-0461,sterile_surgical,247,false,false,ambient,CLINICAL_REVIEWER
DHA-POL-0462,diagnostic_reagent,191,false,false,refrigerated_2_8C,CONTROLLED_MATERIEL_OFFICER
DHA-POL-0463,routine_consumable,71,true,false,frozen_minus_20C,MEDLOG_OFFICER
DHA-POL-0464,controlled_medication,169,true,true,controlled_access,CLINICAL_REVIEWER
DHA-POL-0465,cold_chain_vaccine,161,false,false,refrigerated_2_8C,CONTROLLED_MATERIEL_OFFICER
DHA-POL-0466,controlled_medication,147,false,false,controlled_access,MEDLOG_OFFICER
DHA-POL-0467,sterile_surgical,46,false,false,frozen_minus_20C,CLINICAL_REVIEWER
DHA-POL-0468,diagnostic_reagent,95,true,false,controlled_access,CONTROLLED_MATERIEL_OFFICER
DHA-POL-0469,controlled_medication,130,true,true,controlled_access,MEDLOG_OFFICER
DHA-POL-0470,cold_chain_vaccine,248,false,false,refrigerated_2_8C,CLINICAL_REVIEWER
DHA-POL-0471,blood_product,120,false,false,refrigerated_2_8C,CONTROLLED_MATERIEL_OFFICER
DHA-POL-0472,controlled_medication,117,false,false,controlled_access,MEDLOG_OFFICER
DHA-POL-0473,sterile_surgical,66,true,false,ambient,CLINICAL_REVIEWER
DHA-POL-0474,controlled_medication,92,true,true,controlled_access,CONTROLLED_MATERIEL_OFFICER
DHA-POL-0475,cold_chain_vaccine,232,false,false,refrigerated_2_8C,MEDLOG_OFFICER
DHA-POL-0476,cold_chain_vaccine,168,false,false,refrigerated_2_8C,CLINICAL_REVIEWER
DHA-POL-0477,blood_product,128,false,false,refrigerated_2_8C,CONTROLLED_MATERIEL_OFFICER
DHA-POL-0478,controlled_medication,136,true,false,controlled_access,MEDLOG_OFFICER
DHA-POL-0479,controlled_medication,231,true,true,controlled_access,CLINICAL_REVIEWER
DHA-POL-0480,cold_chain_vaccine,165,false,false,refrigerated_2_8C,CONTROLLED_MATERIEL_OFFICER
DHA-POL-0481,routine_consumable,78,false,false,ambient,MEDLOG_OFFICER
DHA-POL-0482,cold_chain_vaccine,232,false,false,refrigerated_2_8C,CLINICAL_REVIEWER
DHA-POL-0483,blood_product,128,true,false,refrigerated_2_8C,CONTROLLED_MATERIEL_OFFICER
DHA-POL-0484,controlled_medication,68,true,true,controlled_access,MEDLOG_OFFICER
DHA-POL-0485,cold_chain_vaccine,144,false,false,refrigerated_2_8C,CLINICAL_REVIEWER
DHA-POL-0486,diagnostic_reagent,76,false,false,refrigerated_2_8C,CONTROLLED_MATERIEL_OFFICER
DHA-POL-0487,routine_consumable,113,false,false,frozen_minus_20C,MEDLOG_OFFICER
DHA-POL-0488,cold_chain_vaccine,113,true,false,refrigerated_2_8C,CLINICAL_REVIEWER
DHA-POL-0489,controlled_medication,193,true,true,controlled_access,CONTROLLED_MATERIEL_OFFICER
DHA-POL-0490,cold_chain_vaccine,191,false,false,refrigerated_2_8C,MEDLOG_OFFICER
DHA-POL-0491,sterile_surgical,62,false,false,frozen_minus_20C,CLINICAL_REVIEWER
DHA-POL-0492,diagnostic_reagent,184,false,false,controlled_access,CONTROLLED_MATERIEL_OFFICER
DHA-POL-0493,routine_consumable,75,true,false,ambient,MEDLOG_OFFICER
DHA-POL-0494,controlled_medication,142,true,true,controlled_access,CLINICAL_REVIEWER
DHA-POL-0495,cold_chain_vaccine,68,false,false,refrigerated_2_8C,CONTROLLED_MATERIEL_OFFICER
DHA-POL-0496,controlled_medication,51,false,false,controlled_access,MEDLOG_OFFICER
DHA-POL-0497,sterile_surgical,35,false,false,ambient,CLINICAL_REVIEWER
DHA-POL-0498,diagnostic_reagent,237,true,false,refrigerated_2_8C,CONTROLLED_MATERIEL_OFFICER
DHA-POL-0499,controlled_medication,59,true,true,controlled_access,MEDLOG_OFFICER
DHA-POL-0500,cold_chain_vaccine,207,false,false,refrigerated_2_8C,CLINICAL_REVIEWER
DHA-POL-0501,blood_product,197,false,false,refrigerated_2_8C,CONTROLLED_MATERIEL_OFFICER
DHA-POL-0502,controlled_medication,210,false,false,controlled_access,MEDLOG_OFFICER
DHA-POL-0503,sterile_surgical,174,true,false,frozen_minus_20C,CLINICAL_REVIEWER
DHA-POL-0504,controlled_medication,49,true,true,controlled_access,CONTROLLED_MATERIEL_OFFICER
DHA-POL-0505,cold_chain_vaccine,104,false,false,refrigerated_2_8C,MEDLOG_OFFICER
DHA-POL-0506,cold_chain_vaccine,133,false,false,refrigerated_2_8C,CLINICAL_REVIEWER
DHA-POL-0507,blood_product,42,false,false,refrigerated_2_8C,CONTROLLED_MATERIEL_OFFICER
DHA-POL-0508,controlled_medication,108,true,false,controlled_access,MEDLOG_OFFICER
DHA-POL-0509,controlled_medication,81,true,true,controlled_access,CLINICAL_REVIEWER
DHA-POL-0510,cold_chain_vaccine,41,false,false,refrigerated_2_8C,CONTROLLED_MATERIEL_OFFICER
DHA-POL-0511,routine_consumable,83,false,false,frozen_minus_20C,MEDLOG_OFFICER
DHA-POL-0512,cold_chain_vaccine,90,false,false,refrigerated_2_8C,CLINICAL_REVIEWER
DHA-POL-0513,blood_product,228,true,false,refrigerated_2_8C,CONTROLLED_MATERIEL_OFFICER
DHA-POL-0514,controlled_medication,106,true,true,controlled_access,MEDLOG_OFFICER
DHA-POL-0515,cold_chain_vaccine,222,false,false,refrigerated_2_8C,CLINICAL_REVIEWER
DHA-POL-0516,diagnostic_reagent,230,false,false,controlled_access,CONTROLLED_MATERIEL_OFFICER
DHA-POL-0517,routine_consumable,223,false,false,ambient,MEDLOG_OFFICER
DHA-POL-0518,cold_chain_vaccine,141,true,false,refrigerated_2_8C,CLINICAL_REVIEWER
DHA-POL-0519,controlled_medication,107,true,true,controlled_access,CONTROLLED_MATERIEL_OFFICER
DHA-POL-0520,cold_chain_vaccine,229,false,false,refrigerated_2_8C,MEDLOG_OFFICER
DHA-POL-0521,sterile_surgical,70,false,false,ambient,CLINICAL_REVIEWER
DHA-POL-0522,diagnostic_reagent,173,false,false,refrigerated_2_8C,CONTROLLED_MATERIEL_OFFICER
DHA-POL-0523,routine_consumable,116,true,false,frozen_minus_20C,MEDLOG_OFFICER
DHA-POL-0524,controlled_medication,88,true,true,controlled_access,CLINICAL_REVIEWER
DHA-POL-0525,cold_chain_vaccine,212,false,false,refrigerated_2_8C,CONTROLLED_MATERIEL_OFFICER
DHA-POL-0526,controlled_medication,98,false,false,controlled_access,MEDLOG_OFFICER
DHA-POL-0527,sterile_surgical,45,false,false,frozen_minus_20C,CLINICAL_REVIEWER
DHA-POL-0528,diagnostic_reagent,108,true,false,controlled_access,CONTROLLED_MATERIEL_OFFICER
DHA-POL-0529,controlled_medication,147,true,true,controlled_access,MEDLOG_OFFICER
DHA-POL-0530,cold_chain_vaccine,30,false,false,refrigerated_2_8C,CLINICAL_REVIEWER
DHA-POL-0531,blood_product,176,false,false,refrigerated_2_8C,CONTROLLED_MATERIEL_OFFICER
DHA-POL-0532,controlled_medication,34,false,false,controlled_access,MEDLOG_OFFICER
DHA-POL-0533,sterile_surgical,56,true,false,ambient,CLINICAL_REVIEWER
DHA-POL-0534,controlled_medication,141,true,true,controlled_access,CONTROLLED_MATERIEL_OFFICER
DHA-POL-0535,cold_chain_vaccine,189,false,false,refrigerated_2_8C,MEDLOG_OFFICER
DHA-POL-0536,cold_chain_vaccine,36,false,false,refrigerated_2_8C,CLINICAL_REVIEWER
DHA-POL-0537,blood_product,41,false,false,refrigerated_2_8C,CONTROLLED_MATERIEL_OFFICER
DHA-POL-0538,controlled_medication,173,true,false,controlled_access,MEDLOG_OFFICER
DHA-POL-0539,controlled_medication,61,true,true,controlled_access,CLINICAL_REVIEWER
DHA-POL-0540,cold_chain_vaccine,84,false,false,refrigerated_2_8C,CONTROLLED_MATERIEL_OFFICER
DHA-POL-0541,routine_consumable,39,false,false,ambient,MEDLOG_OFFICER
DHA-POL-0542,cold_chain_vaccine,165,false,false,refrigerated_2_8C,CLINICAL_REVIEWER
DHA-POL-0543,blood_product,72,true,false,refrigerated_2_8C,CONTROLLED_MATERIEL_OFFICER
DHA-POL-0544,controlled_medication,82,true,true,controlled_access,MEDLOG_OFFICER
DHA-POL-0545,cold_chain_vaccine,222,false,false,refrigerated_2_8C,CLINICAL_REVIEWER
DHA-POL-0546,diagnostic_reagent,49,false,false,refrigerated_2_8C,CONTROLLED_MATERIEL_OFFICER
DHA-POL-0547,routine_consumable,188,false,false,frozen_minus_20C,MEDLOG_OFFICER
DHA-POL-0548,cold_chain_vaccine,67,true,false,refrigerated_2_8C,CLINICAL_REVIEWER
DHA-POL-0549,controlled_medication,190,true,true,controlled_access,CONTROLLED_MATERIEL_OFFICER
DHA-POL-0550,cold_chain_vaccine,207,false,false,refrigerated_2_8C,MEDLOG_OFFICER
DHA-POL-0551,sterile_surgical,48,false,false,frozen_minus_20C,CLINICAL_REVIEWER
DHA-POL-0552,diagnostic_reagent,80,false,false,controlled_access,CONTROLLED_MATERIEL_OFFICER
DHA-POL-0553,routine_consumable,178,true,false,ambient,MEDLOG_OFFICER
DHA-POL-0554,controlled_medication,85,true,true,controlled_access,CLINICAL_REVIEWER
DHA-POL-0555,cold_chain_vaccine,137,false,false,refrigerated_2_8C,CONTROLLED_MATERIEL_OFFICER
DHA-POL-0556,controlled_medication,242,false,false,controlled_access,MEDLOG_OFFICER
DHA-POL-0557,sterile_surgical,61,false,false,ambient,CLINICAL_REVIEWER
DHA-POL-0558,diagnostic_reagent,168,true,false,refrigerated_2_8C,CONTROLLED_MATERIEL_OFFICER
DHA-POL-0559,controlled_medication,181,true,true,controlled_access,MEDLOG_OFFICER
DHA-POL-0560,cold_chain_vaccine,75,false,false,refrigerated_2_8C,CLINICAL_REVIEWER
DHA-POL-0561,blood_product,151,false,false,refrigerated_2_8C,CONTROLLED_MATERIEL_OFFICER
DHA-POL-0562,controlled_medication,92,false,false,controlled_access,MEDLOG_OFFICER
DHA-POL-0563,sterile_surgical,118,true,false,frozen_minus_20C,CLINICAL_REVIEWER
DHA-POL-0564,controlled_medication,153,true,true,controlled_access,CONTROLLED_MATERIEL_OFFICER
DHA-POL-0565,cold_chain_vaccine,105,false,false,refrigerated_2_8C,MEDLOG_OFFICER
DHA-POL-0566,cold_chain_vaccine,94,false,false,refrigerated_2_8C,CLINICAL_REVIEWER
DHA-POL-0567,blood_product,197,false,false,refrigerated_2_8C,CONTROLLED_MATERIEL_OFFICER
DHA-POL-0568,controlled_medication,136,true,false,controlled_access,MEDLOG_OFFICER
DHA-POL-0569,controlled_medication,69,true,true,controlled_access,CLINICAL_REVIEWER
DHA-POL-0570,cold_chain_vaccine,214,false,false,refrigerated_2_8C,CONTROLLED_MATERIEL_OFFICER
DHA-POL-0571,routine_consumable,183,false,false,frozen_minus_20C,MEDLOG_OFFICER
DHA-POL-0572,cold_chain_vaccine,158,false,false,refrigerated_2_8C,CLINICAL_REVIEWER
DHA-POL-0573,blood_product,35,true,false,refrigerated_2_8C,CONTROLLED_MATERIEL_OFFICER
DHA-POL-0574,controlled_medication,146,true,true,controlled_access,MEDLOG_OFFICER
DHA-POL-0575,cold_chain_vaccine,53,false,false,refrigerated_2_8C,CLINICAL_REVIEWER
DHA-POL-0576,diagnostic_reagent,166,false,false,controlled_access,CONTROLLED_MATERIEL_OFFICER
DHA-POL-0577,routine_consumable,98,false,false,ambient,MEDLOG_OFFICER
DHA-POL-0578,cold_chain_vaccine,242,true,false,refrigerated_2_8C,CLINICAL_REVIEWER
DHA-POL-0579,controlled_medication,61,true,true,controlled_access,CONTROLLED_MATERIEL_OFFICER
DHA-POL-0580,cold_chain_vaccine,88,false,false,refrigerated_2_8C,MEDLOG_OFFICER
DHA-POL-0581,sterile_surgical,132,false,false,ambient,CLINICAL_REVIEWER
DHA-POL-0582,diagnostic_reagent,247,false,false,refrigerated_2_8C,CONTROLLED_MATERIEL_OFFICER
DHA-POL-0583,routine_consumable,32,true,false,frozen_minus_20C,MEDLOG_OFFICER
DHA-POL-0584,controlled_medication,183,true,true,controlled_access,CLINICAL_REVIEWER
DHA-POL-0585,cold_chain_vaccine,150,false,false,refrigerated_2_8C,CONTROLLED_MATERIEL_OFFICER
DHA-POL-0586,controlled_medication,152,false,false,controlled_access,MEDLOG_OFFICER
DHA-POL-0587,sterile_surgical,53,false,false,frozen_minus_20C,CLINICAL_REVIEWER
DHA-POL-0588,diagnostic_reagent,140,true,false,controlled_access,CONTROLLED_MATERIEL_OFFICER
DHA-POL-0589,controlled_medication,177,true,true,controlled_access,MEDLOG_OFFICER
DHA-POL-0590,cold_chain_vaccine,75,false,false,refrigerated_2_8C,CLINICAL_REVIEWER
DHA-POL-0591,blood_product,121,false,false,refrigerated_2_8C,CONTROLLED_MATERIEL_OFFICER
DHA-POL-0592,controlled_medication,159,false,false,controlled_access,MEDLOG_OFFICER
DHA-POL-0593,sterile_surgical,132,true,false,ambient,CLINICAL_REVIEWER
DHA-POL-0594,controlled_medication,110,true,true,controlled_access,CONTROLLED_MATERIEL_OFFICER
DHA-POL-0595,cold_chain_vaccine,121,false,false,refrigerated_2_8C,MEDLOG_OFFICER
DHA-POL-0596,cold_chain_vaccine,232,false,false,refrigerated_2_8C,CLINICAL_REVIEWER
DHA-POL-0597,blood_product,229,false,false,refrigerated_2_8C,CONTROLLED_MATERIEL_OFFICER
DHA-POL-0598,controlled_medication,70,true,false,controlled_access,MEDLOG_OFFICER
DHA-POL-0599,controlled_medication,247,true,true,controlled_access,CLINICAL_REVIEWER
DHA-POL-0600,cold_chain_vaccine,109,false,false,refrigerated_2_8C,CONTROLLED_MATERIEL_OFFICER
DHA-POL-0601,routine_consumable,36,false,false,ambient,MEDLOG_OFFICER
DHA-POL-0602,cold_chain_vaccine,150,false,false,refrigerated_2_8C,CLINICAL_REVIEWER
DHA-POL-0603,blood_product,39,true,false,refrigerated_2_8C,CONTROLLED_MATERIEL_OFFICER
DHA-POL-0604,controlled_medication,32,true,true,controlled_access,MEDLOG_OFFICER
DHA-POL-0605,cold_chain_vaccine,150,false,false,refrigerated_2_8C,CLINICAL_REVIEWER
DHA-POL-0606,diagnostic_reagent,125,false,false,refrigerated_2_8C,CONTROLLED_MATERIEL_OFFICER
DHA-POL-0607,routine_consumable,233,false,false,frozen_minus_20C,MEDLOG_OFFICER
DHA-POL-0608,cold_chain_vaccine,178,true,false,refrigerated_2_8C,CLINICAL_REVIEWER
DHA-POL-0609,controlled_medication,100,true,true,controlled_access,CONTROLLED_MATERIEL_OFFICER
DHA-POL-0610,cold_chain_vaccine,208,false,false,refrigerated_2_8C,MEDLOG_OFFICER
DHA-POL-0611,sterile_surgical,169,false,false,frozen_minus_20C,CLINICAL_REVIEWER
DHA-POL-0612,diagnostic_reagent,115,false,false,controlled_access,CONTROLLED_MATERIEL_OFFICER
DHA-POL-0613,routine_consumable,70,true,false,ambient,MEDLOG_OFFICER
DHA-POL-0614,controlled_medication,180,true,true,controlled_access,CLINICAL_REVIEWER
DHA-POL-0615,cold_chain_vaccine,170,false,false,refrigerated_2_8C,CONTROLLED_MATERIEL_OFFICER
DHA-POL-0616,controlled_medication,90,false,false,controlled_access,MEDLOG_OFFICER
DHA-POL-0617,sterile_surgical,161,false,false,ambient,CLINICAL_REVIEWER
DHA-POL-0618,diagnostic_reagent,50,true,false,refrigerated_2_8C,CONTROLLED_MATERIEL_OFFICER
DHA-POL-0619,controlled_medication,197,true,true,controlled_access,MEDLOG_OFFICER
DHA-POL-0620,cold_chain_vaccine,249,false,false,refrigerated_2_8C,CLINICAL_REVIEWER
DHA-POL-0621,blood_product,51,false,false,refrigerated_2_8C,CONTROLLED_MATERIEL_OFFICER
DHA-POL-0622,controlled_medication,44,false,false,controlled_access,MEDLOG_OFFICER
DHA-POL-0623,sterile_surgical,78,true,false,frozen_minus_20C,CLINICAL_REVIEWER
DHA-POL-0624,controlled_medication,155,true,true,controlled_access,CONTROLLED_MATERIEL_OFFICER
DHA-POL-0625,cold_chain_vaccine,167,false,false,refrigerated_2_8C,MEDLOG_OFFICER
DHA-POL-0626,cold_chain_vaccine,216,false,false,refrigerated_2_8C,CLINICAL_REVIEWER
DHA-POL-0627,blood_product,53,false,false,refrigerated_2_8C,CONTROLLED_MATERIEL_OFFICER
DHA-POL-0628,controlled_medication,136,true,false,controlled_access,MEDLOG_OFFICER
DHA-POL-0629,controlled_medication,31,true,true,controlled_access,CLINICAL_REVIEWER
DHA-POL-0630,cold_chain_vaccine,238,false,false,refrigerated_2_8C,CONTROLLED_MATERIEL_OFFICER
DHA-POL-0631,routine_consumable,182,false,false,frozen_minus_20C,MEDLOG_OFFICER
DHA-POL-0632,cold_chain_vaccine,76,false,false,refrigerated_2_8C,CLINICAL_REVIEWER
DHA-POL-0633,blood_product,111,true,false,refrigerated_2_8C,CONTROLLED_MATERIEL_OFFICER
DHA-POL-0634,controlled_medication,212,true,true,controlled_access,MEDLOG_OFFICER
DHA-POL-0635,cold_chain_vaccine,109,false,false,refrigerated_2_8C,CLINICAL_REVIEWER
DHA-POL-0636,diagnostic_reagent,161,false,false,controlled_access,CONTROLLED_MATERIEL_OFFICER
DHA-POL-0637,routine_consumable,63,false,false,ambient,MEDLOG_OFFICER
DHA-POL-0638,cold_chain_vaccine,80,true,false,refrigerated_2_8C,CLINICAL_REVIEWER
DHA-POL-0639,controlled_medication,58,true,true,controlled_access,CONTROLLED_MATERIEL_OFFICER
DHA-POL-0640,cold_chain_vaccine,205,false,false,refrigerated_2_8C,MEDLOG_OFFICER
DHA-POL-0641,sterile_surgical,245,false,false,ambient,CLINICAL_REVIEWER
DHA-POL-0642,diagnostic_reagent,136,false,false,refrigerated_2_8C,CONTROLLED_MATERIEL_OFFICER
DHA-POL-0643,routine_consumable,248,true,false,frozen_minus_20C,MEDLOG_OFFICER
DHA-POL-0644,controlled_medication,168,true,true,controlled_access,CLINICAL_REVIEWER
DHA-POL-0645,cold_chain_vaccine,179,false,false,refrigerated_2_8C,CONTROLLED_MATERIEL_OFFICER
DHA-POL-0646,controlled_medication,96,false,false,controlled_access,MEDLOG_OFFICER
DHA-POL-0647,sterile_surgical,151,false,false,frozen_minus_20C,CLINICAL_REVIEWER
DHA-POL-0648,diagnostic_reagent,161,true,false,controlled_access,CONTROLLED_MATERIEL_OFFICER
DHA-POL-0649,controlled_medication,43,true,true,controlled_access,MEDLOG_OFFICER
DHA-POL-0650,cold_chain_vaccine,230,false,false,refrigerated_2_8C,CLINICAL_REVIEWER
DHA-POL-0651,blood_product,200,false,false,refrigerated_2_8C,CONTROLLED_MATERIEL_OFFICER
DHA-POL-0652,controlled_medication,236,false,false,controlled_access,MEDLOG_OFFICER
DHA-POL-0653,sterile_surgical,107,true,false,ambient,CLINICAL_REVIEWER
DHA-POL-0654,controlled_medication,138,true,true,controlled_access,CONTROLLED_MATERIEL_OFFICER
DHA-POL-0655,cold_chain_vaccine,170,false,false,refrigerated_2_8C,MEDLOG_OFFICER
DHA-POL-0656,cold_chain_vaccine,112,false,false,refrigerated_2_8C,CLINICAL_REVIEWER
DHA-POL-0657,blood_product,99,false,false,refrigerated_2_8C,CONTROLLED_MATERIEL_OFFICER
DHA-POL-0658,controlled_medication,104,true,false,controlled_access,MEDLOG_OFFICER
DHA-POL-0659,controlled_medication,73,true,true,controlled_access,CLINICAL_REVIEWER
DHA-POL-0660,cold_chain_vaccine,150,false,false,refrigerated_2_8C,CONTROLLED_MATERIEL_OFFICER
DHA-POL-0661,routine_consumable,150,false,false,ambient,MEDLOG_OFFICER
DHA-POL-0662,cold_chain_vaccine,56,false,false,refrigerated_2_8C,CLINICAL_REVIEWER
DHA-POL-0663,blood_product,87,true,false,refrigerated_2_8C,CONTROLLED_MATERIEL_OFFICER
DHA-POL-0664,controlled_medication,79,true,true,controlled_access,MEDLOG_OFFICER
DHA-POL-0665,cold_chain_vaccine,122,false,false,refrigerated_2_8C,CLINICAL_REVIEWER
DHA-POL-0666,diagnostic_reagent,78,false,false,refrigerated_2_8C,CONTROLLED_MATERIEL_OFFICER
DHA-POL-0667,routine_consumable,171,false,false,frozen_minus_20C,MEDLOG_OFFICER
DHA-POL-0668,cold_chain_vaccine,200,true,false,refrigerated_2_8C,CLINICAL_REVIEWER
DHA-POL-0669,controlled_medication,163,true,true,controlled_access,CONTROLLED_MATERIEL_OFFICER
DHA-POL-0670,cold_chain_vaccine,46,false,false,refrigerated_2_8C,MEDLOG_OFFICER
DHA-POL-0671,sterile_surgical,211,false,false,frozen_minus_20C,CLINICAL_REVIEWER
DHA-POL-0672,diagnostic_reagent,145,false,false,controlled_access,CONTROLLED_MATERIEL_OFFICER
DHA-POL-0673,routine_consumable,96,true,false,ambient,MEDLOG_OFFICER
DHA-POL-0674,controlled_medication,218,true,true,controlled_access,CLINICAL_REVIEWER
DHA-POL-0675,cold_chain_vaccine,108,false,false,refrigerated_2_8C,CONTROLLED_MATERIEL_OFFICER
DHA-POL-0676,controlled_medication,241,false,false,controlled_access,MEDLOG_OFFICER
DHA-POL-0677,sterile_surgical,128,false,false,ambient,CLINICAL_REVIEWER
DHA-POL-0678,diagnostic_reagent,32,true,false,refrigerated_2_8C,CONTROLLED_MATERIEL_OFFICER
DHA-POL-0679,controlled_medication,122,true,true,controlled_access,MEDLOG_OFFICER
DHA-POL-0680,cold_chain_vaccine,232,false,false,refrigerated_2_8C,CLINICAL_REVIEWER
DHA-POL-0681,blood_product,172,false,false,refrigerated_2_8C,CONTROLLED_MATERIEL_OFFICER
DHA-POL-0682,controlled_medication,153,false,false,controlled_access,MEDLOG_OFFICER
DHA-POL-0683,sterile_surgical,96,true,false,frozen_minus_20C,CLINICAL_REVIEWER
DHA-POL-0684,controlled_medication,76,true,true,controlled_access,CONTROLLED_MATERIEL_OFFICER
DHA-POL-0685,cold_chain_vaccine,147,false,false,refrigerated_2_8C,MEDLOG_OFFICER
DHA-POL-0686,cold_chain_vaccine,36,false,false,refrigerated_2_8C,CLINICAL_REVIEWER
DHA-POL-0687,blood_product,206,false,false,refrigerated_2_8C,CONTROLLED_MATERIEL_OFFICER
DHA-POL-0688,controlled_medication,108,true,false,controlled_access,MEDLOG_OFFICER
DHA-POL-0689,controlled_medication,204,true,true,controlled_access,CLINICAL_REVIEWER
DHA-POL-0690,cold_chain_vaccine,132,false,false,refrigerated_2_8C,CONTROLLED_MATERIEL_OFFICER
DHA-POL-0691,routine_consumable,193,false,false,frozen_minus_20C,MEDLOG_OFFICER
DHA-POL-0692,cold_chain_vaccine,89,false,false,refrigerated_2_8C,CLINICAL_REVIEWER
DHA-POL-0693,blood_product,58,true,false,refrigerated_2_8C,CONTROLLED_MATERIEL_OFFICER
DHA-POL-0694,controlled_medication,30,true,true,controlled_access,MEDLOG_OFFICER
DHA-POL-0695,cold_chain_vaccine,61,false,false,refrigerated_2_8C,CLINICAL_REVIEWER
DHA-POL-0696,diagnostic_reagent,80,false,false,controlled_access,CONTROLLED_MATERIEL_OFFICER
DHA-POL-0697,routine_consumable,219,false,false,ambient,MEDLOG_OFFICER
DHA-POL-0698,cold_chain_vaccine,208,true,false,refrigerated_2_8C,CLINICAL_REVIEWER
DHA-POL-0699,controlled_medication,185,true,true,controlled_access,CONTROLLED_MATERIEL_OFFICER
DHA-POL-0700,cold_chain_vaccine,112,false,false,refrigerated_2_8C,MEDLOG_OFFICER
DHA-POL-0701,sterile_surgical,224,false,false,ambient,CLINICAL_REVIEWER
DHA-POL-0702,diagnostic_reagent,120,false,false,refrigerated_2_8C,CONTROLLED_MATERIEL_OFFICER
DHA-POL-0703,routine_consumable,175,true,false,frozen_minus_20C,MEDLOG_OFFICER
DHA-POL-0704,controlled_medication,148,true,true,controlled_access,CLINICAL_REVIEWER
DHA-POL-0705,cold_chain_vaccine,87,false,false,refrigerated_2_8C,CONTROLLED_MATERIEL_OFFICER
DHA-POL-0706,controlled_medication,208,false,false,controlled_access,MEDLOG_OFFICER
DHA-POL-0707,sterile_surgical,75,false,false,frozen_minus_20C,CLINICAL_REVIEWER
DHA-POL-0708,diagnostic_reagent,84,true,false,controlled_access,CONTROLLED_MATERIEL_OFFICER
DHA-POL-0709,controlled_medication,184,true,true,controlled_access,MEDLOG_OFFICER
DHA-POL-0710,cold_chain_vaccine,194,false,false,refrigerated_2_8C,CLINICAL_REVIEWER
DHA-POL-0711,blood_product,247,false,false,refrigerated_2_8C,CONTROLLED_MATERIEL_OFFICER
DHA-POL-0712,controlled_medication,59,false,false,controlled_access,MEDLOG_OFFICER
DHA-POL-0713,sterile_surgical,140,true,false,ambient,CLINICAL_REVIEWER
DHA-POL-0714,controlled_medication,58,true,true,controlled_access,CONTROLLED_MATERIEL_OFFICER
DHA-POL-0715,cold_chain_vaccine,105,false,false,refrigerated_2_8C,MEDLOG_OFFICER
DHA-POL-0716,cold_chain_vaccine,52,false,false,refrigerated_2_8C,CLINICAL_REVIEWER
DHA-POL-0717,blood_product,243,false,false,refrigerated_2_8C,CONTROLLED_MATERIEL_OFFICER
DHA-POL-0718,controlled_medication,138,true,false,controlled_access,MEDLOG_OFFICER
DHA-POL-0719,controlled_medication,118,true,true,controlled_access,CLINICAL_REVIEWER
DHA-POL-0720,cold_chain_vaccine,32,false,false,refrigerated_2_8C,CONTROLLED_MATERIEL_OFFICER
DHA-POL-0721,routine_consumable,85,false,false,ambient,MEDLOG_OFFICER
DHA-POL-0722,cold_chain_vaccine,224,false,false,refrigerated_2_8C,CLINICAL_REVIEWER
DHA-POL-0723,blood_product,57,true,false,refrigerated_2_8C,CONTROLLED_MATERIEL_OFFICER
DHA-POL-0724,controlled_medication,189,true,true,controlled_access,MEDLOG_OFFICER
DHA-POL-0725,cold_chain_vaccine,41,false,false,refrigerated_2_8C,CLINICAL_REVIEWER
DHA-POL-0726,diagnostic_reagent,178,false,false,refrigerated_2_8C,CONTROLLED_MATERIEL_OFFICER
DHA-POL-0727,routine_consumable,222,false,false,frozen_minus_20C,MEDLOG_OFFICER
DHA-POL-0728,cold_chain_vaccine,184,true,false,refrigerated_2_8C,CLINICAL_REVIEWER
DHA-POL-0729,controlled_medication,207,true,true,controlled_access,CONTROLLED_MATERIEL_OFFICER
DHA-POL-0730,cold_chain_vaccine,66,false,false,refrigerated_2_8C,MEDLOG_OFFICER
DHA-POL-0731,sterile_surgical,74,false,false,frozen_minus_20C,CLINICAL_REVIEWER
DHA-POL-0732,diagnostic_reagent,167,false,false,controlled_access,CONTROLLED_MATERIEL_OFFICER
DHA-POL-0733,routine_consumable,59,true,false,ambient,MEDLOG_OFFICER
DHA-POL-0734,controlled_medication,235,true,true,controlled_access,CLINICAL_REVIEWER
DHA-POL-0735,cold_chain_vaccine,223,false,false,refrigerated_2_8C,CONTROLLED_MATERIEL_OFFICER
DHA-POL-0736,controlled_medication,174,false,false,controlled_access,MEDLOG_OFFICER
DHA-POL-0737,sterile_surgical,204,false,false,ambient,CLINICAL_REVIEWER
DHA-POL-0738,diagnostic_reagent,84,true,false,refrigerated_2_8C,CONTROLLED_MATERIEL_OFFICER
DHA-POL-0739,controlled_medication,103,true,true,controlled_access,MEDLOG_OFFICER
DHA-POL-0740,cold_chain_vaccine,86,false,false,refrigerated_2_8C,CLINICAL_REVIEWER
DHA-POL-0741,blood_product,103,false,false,refrigerated_2_8C,CONTROLLED_MATERIEL_OFFICER
DHA-POL-0742,controlled_medication,75,false,false,controlled_access,MEDLOG_OFFICER
DHA-POL-0743,sterile_surgical,43,true,false,frozen_minus_20C,CLINICAL_REVIEWER
DHA-POL-0744,controlled_medication,204,true,true,controlled_access,CONTROLLED_MATERIEL_OFFICER
DHA-POL-0745,cold_chain_vaccine,78,false,false,refrigerated_2_8C,MEDLOG_OFFICER
DHA-POL-0746,cold_chain_vaccine,76,false,false,refrigerated_2_8C,CLINICAL_REVIEWER
DHA-POL-0747,blood_product,184,false,false,refrigerated_2_8C,CONTROLLED_MATERIEL_OFFICER
DHA-POL-0748,controlled_medication,89,true,false,controlled_access,MEDLOG_OFFICER
DHA-POL-0749,controlled_medication,67,true,true,controlled_access,CLINICAL_REVIEWER
DHA-POL-0750,cold_chain_vaccine,242,false,false,refrigerated_2_8C,CONTROLLED_MATERIEL_OFFICER
DHA-POL-0751,routine_consumable,189,false,false,frozen_minus_20C,MEDLOG_OFFICER
DHA-POL-0752,cold_chain_vaccine,247,false,false,refrigerated_2_8C,CLINICAL_REVIEWER
DHA-POL-0753,blood_product,217,true,false,refrigerated_2_8C,CONTROLLED_MATERIEL_OFFICER
DHA-POL-0754,controlled_medication,81,true,true,controlled_access,MEDLOG_OFFICER
DHA-POL-0755,cold_chain_vaccine,41,false,false,refrigerated_2_8C,CLINICAL_REVIEWER
DHA-POL-0756,diagnostic_reagent,218,false,false,controlled_access,CONTROLLED_MATERIEL_OFFICER
DHA-POL-0757,routine_consumable,103,false,false,ambient,MEDLOG_OFFICER
DHA-POL-0758,cold_chain_vaccine,240,true,false,refrigerated_2_8C,CLINICAL_REVIEWER
DHA-POL-0759,controlled_medication,42,true,true,controlled_access,CONTROLLED_MATERIEL_OFFICER
DHA-POL-0760,cold_chain_vaccine,194,false,false,refrigerated_2_8C,MEDLOG_OFFICER
DHA-POL-0761,sterile_surgical,216,false,false,ambient,CLINICAL_REVIEWER
DHA-POL-0762,diagnostic_reagent,118,false,false,refrigerated_2_8C,CONTROLLED_MATERIEL_OFFICER
DHA-POL-0763,routine_consumable,166,true,false,frozen_minus_20C,MEDLOG_OFFICER
DHA-POL-0764,controlled_medication,59,true,true,controlled_access,CLINICAL_REVIEWER
DHA-POL-0765,cold_chain_vaccine,194,false,false,refrigerated_2_8C,CONTROLLED_MATERIEL_OFFICER
DHA-POL-0766,controlled_medication,160,false,false,controlled_access,MEDLOG_OFFICER
DHA-POL-0767,sterile_surgical,94,false,false,frozen_minus_20C,CLINICAL_REVIEWER
DHA-POL-0768,diagnostic_reagent,214,true,false,controlled_access,CONTROLLED_MATERIEL_OFFICER
DHA-POL-0769,controlled_medication,199,true,true,controlled_access,MEDLOG_OFFICER
DHA-POL-0770,cold_chain_vaccine,49,false,false,refrigerated_2_8C,CLINICAL_REVIEWER
DHA-POL-0771,blood_product,218,false,false,refrigerated_2_8C,CONTROLLED_MATERIEL_OFFICER
DHA-POL-0772,controlled_medication,169,false,false,controlled_access,MEDLOG_OFFICER
DHA-POL-0773,sterile_surgical,242,true,false,ambient,CLINICAL_REVIEWER
DHA-POL-0774,controlled_medication,220,true,true,controlled_access,CONTROLLED_MATERIEL_OFFICER
DHA-POL-0775,cold_chain_vaccine,153,false,false,refrigerated_2_8C,MEDLOG_OFFICER
DHA-POL-0776,cold_chain_vaccine,44,false,false,refrigerated_2_8C,CLINICAL_REVIEWER
DHA-POL-0777,blood_product,222,false,false,refrigerated_2_8C,CONTROLLED_MATERIEL_OFFICER
DHA-POL-0778,controlled_medication,230,true,false,controlled_access,MEDLOG_OFFICER
DHA-POL-0779,controlled_medication,36,true,true,controlled_access,CLINICAL_REVIEWER
DHA-POL-0780,cold_chain_vaccine,202,false,false,refrigerated_2_8C,CONTROLLED_MATERIEL_OFFICER
DHA-POL-0781,routine_consumable,220,false,false,ambient,MEDLOG_OFFICER
DHA-POL-0782,cold_chain_vaccine,202,false,false,refrigerated_2_8C,CLINICAL_REVIEWER
DHA-POL-0783,blood_product,166,true,false,refrigerated_2_8C,CONTROLLED_MATERIEL_OFFICER
DHA-POL-0784,controlled_medication,42,true,true,controlled_access,MEDLOG_OFFICER
DHA-POL-0785,cold_chain_vaccine,183,false,false,refrigerated_2_8C,CLINICAL_REVIEWER
DHA-POL-0786,diagnostic_reagent,75,false,false,refrigerated_2_8C,CONTROLLED_MATERIEL_OFFICER
DHA-POL-0787,routine_consumable,155,false,false,frozen_minus_20C,MEDLOG_OFFICER
DHA-POL-0788,cold_chain_vaccine,143,true,false,refrigerated_2_8C,CLINICAL_REVIEWER
DHA-POL-0789,controlled_medication,178,true,true,controlled_access,CONTROLLED_MATERIEL_OFFICER
DHA-POL-0790,cold_chain_vaccine,128,false,false,refrigerated_2_8C,MEDLOG_OFFICER
DHA-POL-0791,sterile_surgical,116,false,false,frozen_minus_20C,CLINICAL_REVIEWER
DHA-POL-0792,diagnostic_reagent,55,false,false,controlled_access,CONTROLLED_MATERIEL_OFFICER
DHA-POL-0793,routine_consumable,32,true,false,ambient,MEDLOG_OFFICER
DHA-POL-0794,controlled_medication,58,true,true,controlled_access,CLINICAL_REVIEWER
DHA-POL-0795,cold_chain_vaccine,86,false,false,refrigerated_2_8C,CONTROLLED_MATERIEL_OFFICER
DHA-POL-0796,controlled_medication,231,false,false,controlled_access,MEDLOG_OFFICER
DHA-POL-0797,sterile_surgical,92,false,false,ambient,CLINICAL_REVIEWER
DHA-POL-0798,diagnostic_reagent,168,true,false,refrigerated_2_8C,CONTROLLED_MATERIEL_OFFICER
DHA-POL-0799,controlled_medication,97,true,true,controlled_access,MEDLOG_OFFICER
DHA-POL-0800,cold_chain_vaccine,69,false,false,refrigerated_2_8C,CLINICAL_REVIEWER
DHA-POL-0801,blood_product,36,false,false,refrigerated_2_8C,CONTROLLED_MATERIEL_OFFICER
DHA-POL-0802,controlled_medication,89,false,false,controlled_access,MEDLOG_OFFICER
DHA-POL-0803,sterile_surgical,80,true,false,frozen_minus_20C,CLINICAL_REVIEWER
DHA-POL-0804,controlled_medication,231,true,true,controlled_access,CONTROLLED_MATERIEL_OFFICER
DHA-POL-0805,cold_chain_vaccine,228,false,false,refrigerated_2_8C,MEDLOG_OFFICER
DHA-POL-0806,cold_chain_vaccine,237,false,false,refrigerated_2_8C,CLINICAL_REVIEWER
DHA-POL-0807,blood_product,129,false,false,refrigerated_2_8C,CONTROLLED_MATERIEL_OFFICER
DHA-POL-0808,controlled_medication,204,true,false,controlled_access,MEDLOG_OFFICER
DHA-POL-0809,controlled_medication,241,true,true,controlled_access,CLINICAL_REVIEWER
DHA-POL-0810,cold_chain_vaccine,218,false,false,refrigerated_2_8C,CONTROLLED_MATERIEL_OFFICER
DHA-POL-0811,routine_consumable,204,false,false,frozen_minus_20C,MEDLOG_OFFICER
DHA-POL-0812,cold_chain_vaccine,47,false,false,refrigerated_2_8C,CLINICAL_REVIEWER
DHA-POL-0813,blood_product,245,true,false,refrigerated_2_8C,CONTROLLED_MATERIEL_OFFICER
DHA-POL-0814,controlled_medication,153,true,true,controlled_access,MEDLOG_OFFICER
DHA-POL-0815,cold_chain_vaccine,145,false,false,refrigerated_2_8C,CLINICAL_REVIEWER
DHA-POL-0816,diagnostic_reagent,60,false,false,controlled_access,CONTROLLED_MATERIEL_OFFICER
DHA-POL-0817,routine_consumable,217,false,false,ambient,MEDLOG_OFFICER
DHA-POL-0818,cold_chain_vaccine,136,true,false,refrigerated_2_8C,CLINICAL_REVIEWER
DHA-POL-0819,controlled_medication,36,true,true,controlled_access,CONTROLLED_MATERIEL_OFFICER
DHA-POL-0820,cold_chain_vaccine,125,false,false,refrigerated_2_8C,MEDLOG_OFFICER
DHA-POL-0821,sterile_surgical,138,false,false,ambient,CLINICAL_REVIEWER
DHA-POL-0822,diagnostic_reagent,143,false,false,refrigerated_2_8C,CONTROLLED_MATERIEL_OFFICER
DHA-POL-0823,routine_consumable,169,true,false,frozen_minus_20C,MEDLOG_OFFICER
DHA-POL-0824,controlled_medication,76,true,true,controlled_access,CLINICAL_REVIEWER
DHA-POL-0825,cold_chain_vaccine,204,false,false,refrigerated_2_8C,CONTROLLED_MATERIEL_OFFICER
DHA-POL-0826,controlled_medication,135,false,false,controlled_access,MEDLOG_OFFICER
DHA-POL-0827,sterile_surgical,85,false,false,frozen_minus_20C,CLINICAL_REVIEWER
DHA-POL-0828,diagnostic_reagent,107,true,false,controlled_access,CONTROLLED_MATERIEL_OFFICER
DHA-POL-0829,controlled_medication,146,true,true,controlled_access,MEDLOG_OFFICER
DHA-POL-0830,cold_chain_vaccine,146,false,false,refrigerated_2_8C,CLINICAL_REVIEWER
DHA-POL-0831,blood_product,226,false,false,refrigerated_2_8C,CONTROLLED_MATERIEL_OFFICER
DHA-POL-0832,controlled_medication,235,false,false,controlled_access,MEDLOG_OFFICER
DHA-POL-0833,sterile_surgical,109,true,false,ambient,CLINICAL_REVIEWER
DHA-POL-0834,controlled_medication,192,true,true,controlled_access,CONTROLLED_MATERIEL_OFFICER
DHA-POL-0835,cold_chain_vaccine,81,false,false,refrigerated_2_8C,MEDLOG_OFFICER
DHA-POL-0836,cold_chain_vaccine,147,false,false,refrigerated_2_8C,CLINICAL_REVIEWER
DHA-POL-0837,blood_product,64,false,false,refrigerated_2_8C,CONTROLLED_MATERIEL_OFFICER
DHA-POL-0838,controlled_medication,127,true,false,controlled_access,MEDLOG_OFFICER
DHA-POL-0839,controlled_medication,203,true,true,controlled_access,CLINICAL_REVIEWER
DHA-POL-0840,cold_chain_vaccine,122,false,false,refrigerated_2_8C,CONTROLLED_MATERIEL_OFFICER
DHA-POL-0841,routine_consumable,127,false,false,ambient,MEDLOG_OFFICER
DHA-POL-0842,cold_chain_vaccine,69,false,false,refrigerated_2_8C,CLINICAL_REVIEWER
DHA-POL-0843,blood_product,94,true,false,refrigerated_2_8C,CONTROLLED_MATERIEL_OFFICER
DHA-POL-0844,controlled_medication,31,true,true,controlled_access,MEDLOG_OFFICER
DHA-POL-0845,cold_chain_vaccine,168,false,false,refrigerated_2_8C,CLINICAL_REVIEWER
DHA-POL-0846,diagnostic_reagent,69,false,false,refrigerated_2_8C,CONTROLLED_MATERIEL_OFFICER
DHA-POL-0847,routine_consumable,129,false,false,frozen_minus_20C,MEDLOG_OFFICER
DHA-POL-0848,cold_chain_vaccine,96,true,false,refrigerated_2_8C,CLINICAL_REVIEWER
DHA-POL-0849,controlled_medication,100,true,true,controlled_access,CONTROLLED_MATERIEL_OFFICER
DHA-POL-0850,cold_chain_vaccine,202,false,false,refrigerated_2_8C,MEDLOG_OFFICER
DHA-POL-0851,sterile_surgical,59,false,false,frozen_minus_20C,CLINICAL_REVIEWER
DHA-POL-0852,diagnostic_reagent,81,false,false,controlled_access,CONTROLLED_MATERIEL_OFFICER
DHA-POL-0853,routine_consumable,229,true,false,ambient,MEDLOG_OFFICER
DHA-POL-0854,controlled_medication,94,true,true,controlled_access,CLINICAL_REVIEWER
DHA-POL-0855,cold_chain_vaccine,169,false,false,refrigerated_2_8C,CONTROLLED_MATERIEL_OFFICER
DHA-POL-0856,controlled_medication,42,false,false,controlled_access,MEDLOG_OFFICER
DHA-POL-0857,sterile_surgical,55,false,false,ambient,CLINICAL_REVIEWER
DHA-POL-0858,diagnostic_reagent,52,true,false,refrigerated_2_8C,CONTROLLED_MATERIEL_OFFICER
DHA-POL-0859,controlled_medication,155,true,true,controlled_access,MEDLOG_OFFICER
DHA-POL-0860,cold_chain_vaccine,81,false,false,refrigerated_2_8C,CLINICAL_REVIEWER
DHA-POL-0861,blood_product,131,false,false,refrigerated_2_8C,CONTROLLED_MATERIEL_OFFICER
DHA-POL-0862,controlled_medication,41,false,false,controlled_access,MEDLOG_OFFICER
DHA-POL-0863,sterile_surgical,160,true,false,frozen_minus_20C,CLINICAL_REVIEWER
DHA-POL-0864,controlled_medication,131,true,true,controlled_access,CONTROLLED_MATERIEL_OFFICER
DHA-POL-0865,cold_chain_vaccine,139,false,false,refrigerated_2_8C,MEDLOG_OFFICER
DHA-POL-0866,cold_chain_vaccine,128,false,false,refrigerated_2_8C,CLINICAL_REVIEWER
DHA-POL-0867,blood_product,246,false,false,refrigerated_2_8C,CONTROLLED_MATERIEL_OFFICER
DHA-POL-0868,controlled_medication,207,true,false,controlled_access,MEDLOG_OFFICER
DHA-POL-0869,controlled_medication,131,true,true,controlled_access,CLINICAL_REVIEWER
DHA-POL-0870,cold_chain_vaccine,57,false,false,refrigerated_2_8C,CONTROLLED_MATERIEL_OFFICER
DHA-POL-0871,routine_consumable,186,false,false,frozen_minus_20C,MEDLOG_OFFICER
DHA-POL-0872,cold_chain_vaccine,43,false,false,refrigerated_2_8C,CLINICAL_REVIEWER
DHA-POL-0873,blood_product,193,true,false,refrigerated_2_8C,CONTROLLED_MATERIEL_OFFICER
DHA-POL-0874,controlled_medication,150,true,true,controlled_access,MEDLOG_OFFICER
DHA-POL-0875,cold_chain_vaccine,175,false,false,refrigerated_2_8C,CLINICAL_REVIEWER
DHA-POL-0876,diagnostic_reagent,205,false,false,controlled_access,CONTROLLED_MATERIEL_OFFICER
DHA-POL-0877,routine_consumable,65,false,false,ambient,MEDLOG_OFFICER
DHA-POL-0878,cold_chain_vaccine,201,true,false,refrigerated_2_8C,CLINICAL_REVIEWER
DHA-POL-0879,controlled_medication,248,true,true,controlled_access,CONTROLLED_MATERIEL_OFFICER
DHA-POL-0880,cold_chain_vaccine,193,false,false,refrigerated_2_8C,MEDLOG_OFFICER
DHA-POL-0881,sterile_surgical,47,false,false,ambient,CLINICAL_REVIEWER
DHA-POL-0882,diagnostic_reagent,208,false,false,refrigerated_2_8C,CONTROLLED_MATERIEL_OFFICER
DHA-POL-0883,routine_consumable,230,true,false,frozen_minus_20C,MEDLOG_OFFICER
DHA-POL-0884,controlled_medication,126,true,true,controlled_access,CLINICAL_REVIEWER
DHA-POL-0885,cold_chain_vaccine,190,false,false,refrigerated_2_8C,CONTROLLED_MATERIEL_OFFICER
DHA-POL-0886,controlled_medication,178,false,false,controlled_access,MEDLOG_OFFICER
DHA-POL-0887,sterile_surgical,98,false,false,frozen_minus_20C,CLINICAL_REVIEWER
DHA-POL-0888,diagnostic_reagent,104,true,false,controlled_access,CONTROLLED_MATERIEL_OFFICER
DHA-POL-0889,controlled_medication,115,true,true,controlled_access,MEDLOG_OFFICER
DHA-POL-0890,cold_chain_vaccine,64,false,false,refrigerated_2_8C,CLINICAL_REVIEWER
DHA-POL-0891,blood_product,30,false,false,refrigerated_2_8C,CONTROLLED_MATERIEL_OFFICER
DHA-POL-0892,controlled_medication,193,false,false,controlled_access,MEDLOG_OFFICER
DHA-POL-0893,sterile_surgical,87,true,false,ambient,CLINICAL_REVIEWER
DHA-POL-0894,controlled_medication,80,true,true,controlled_access,CONTROLLED_MATERIEL_OFFICER
DHA-POL-0895,cold_chain_vaccine,149,false,false,refrigerated_2_8C,MEDLOG_OFFICER
DHA-POL-0896,cold_chain_vaccine,96,false,false,refrigerated_2_8C,CLINICAL_REVIEWER
DHA-POL-0897,blood_product,60,false,false,refrigerated_2_8C,CONTROLLED_MATERIEL_OFFICER
DHA-POL-0898,controlled_medication,115,true,false,controlled_access,MEDLOG_OFFICER
DHA-POL-0899,controlled_medication,229,true,true,controlled_access,CLINICAL_REVIEWER
DHA-POL-0900,cold_chain_vaccine,239,false,false,refrigerated_2_8C,CONTROLLED_MATERIEL_OFFICER
DHA-POL-0901,routine_consumable,78,false,false,ambient,MEDLOG_OFFICER
DHA-POL-0902,cold_chain_vaccine,145,false,false,refrigerated_2_8C,CLINICAL_REVIEWER
DHA-POL-0903,blood_product,123,true,false,refrigerated_2_8C,CONTROLLED_MATERIEL_OFFICER
DHA-POL-0904,controlled_medication,131,true,true,controlled_access,MEDLOG_OFFICER
DHA-POL-0905,cold_chain_vaccine,189,false,false,refrigerated_2_8C,CLINICAL_REVIEWER
DHA-POL-0906,diagnostic_reagent,56,false,false,refrigerated_2_8C,CONTROLLED_MATERIEL_OFFICER
DHA-POL-0907,routine_consumable,216,false,false,frozen_minus_20C,MEDLOG_OFFICER
DHA-POL-0908,cold_chain_vaccine,44,true,false,refrigerated_2_8C,CLINICAL_REVIEWER
DHA-POL-0909,controlled_medication,53,true,true,controlled_access,CONTROLLED_MATERIEL_OFFICER
DHA-POL-0910,cold_chain_vaccine,197,false,false,refrigerated_2_8C,MEDLOG_OFFICER
DHA-POL-0911,sterile_surgical,98,false,false,frozen_minus_20C,CLINICAL_REVIEWER
DHA-POL-0912,diagnostic_reagent,207,false,false,controlled_access,CONTROLLED_MATERIEL_OFFICER
DHA-POL-0913,routine_consumable,40,true,false,ambient,MEDLOG_OFFICER
DHA-POL-0914,controlled_medication,99,true,true,controlled_access,CLINICAL_REVIEWER
DHA-POL-0915,cold_chain_vaccine,184,false,false,refrigerated_2_8C,CONTROLLED_MATERIEL_OFFICER
DHA-POL-0916,controlled_medication,129,false,false,controlled_access,MEDLOG_OFFICER
DHA-POL-0917,sterile_surgical,138,false,false,ambient,CLINICAL_REVIEWER
DHA-POL-0918,diagnostic_reagent,100,true,false,refrigerated_2_8C,CONTROLLED_MATERIEL_OFFICER
DHA-POL-0919,controlled_medication,177,true,true,controlled_access,MEDLOG_OFFICER
DHA-POL-0920,cold_chain_vaccine,108,false,false,refrigerated_2_8C,CLINICAL_REVIEWER
DHA-POL-0921,blood_product,128,false,false,refrigerated_2_8C,CONTROLLED_MATERIEL_OFFICER
DHA-POL-0922,controlled_medication,102,false,false,controlled_access,MEDLOG_OFFICER
DHA-POL-0923,sterile_surgical,67,true,false,frozen_minus_20C,CLINICAL_REVIEWER
DHA-POL-0924,controlled_medication,126,true,true,controlled_access,CONTROLLED_MATERIEL_OFFICER
DHA-POL-0925,cold_chain_vaccine,100,false,false,refrigerated_2_8C,MEDLOG_OFFICER
DHA-POL-0926,cold_chain_vaccine,106,false,false,refrigerated_2_8C,CLINICAL_REVIEWER
DHA-POL-0927,blood_product,129,false,false,refrigerated_2_8C,CONTROLLED_MATERIEL_OFFICER
DHA-POL-0928,controlled_medication,53,true,false,controlled_access,MEDLOG_OFFICER
DHA-POL-0929,controlled_medication,235,true,true,controlled_access,CLINICAL_REVIEWER
DHA-POL-0930,cold_chain_vaccine,151,false,false,refrigerated_2_8C,CONTROLLED_MATERIEL_OFFICER
DHA-POL-0931,routine_consumable,198,false,false,frozen_minus_20C,MEDLOG_OFFICER
DHA-POL-0932,cold_chain_vaccine,43,false,false,refrigerated_2_8C,CLINICAL_REVIEWER
DHA-POL-0933,blood_product,156,true,false,refrigerated_2_8C,CONTROLLED_MATERIEL_OFFICER
DHA-POL-0934,controlled_medication,235,true,true,controlled_access,MEDLOG_OFFICER
DHA-POL-0935,cold_chain_vaccine,79,false,false,refrigerated_2_8C,CLINICAL_REVIEWER
DHA-POL-0936,diagnostic_reagent,250,false,false,controlled_access,CONTROLLED_MATERIEL_OFFICER
DHA-POL-0937,routine_consumable,187,false,false,ambient,MEDLOG_OFFICER
DHA-POL-0938,cold_chain_vaccine,161,true,false,refrigerated_2_8C,CLINICAL_REVIEWER
DHA-POL-0939,controlled_medication,170,true,true,controlled_access,CONTROLLED_MATERIEL_OFFICER
DHA-POL-0940,cold_chain_vaccine,214,false,false,refrigerated_2_8C,MEDLOG_OFFICER
DHA-POL-0941,sterile_surgical,75,false,false,ambient,CLINICAL_REVIEWER
DHA-POL-0942,diagnostic_reagent,207,false,false,refrigerated_2_8C,CONTROLLED_MATERIEL_OFFICER
DHA-POL-0943,routine_consumable,65,true,false,frozen_minus_20C,MEDLOG_OFFICER
DHA-POL-0944,controlled_medication,243,true,true,controlled_access,CLINICAL_REVIEWER
DHA-POL-0945,cold_chain_vaccine,50,false,false,refrigerated_2_8C,CONTROLLED_MATERIEL_OFFICER
DHA-POL-0946,controlled_medication,40,false,false,controlled_access,MEDLOG_OFFICER
DHA-POL-0947,sterile_surgical,71,false,false,frozen_minus_20C,CLINICAL_REVIEWER
DHA-POL-0948,diagnostic_reagent,155,true,false,controlled_access,CONTROLLED_MATERIEL_OFFICER
DHA-POL-0949,controlled_medication,122,true,true,controlled_access,MEDLOG_OFFICER
DHA-POL-0950,cold_chain_vaccine,174,false,false,refrigerated_2_8C,CLINICAL_REVIEWER
DHA-POL-0951,blood_product,203,false,false,refrigerated_2_8C,CONTROLLED_MATERIEL_OFFICER
DHA-POL-0952,controlled_medication,46,false,false,controlled_access,MEDLOG_OFFICER
DHA-POL-0953,sterile_surgical,160,true,false,ambient,CLINICAL_REVIEWER
DHA-POL-0954,controlled_medication,209,true,true,controlled_access,CONTROLLED_MATERIEL_OFFICER
DHA-POL-0955,cold_chain_vaccine,144,false,false,refrigerated_2_8C,MEDLOG_OFFICER
DHA-POL-0956,cold_chain_vaccine,91,false,false,refrigerated_2_8C,CLINICAL_REVIEWER
DHA-POL-0957,blood_product,78,false,false,refrigerated_2_8C,CONTROLLED_MATERIEL_OFFICER
DHA-POL-0958,controlled_medication,242,true,false,controlled_access,MEDLOG_OFFICER
DHA-POL-0959,controlled_medication,163,true,true,controlled_access,CLINICAL_REVIEWER
DHA-POL-0960,cold_chain_vaccine,182,false,false,refrigerated_2_8C,CONTROLLED_MATERIEL_OFFICER
DHA-POL-0961,routine_consumable,133,false,false,ambient,MEDLOG_OFFICER
DHA-POL-0962,cold_chain_vaccine,240,false,false,refrigerated_2_8C,CLINICAL_REVIEWER
DHA-POL-0963,blood_product,175,true,false,refrigerated_2_8C,CONTROLLED_MATERIEL_OFFICER
DHA-POL-0964,controlled_medication,59,true,true,controlled_access,MEDLOG_OFFICER
DHA-POL-0965,cold_chain_vaccine,104,false,false,refrigerated_2_8C,CLINICAL_REVIEWER
DHA-POL-0966,diagnostic_reagent,119,false,false,refrigerated_2_8C,CONTROLLED_MATERIEL_OFFICER
DHA-POL-0967,routine_consumable,135,false,false,frozen_minus_20C,MEDLOG_OFFICER
DHA-POL-0968,cold_chain_vaccine,185,true,false,refrigerated_2_8C,CLINICAL_REVIEWER
DHA-POL-0969,controlled_medication,137,true,true,controlled_access,CONTROLLED_MATERIEL_OFFICER
DHA-POL-0970,cold_chain_vaccine,66,false,false,refrigerated_2_8C,MEDLOG_OFFICER
DHA-POL-0971,sterile_surgical,171,false,false,frozen_minus_20C,CLINICAL_REVIEWER
DHA-POL-0972,diagnostic_reagent,139,false,false,controlled_access,CONTROLLED_MATERIEL_OFFICER
DHA-POL-0973,routine_consumable,116,true,false,ambient,MEDLOG_OFFICER
DHA-POL-0974,controlled_medication,217,true,true,controlled_access,CLINICAL_REVIEWER
DHA-POL-0975,cold_chain_vaccine,220,false,false,refrigerated_2_8C,CONTROLLED_MATERIEL_OFFICER
DHA-POL-0976,controlled_medication,219,false,false,controlled_access,MEDLOG_OFFICER
DHA-POL-0977,sterile_surgical,39,false,false,ambient,CLINICAL_REVIEWER
DHA-POL-0978,diagnostic_reagent,201,true,false,refrigerated_2_8C,CONTROLLED_MATERIEL_OFFICER
DHA-POL-0979,controlled_medication,113,true,true,controlled_access,MEDLOG_OFFICER
DHA-POL-0980,cold_chain_vaccine,246,false,false,refrigerated_2_8C,CLINICAL_REVIEWER
DHA-POL-0981,blood_product,126,false,false,refrigerated_2_8C,CONTROLLED_MATERIEL_OFFICER
DHA-POL-0982,controlled_medication,224,false,false,controlled_access,MEDLOG_OFFICER
DHA-POL-0983,sterile_surgical,210,true,false,frozen_minus_20C,CLINICAL_REVIEWER
DHA-POL-0984,controlled_medication,50,true,true,controlled_access,CONTROLLED_MATERIEL_OFFICER
DHA-POL-0985,cold_chain_vaccine,157,false,false,refrigerated_2_8C,MEDLOG_OFFICER
DHA-POL-0986,cold_chain_vaccine,98,false,false,refrigerated_2_8C,CLINICAL_REVIEWER
DHA-POL-0987,blood_product,101,false,false,refrigerated_2_8C,CONTROLLED_MATERIEL_OFFICER
DHA-POL-0988,controlled_medication,165,true,false,controlled_access,MEDLOG_OFFICER
DHA-POL-0989,controlled_medication,198,true,true,controlled_access,CLINICAL_REVIEWER
DHA-POL-0990,cold_chain_vaccine,227,false,false,refrigerated_2_8C,CONTROLLED_MATERIEL_OFFICER
DHA-POL-0991,routine_consumable,220,false,false,frozen_minus_20C,MEDLOG_OFFICER
DHA-POL-0992,cold_chain_vaccine,247,false,false,refrigerated_2_8C,CLINICAL_REVIEWER
DHA-POL-0993,blood_product,97,true,false,refrigerated_2_8C,CONTROLLED_MATERIEL_OFFICER
DHA-POL-0994,controlled_medication,165,true,true,controlled_access,MEDLOG_OFFICER
DHA-POL-0995,cold_chain_vaccine,31,false,false,refrigerated_2_8C,CLINICAL_REVIEWER
DHA-POL-0996,diagnostic_reagent,42,false,false,controlled_access,CONTROLLED_MATERIEL_OFFICER
DHA-POL-0997,routine_consumable,41,false,false,ambient,MEDLOG_OFFICER
DHA-POL-0998,cold_chain_vaccine,200,true,false,refrigerated_2_8C,CLINICAL_REVIEWER
DHA-POL-0999,controlled_medication,169,true,true,controlled_access,CONTROLLED_MATERIEL_OFFICER
DHA-POL-1000,cold_chain_vaccine,83,false,false,refrigerated_2_8C,MEDLOG_OFFICER
