item_id,facility_id,category,quantity,expiration_date,storage_requirement,minimum_safety_stock,unit_of_issue
MED-ITEM-0001,MTF-0001,routine_consumable,353,2027-09-20T00:00:00.000Z,ambient,104,each
MED-ITEM-0002,MTF-0002,cold_chain_vaccine,137,2026-11-28T00:00:00.000Z,refrigerated_2_8C,104,dose
MED-ITEM-0003,MTF-0003,blood_product,121,2026-11-05T00:00:00.000Z,refrigerated_2_8C,98,kit
MED-ITEM-0004,MTF-0004,controlled_medication,187,2027-05-07T00:00:00.000Z,controlled_access,127,unit
MED-ITEM-0005,MTF-0005,cold_chain_vaccine,336,2027-04-19T00:00:00.000Z,refrigerated_2_8C,171,case
MED-ITEM-0006,MTF-0006,diagnostic_reagent,280,2026-11-27T00:00:00.000Z,refrigerated_2_8C,83,each
MED-ITEM-0007,MTF-0007,routine_consumable,185,2027-10-02T00:00:00.000Z,frozen_minus_20C,139,dose
MED-ITEM-0008,MTF-0008,cold_chain_vaccine,234,2027-05-02T00:00:00.000Z,refrigerated_2_8C,228,kit
MED-ITEM-0009,MTF-0009,controlled_medication,256,2026-10-22T00:00:00.000Z,controlled_access,166,unit
MED-ITEM-0010,MTF-0010,cold_chain_vaccine,279,2028-02-03T00:00:00.000Z,refrigerated_2_8C,219,case
MED-ITEM-0011,MTF-0011,sterile_surgical,375,2027-01-10T00:00:00.000Z,frozen_minus_20C,44,each
MED-ITEM-0012,MTF-0012,diagnostic_reagent,348,2027-08-02T00:00:00.000Z,controlled_access,212,dose
MED-ITEM-0013,MTF-0013,routine_consumable,213,2027-08-20T00:00:00.000Z,ambient,201,kit
MED-ITEM-0014,MTF-0014,controlled_medication,340,2027-02-24T00:00:00.000Z,controlled_access,234,unit
MED-ITEM-0015,MTF-0015,cold_chain_vaccine,355,2028-01-27T00:00:00.000Z,refrigerated_2_8C,206,case
MED-ITEM-0016,MTF-0016,controlled_medication,649,2027-08-09T00:00:00.000Z,controlled_access,248,each
MED-ITEM-0017,MTF-0017,sterile_surgical,193,2026-10-25T00:00:00.000Z,ambient,43,dose
MED-ITEM-0018,MTF-0018,diagnostic_reagent,206,2027-01-04T00:00:00.000Z,refrigerated_2_8C,199,kit
MED-ITEM-0019,MTF-0019,controlled_medication,191,2027-12-08T00:00:00.000Z,controlled_access,92,unit
MED-ITEM-0020,MTF-0020,cold_chain_vaccine,276,2027-11-04T00:00:00.000Z,refrigerated_2_8C,235,case
MED-ITEM-0021,MTF-0021,blood_product,541,2027-12-03T00:00:00.000Z,refrigerated_2_8C,156,each
MED-ITEM-0022,MTF-0022,controlled_medication,289,2027-05-16T00:00:00.000Z,controlled_access,133,dose
MED-ITEM-0023,MTF-0023,sterile_surgical,130,2026-10-28T00:00:00.000Z,frozen_minus_20C,119,kit
MED-ITEM-0024,MTF-0024,controlled_medication,249,2027-02-19T00:00:00.000Z,controlled_access,91,unit
MED-ITEM-0025,MTF-0025,cold_chain_vaccine,273,2027-03-14T00:00:00.000Z,refrigerated_2_8C,137,case
MED-ITEM-0026,MTF-0026,cold_chain_vaccine,348,2026-10-20T00:00:00.000Z,refrigerated_2_8C,138,each
MED-ITEM-0027,MTF-0027,blood_product,344,2027-10-07T00:00:00.000Z,refrigerated_2_8C,200,dose
MED-ITEM-0028,MTF-0028,controlled_medication,217,2027-06-11T00:00:00.000Z,controlled_access,205,kit
MED-ITEM-0029,MTF-0029,controlled_medication,118,2027-12-17T00:00:00.000Z,controlled_access,45,unit
MED-ITEM-0030,MTF-0030,cold_chain_vaccine,397,2027-12-23T00:00:00.000Z,refrigerated_2_8C,227,case
MED-ITEM-0031,MTF-0031,routine_consumable,469,2026-11-04T00:00:00.000Z,frozen_minus_20C,55,each
MED-ITEM-0032,MTF-0032,cold_chain_vaccine,299,2027-04-01T00:00:00.000Z,refrigerated_2_8C,219,dose
MED-ITEM-0033,MTF-0033,blood_product,226,2027-02-03T00:00:00.000Z,refrigerated_2_8C,216,kit
MED-ITEM-0034,MTF-0034,controlled_medication,261,2026-11-21T00:00:00.000Z,controlled_access,103,unit
MED-ITEM-0035,MTF-0035,cold_chain_vaccine,304,2026-10-15T00:00:00.000Z,refrigerated_2_8C,227,case
MED-ITEM-0036,MTF-0036,diagnostic_reagent,437,2026-12-03T00:00:00.000Z,controlled_access,81,each
MED-ITEM-0037,MTF-0037,routine_consumable,209,2027-04-30T00:00:00.000Z,ambient,96,dose
MED-ITEM-0038,MTF-0038,cold_chain_vaccine,148,2026-10-27T00:00:00.000Z,refrigerated_2_8C,139,kit
MED-ITEM-0039,MTF-0039,controlled_medication,294,2027-12-16T00:00:00.000Z,controlled_access,158,unit
MED-ITEM-0040,MTF-0040,cold_chain_vaccine,287,2028-01-17T00:00:00.000Z,refrigerated_2_8C,113,case
MED-ITEM-0041,MTF-0041,sterile_surgical,572,2026-10-22T00:00:00.000Z,ambient,198,each
MED-ITEM-0042,MTF-0042,diagnostic_reagent,350,2028-02-02T00:00:00.000Z,refrigerated_2_8C,177,dose
MED-ITEM-0043,MTF-0043,routine_consumable,135,2027-05-07T00:00:00.000Z,frozen_minus_20C,110,kit
MED-ITEM-0044,MTF-0044,controlled_medication,268,2027-03-05T00:00:00.000Z,controlled_access,170,unit
MED-ITEM-0045,MTF-0045,cold_chain_vaccine,157,2027-10-12T00:00:00.000Z,refrigerated_2_8C,82,case
MED-ITEM-0046,MTF-0046,controlled_medication,383,2028-02-24T00:00:00.000Z,controlled_access,155,each
MED-ITEM-0047,MTF-0047,sterile_surgical,187,2027-07-16T00:00:00.000Z,frozen_minus_20C,86,dose
MED-ITEM-0048,MTF-0048,diagnostic_reagent,60,2026-11-27T00:00:00.000Z,controlled_access,45,kit
MED-ITEM-0049,MTF-0049,controlled_medication,240,2027-09-17T00:00:00.000Z,controlled_access,120,unit
MED-ITEM-0050,MTF-0050,cold_chain_vaccine,314,2028-01-30T00:00:00.000Z,refrigerated_2_8C,181,case
MED-ITEM-0051,MTF-0051,blood_product,590,2027-04-26T00:00:00.000Z,refrigerated_2_8C,219,each
MED-ITEM-0052,MTF-0052,controlled_medication,231,2027-12-28T00:00:00.000Z,controlled_access,201,dose
MED-ITEM-0053,MTF-0053,sterile_surgical,64,2027-02-10T00:00:00.000Z,ambient,45,kit
MED-ITEM-0054,MTF-0054,controlled_medication,280,2028-01-29T00:00:00.000Z,controlled_access,183,unit
MED-ITEM-0055,MTF-0055,cold_chain_vaccine,179,2027-01-02T00:00:00.000Z,refrigerated_2_8C,72,case
MED-ITEM-0056,MTF-0056,cold_chain_vaccine,487,2027-06-17T00:00:00.000Z,refrigerated_2_8C,228,each
MED-ITEM-0057,MTF-0057,blood_product,315,2027-09-01T00:00:00.000Z,refrigerated_2_8C,176,dose
MED-ITEM-0058,MTF-0058,controlled_medication,210,2028-01-27T00:00:00.000Z,controlled_access,191,kit
MED-ITEM-0059,MTF-0059,controlled_medication,213,2027-11-23T00:00:00.000Z,controlled_access,133,unit
MED-ITEM-0060,MTF-0060,cold_chain_vaccine,282,2027-05-13T00:00:00.000Z,refrigerated_2_8C,193,case
MED-ITEM-0061,MTF-0061,routine_consumable,610,2027-12-27T00:00:00.000Z,ambient,199,each
MED-ITEM-0062,MTF-0062,cold_chain_vaccine,200,2027-11-17T00:00:00.000Z,refrigerated_2_8C,161,dose
MED-ITEM-0063,MTF-0063,blood_product,181,2027-09-06T00:00:00.000Z,refrigerated_2_8C,166,kit
MED-ITEM-0064,MTF-0064,controlled_medication,346,2027-02-27T00:00:00.000Z,controlled_access,184,unit
MED-ITEM-0065,MTF-0065,cold_chain_vaccine,301,2027-04-26T00:00:00.000Z,refrigerated_2_8C,161,case
MED-ITEM-0066,MTF-0066,diagnostic_reagent,374,2027-01-24T00:00:00.000Z,refrigerated_2_8C,65,each
MED-ITEM-0067,MTF-0067,routine_consumable,355,2027-12-06T00:00:00.000Z,frozen_minus_20C,239,dose
MED-ITEM-0068,MTF-0068,cold_chain_vaccine,239,2027-02-20T00:00:00.000Z,refrigerated_2_8C,218,kit
MED-ITEM-0069,MTF-0069,controlled_medication,333,2027-02-12T00:00:00.000Z,controlled_access,245,unit
MED-ITEM-0070,MTF-0070,cold_chain_vaccine,273,2027-12-08T00:00:00.000Z,refrigerated_2_8C,149,case
MED-ITEM-0071,MTF-0071,sterile_surgical,458,2027-02-09T00:00:00.000Z,frozen_minus_20C,106,each
MED-ITEM-0072,MTF-0072,diagnostic_reagent,222,2027-10-26T00:00:00.000Z,controlled_access,130,dose
MED-ITEM-0073,MTF-0073,routine_consumable,98,2027-10-14T00:00:00.000Z,ambient,88,kit
MED-ITEM-0074,MTF-0074,controlled_medication,296,2027-04-18T00:00:00.000Z,controlled_access,209,unit
MED-ITEM-0075,MTF-0075,cold_chain_vaccine,233,2027-01-10T00:00:00.000Z,refrigerated_2_8C,198,case
MED-ITEM-0076,MTF-0076,controlled_medication,580,2026-12-14T00:00:00.000Z,controlled_access,189,each
MED-ITEM-0077,MTF-0077,sterile_surgical,252,2027-09-16T00:00:00.000Z,ambient,78,dose
MED-ITEM-0078,MTF-0078,diagnostic_reagent,118,2027-05-12T00:00:00.000Z,refrigerated_2_8C,102,kit
MED-ITEM-0079,MTF-0079,controlled_medication,387,2026-11-04T00:00:00.000Z,controlled_access,250,unit
MED-ITEM-0080,MTF-0080,cold_chain_vaccine,240,2027-07-11T00:00:00.000Z,refrigerated_2_8C,157,case
MED-ITEM-0081,MTF-0081,blood_product,478,2028-02-12T00:00:00.000Z,refrigerated_2_8C,209,each
MED-ITEM-0082,MTF-0082,controlled_medication,303,2027-04-20T00:00:00.000Z,controlled_access,245,dose
MED-ITEM-0083,MTF-0083,sterile_surgical,259,2027-09-05T00:00:00.000Z,frozen_minus_20C,245,kit
MED-ITEM-0084,MTF-0084,controlled_medication,208,2027-04-07T00:00:00.000Z,controlled_access,98,unit
MED-ITEM-0085,MTF-0085,cold_chain_vaccine,158,2028-02-18T00:00:00.000Z,refrigerated_2_8C,120,case
MED-ITEM-0086,MTF-0086,cold_chain_vaccine,425,2027-10-24T00:00:00.000Z,refrigerated_2_8C,210,each
MED-ITEM-0087,MTF-0087,blood_product,75,2026-11-05T00:00:00.000Z,refrigerated_2_8C,36,dose
MED-ITEM-0088,MTF-0088,controlled_medication,112,2027-03-06T00:00:00.000Z,controlled_access,91,kit
MED-ITEM-0089,MTF-0089,controlled_medication,276,2027-12-31T00:00:00.000Z,controlled_access,230,unit
MED-ITEM-0090,MTF-0090,cold_chain_vaccine,65,2027-07-11T00:00:00.000Z,refrigerated_2_8C,31,case
MED-ITEM-0091,MTF-0091,routine_consumable,582,2028-02-26T00:00:00.000Z,frozen_minus_20C,233,each
MED-ITEM-0092,MTF-0092,cold_chain_vaccine,155,2027-08-26T00:00:00.000Z,refrigerated_2_8C,50,dose
MED-ITEM-0093,MTF-0093,blood_product,199,2026-12-10T00:00:00.000Z,refrigerated_2_8C,180,kit
MED-ITEM-0094,MTF-0094,controlled_medication,76,2027-09-27T00:00:00.000Z,controlled_access,33,unit
MED-ITEM-0095,MTF-0095,cold_chain_vaccine,320,2027-04-02T00:00:00.000Z,refrigerated_2_8C,153,case
MED-ITEM-0096,MTF-0096,diagnostic_reagent,444,2028-02-13T00:00:00.000Z,controlled_access,248,each
MED-ITEM-0097,MTF-0097,routine_consumable,278,2027-06-19T00:00:00.000Z,ambient,131,dose
MED-ITEM-0098,MTF-0098,cold_chain_vaccine,141,2027-09-19T00:00:00.000Z,refrigerated_2_8C,120,kit
MED-ITEM-0099,MTF-0099,controlled_medication,363,2026-11-15T00:00:00.000Z,controlled_access,185,unit
MED-ITEM-0100,MTF-0100,cold_chain_vaccine,169,2027-03-26T00:00:00.000Z,refrigerated_2_8C,84,case
MED-ITEM-0101,MTF-0101,sterile_surgical,347,2027-08-20T00:00:00.000Z,ambient,141,each
MED-ITEM-0102,MTF-0102,diagnostic_reagent,304,2027-10-09T00:00:00.000Z,refrigerated_2_8C,200,dose
MED-ITEM-0103,MTF-0103,routine_consumable,59,2027-10-03T00:00:00.000Z,frozen_minus_20C,40,kit
MED-ITEM-0104,MTF-0104,controlled_medication,323,2027-10-08T00:00:00.000Z,controlled_access,221,unit
MED-ITEM-0105,MTF-0105,cold_chain_vaccine,326,2027-09-18T00:00:00.000Z,refrigerated_2_8C,176,case
MED-ITEM-0106,MTF-0106,controlled_medication,370,2027-03-03T00:00:00.000Z,controlled_access,156,each
MED-ITEM-0107,MTF-0107,sterile_surgical,228,2027-03-30T00:00:00.000Z,frozen_minus_20C,146,dose
MED-ITEM-0108,MTF-0108,diagnostic_reagent,252,2027-04-13T00:00:00.000Z,controlled_access,238,kit
MED-ITEM-0109,MTF-0109,controlled_medication,106,2027-11-24T00:00:00.000Z,controlled_access,68,unit
MED-ITEM-0110,MTF-0110,cold_chain_vaccine,345,2027-11-22T00:00:00.000Z,refrigerated_2_8C,245,case
MED-ITEM-0111,MTF-0111,blood_product,379,2027-06-23T00:00:00.000Z,refrigerated_2_8C,193,each
MED-ITEM-0112,MTF-0112,controlled_medication,241,2027-02-14T00:00:00.000Z,controlled_access,105,dose
MED-ITEM-0113,MTF-0113,sterile_surgical,120,2027-07-01T00:00:00.000Z,ambient,111,kit
MED-ITEM-0114,MTF-0114,controlled_medication,310,2027-10-26T00:00:00.000Z,controlled_access,248,unit
MED-ITEM-0115,MTF-0115,cold_chain_vaccine,364,2027-09-02T00:00:00.000Z,refrigerated_2_8C,204,case
MED-ITEM-0116,MTF-0116,cold_chain_vaccine,343,2027-09-07T00:00:00.000Z,refrigerated_2_8C,179,each
MED-ITEM-0117,MTF-0117,blood_product,321,2028-01-08T00:00:00.000Z,refrigerated_2_8C,150,dose
MED-ITEM-0118,MTF-0118,controlled_medication,132,2027-06-23T00:00:00.000Z,controlled_access,107,kit
MED-ITEM-0119,MTF-0119,controlled_medication,404,2028-01-03T00:00:00.000Z,controlled_access,242,unit
MED-ITEM-0120,MTF-0120,cold_chain_vaccine,310,2027-12-11T00:00:00.000Z,refrigerated_2_8C,188,case
MED-ITEM-0121,MTF-0121,routine_consumable,459,2027-08-09T00:00:00.000Z,ambient,193,each
MED-ITEM-0122,MTF-0122,cold_chain_vaccine,158,2027-10-03T00:00:00.000Z,refrigerated_2_8C,53,dose
MED-ITEM-0123,MTF-0123,blood_product,64,2027-04-06T00:00:00.000Z,refrigerated_2_8C,39,kit
MED-ITEM-0124,MTF-0124,controlled_medication,301,2026-12-12T00:00:00.000Z,controlled_access,173,unit
MED-ITEM-0125,MTF-0125,cold_chain_vaccine,172,2027-12-13T00:00:00.000Z,refrigerated_2_8C,56,case
MED-ITEM-0126,MTF-0126,diagnostic_reagent,510,2028-03-01T00:00:00.000Z,refrigerated_2_8C,207,each
MED-ITEM-0127,MTF-0127,routine_consumable,217,2027-03-09T00:00:00.000Z,frozen_minus_20C,74,dose
MED-ITEM-0128,MTF-0128,cold_chain_vaccine,240,2027-12-23T00:00:00.000Z,refrigerated_2_8C,222,kit
MED-ITEM-0129,MTF-0129,controlled_medication,242,2028-02-06T00:00:00.000Z,controlled_access,84,unit
MED-ITEM-0130,MTF-0130,cold_chain_vaccine,293,2027-04-02T00:00:00.000Z,refrigerated_2_8C,180,case
MED-ITEM-0131,MTF-0131,sterile_surgical,388,2027-10-11T00:00:00.000Z,frozen_minus_20C,190,each
MED-ITEM-0132,MTF-0132,diagnostic_reagent,242,2027-02-21T00:00:00.000Z,controlled_access,84,dose
MED-ITEM-0133,MTF-0133,routine_consumable,149,2026-10-31T00:00:00.000Z,ambient,126,kit
MED-ITEM-0134,MTF-0134,controlled_medication,267,2027-02-24T00:00:00.000Z,controlled_access,105,unit
MED-ITEM-0135,MTF-0135,cold_chain_vaccine,131,2027-03-08T00:00:00.000Z,refrigerated_2_8C,35,case
MED-ITEM-0136,MTF-0136,controlled_medication,552,2027-12-29T00:00:00.000Z,controlled_access,246,each
MED-ITEM-0137,MTF-0137,sterile_surgical,282,2028-02-18T00:00:00.000Z,ambient,239,dose
MED-ITEM-0138,MTF-0138,diagnostic_reagent,217,2027-12-23T00:00:00.000Z,refrigerated_2_8C,194,kit
MED-ITEM-0139,MTF-0139,controlled_medication,265,2027-09-20T00:00:00.000Z,controlled_access,190,unit
MED-ITEM-0140,MTF-0140,cold_chain_vaccine,202,2027-02-27T00:00:00.000Z,refrigerated_2_8C,150,case
MED-ITEM-0141,MTF-0141,blood_product,648,2027-11-21T00:00:00.000Z,refrigerated_2_8C,198,each
MED-ITEM-0142,MTF-0142,controlled_medication,244,2027-02-27T00:00:00.000Z,controlled_access,149,dose
MED-ITEM-0143,MTF-0143,sterile_surgical,223,2027-10-02T00:00:00.000Z,frozen_minus_20C,201,kit
MED-ITEM-0144,MTF-0144,controlled_medication,235,2027-03-08T00:00:00.000Z,controlled_access,101,unit
MED-ITEM-0145,MTF-0145,cold_chain_vaccine,148,2026-10-28T00:00:00.000Z,refrigerated_2_8C,55,case
MED-ITEM-0146,MTF-0146,cold_chain_vaccine,356,2028-02-19T00:00:00.000Z,refrigerated_2_8C,48,each
MED-ITEM-0147,MTF-0147,blood_product,296,2027-12-15T00:00:00.000Z,refrigerated_2_8C,200,dose
MED-ITEM-0148,MTF-0148,controlled_medication,245,2027-10-25T00:00:00.000Z,controlled_access,229,kit
MED-ITEM-0149,MTF-0149,controlled_medication,175,2027-09-27T00:00:00.000Z,controlled_access,56,unit
MED-ITEM-0150,MTF-0150,cold_chain_vaccine,267,2027-02-17T00:00:00.000Z,refrigerated_2_8C,159,case
MED-ITEM-0151,MTF-0151,routine_consumable,476,2026-11-14T00:00:00.000Z,frozen_minus_20C,55,each
MED-ITEM-0152,MTF-0152,cold_chain_vaccine,183,2027-08-13T00:00:00.000Z,refrigerated_2_8C,65,dose
MED-ITEM-0153,MTF-0153,blood_product,83,2028-01-31T00:00:00.000Z,refrigerated_2_8C,58,kit
MED-ITEM-0154,MTF-0154,controlled_medication,152,2027-05-25T00:00:00.000Z,controlled_access,103,unit
MED-ITEM-0155,MTF-0155,cold_chain_vaccine,225,2028-01-12T00:00:00.000Z,refrigerated_2_8C,158,case
MED-ITEM-0156,MTF-0156,diagnostic_reagent,585,2028-01-26T00:00:00.000Z,controlled_access,164,each
MED-ITEM-0157,MTF-0157,routine_consumable,341,2027-08-30T00:00:00.000Z,ambient,163,dose
MED-ITEM-0158,MTF-0158,cold_chain_vaccine,234,2026-11-03T00:00:00.000Z,refrigerated_2_8C,223,kit
MED-ITEM-0159,MTF-0159,controlled_medication,166,2027-04-28T00:00:00.000Z,controlled_access,113,unit
MED-ITEM-0160,MTF-0160,cold_chain_vaccine,297,2027-01-07T00:00:00.000Z,refrigerated_2_8C,170,case
MED-ITEM-0161,MTF-0161,sterile_surgical,583,2027-02-14T00:00:00.000Z,ambient,192,each
MED-ITEM-0162,MTF-0162,diagnostic_reagent,334,2027-09-21T00:00:00.000Z,refrigerated_2_8C,162,dose
MED-ITEM-0163,MTF-0163,routine_consumable,253,2027-02-11T00:00:00.000Z,frozen_minus_20C,228,kit
MED-ITEM-0164,MTF-0164,controlled_medication,227,2027-07-13T00:00:00.000Z,controlled_access,158,unit
MED-ITEM-0165,MTF-0165,cold_chain_vaccine,139,2027-12-24T00:00:00.000Z,refrigerated_2_8C,35,case
MED-ITEM-0166,MTF-0166,controlled_medication,455,2027-06-12T00:00:00.000Z,controlled_access,66,each
MED-ITEM-0167,MTF-0167,sterile_surgical,308,2027-02-12T00:00:00.000Z,frozen_minus_20C,182,dose
MED-ITEM-0168,MTF-0168,diagnostic_reagent,216,2027-07-30T00:00:00.000Z,controlled_access,207,kit
MED-ITEM-0169,MTF-0169,controlled_medication,300,2027-03-27T00:00:00.000Z,controlled_access,157,unit
MED-ITEM-0170,MTF-0170,cold_chain_vaccine,267,2027-05-30T00:00:00.000Z,refrigerated_2_8C,171,case
MED-ITEM-0171,MTF-0171,blood_product,245,2028-02-14T00:00:00.000Z,refrigerated_2_8C,92,each
MED-ITEM-0172,MTF-0172,controlled_medication,209,2026-12-27T00:00:00.000Z,controlled_access,65,dose
MED-ITEM-0173,MTF-0173,sterile_surgical,239,2027-09-07T00:00:00.000Z,ambient,218,kit
MED-ITEM-0174,MTF-0174,controlled_medication,192,2027-12-17T00:00:00.000Z,controlled_access,100,unit
MED-ITEM-0175,MTF-0175,cold_chain_vaccine,349,2026-12-15T00:00:00.000Z,refrigerated_2_8C,244,case
MED-ITEM-0176,MTF-0176,cold_chain_vaccine,401,2027-06-29T00:00:00.000Z,refrigerated_2_8C,170,each
MED-ITEM-0177,MTF-0177,blood_product,194,2027-03-03T00:00:00.000Z,refrigerated_2_8C,41,dose
MED-ITEM-0178,MTF-0178,controlled_medication,177,2027-08-22T00:00:00.000Z,controlled_access,170,kit
MED-ITEM-0179,MTF-0179,controlled_medication,362,2027-01-19T00:00:00.000Z,controlled_access,190,unit
MED-ITEM-0180,MTF-0180,cold_chain_vaccine,342,2026-12-10T00:00:00.000Z,refrigerated_2_8C,231,case
MED-ITEM-0181,MTF-0181,routine_consumable,407,2027-12-30T00:00:00.000Z,ambient,137,each
MED-ITEM-0182,MTF-0182,cold_chain_vaccine,275,2027-05-18T00:00:00.000Z,refrigerated_2_8C,157,dose
MED-ITEM-0183,MTF-0183,blood_product,191,2027-01-14T00:00:00.000Z,refrigerated_2_8C,184,kit
MED-ITEM-0184,MTF-0184,controlled_medication,221,2027-03-10T00:00:00.000Z,controlled_access,69,unit
MED-ITEM-0185,MTF-0185,cold_chain_vaccine,206,2027-09-04T00:00:00.000Z,refrigerated_2_8C,139,case
MED-ITEM-0186,MTF-0186,diagnostic_reagent,484,2028-01-17T00:00:00.000Z,refrigerated_2_8C,142,each
MED-ITEM-0187,MTF-0187,routine_consumable,124,2027-08-31T00:00:00.000Z,frozen_minus_20C,54,dose
MED-ITEM-0188,MTF-0188,cold_chain_vaccine,163,2026-12-06T00:00:00.000Z,refrigerated_2_8C,150,kit
MED-ITEM-0189,MTF-0189,controlled_medication,249,2027-05-07T00:00:00.000Z,controlled_access,216,unit
MED-ITEM-0190,MTF-0190,cold_chain_vaccine,278,2026-11-03T00:00:00.000Z,refrigerated_2_8C,120,case
MED-ITEM-0191,MTF-0191,sterile_surgical,522,2027-02-01T00:00:00.000Z,frozen_minus_20C,138,each
MED-ITEM-0192,MTF-0192,diagnostic_reagent,259,2027-12-25T00:00:00.000Z,controlled_access,187,dose
MED-ITEM-0193,MTF-0193,routine_consumable,194,2028-02-01T00:00:00.000Z,ambient,172,kit
MED-ITEM-0194,MTF-0194,controlled_medication,280,2027-12-05T00:00:00.000Z,controlled_access,205,unit
MED-ITEM-0195,MTF-0195,cold_chain_vaccine,245,2027-07-13T00:00:00.000Z,refrigerated_2_8C,128,case
MED-ITEM-0196,MTF-0196,controlled_medication,425,2026-12-31T00:00:00.000Z,controlled_access,223,each
MED-ITEM-0197,MTF-0197,sterile_surgical,147,2027-03-03T00:00:00.000Z,ambient,77,dose
MED-ITEM-0198,MTF-0198,diagnostic_reagent,245,2027-10-18T00:00:00.000Z,refrigerated_2_8C,236,kit
MED-ITEM-0199,MTF-0199,controlled_medication,178,2026-10-19T00:00:00.000Z,controlled_access,148,unit
MED-ITEM-0200,MTF-0200,cold_chain_vaccine,370,2027-05-09T00:00:00.000Z,refrigerated_2_8C,247,case
MED-ITEM-0201,MTF-0201,blood_product,369,2028-02-29T00:00:00.000Z,refrigerated_2_8C,126,each
MED-ITEM-0202,MTF-0202,controlled_medication,194,2027-07-08T00:00:00.000Z,controlled_access,49,dose
MED-ITEM-0203,MTF-0203,sterile_surgical,245,2028-01-18T00:00:00.000Z,frozen_minus_20C,233,kit
MED-ITEM-0204,MTF-0204,controlled_medication,270,2027-03-13T00:00:00.000Z,controlled_access,211,unit
MED-ITEM-0205,MTF-0205,cold_chain_vaccine,194,2027-09-25T00:00:00.000Z,refrigerated_2_8C,140,case
MED-ITEM-0206,MTF-0206,cold_chain_vaccine,613,2027-05-31T00:00:00.000Z,refrigerated_2_8C,224,each
MED-ITEM-0207,MTF-0207,blood_product,274,2028-02-13T00:00:00.000Z,refrigerated_2_8C,203,dose
MED-ITEM-0208,MTF-0208,controlled_medication,154,2027-07-02T00:00:00.000Z,controlled_access,145,kit
MED-ITEM-0209,MTF-0209,controlled_medication,177,2026-12-09T00:00:00.000Z,controlled_access,60,unit
MED-ITEM-0210,MTF-0210,cold_chain_vaccine,93,2027-12-27T00:00:00.000Z,refrigerated_2_8C,40,case
MED-ITEM-0211,MTF-0211,routine_consumable,474,2026-11-17T00:00:00.000Z,frozen_minus_20C,203,each
MED-ITEM-0212,MTF-0212,cold_chain_vaccine,202,2027-11-02T00:00:00.000Z,refrigerated_2_8C,144,dose
MED-ITEM-0213,MTF-0213,blood_product,208,2027-11-23T00:00:00.000Z,refrigerated_2_8C,185,kit
MED-ITEM-0214,MTF-0214,controlled_medication,219,2027-12-21T00:00:00.000Z,controlled_access,60,unit
MED-ITEM-0215,MTF-0215,cold_chain_vaccine,348,2026-11-06T00:00:00.000Z,refrigerated_2_8C,247,case
MED-ITEM-0216,MTF-0216,diagnostic_reagent,403,2028-01-12T00:00:00.000Z,controlled_access,30,each
MED-ITEM-0217,MTF-0217,routine_consumable,275,2026-10-24T00:00:00.000Z,ambient,190,dose
MED-ITEM-0218,MTF-0218,cold_chain_vaccine,258,2027-05-06T00:00:00.000Z,refrigerated_2_8C,244,kit
MED-ITEM-0219,MTF-0219,controlled_medication,151,2027-06-17T00:00:00.000Z,controlled_access,37,unit
MED-ITEM-0220,MTF-0220,cold_chain_vaccine,203,2027-10-12T00:00:00.000Z,refrigerated_2_8C,127,case
MED-ITEM-0221,MTF-0221,sterile_surgical,476,2027-05-04T00:00:00.000Z,ambient,196,each
MED-ITEM-0222,MTF-0222,diagnostic_reagent,256,2026-12-06T00:00:00.000Z,refrigerated_2_8C,219,dose
MED-ITEM-0223,MTF-0223,routine_consumable,170,2026-11-18T00:00:00.000Z,frozen_minus_20C,149,kit
MED-ITEM-0224,MTF-0224,controlled_medication,284,2027-09-24T00:00:00.000Z,controlled_access,177,unit
MED-ITEM-0225,MTF-0225,cold_chain_vaccine,299,2027-09-20T00:00:00.000Z,refrigerated_2_8C,174,case
MED-ITEM-0226,MTF-0226,controlled_medication,430,2027-07-16T00:00:00.000Z,controlled_access,234,each
MED-ITEM-0227,MTF-0227,sterile_surgical,317,2028-02-21T00:00:00.000Z,frozen_minus_20C,231,dose
MED-ITEM-0228,MTF-0228,diagnostic_reagent,189,2027-08-21T00:00:00.000Z,controlled_access,168,kit
MED-ITEM-0229,MTF-0229,controlled_medication,287,2027-03-09T00:00:00.000Z,controlled_access,178,unit
MED-ITEM-0230,MTF-0230,cold_chain_vaccine,85,2027-11-20T00:00:00.000Z,refrigerated_2_8C,50,case
MED-ITEM-0231,MTF-0231,blood_product,291,2027-02-17T00:00:00.000Z,refrigerated_2_8C,60,each
MED-ITEM-0232,MTF-0232,controlled_medication,249,2027-02-20T00:00:00.000Z,controlled_access,211,dose
MED-ITEM-0233,MTF-0233,sterile_surgical,235,2027-12-09T00:00:00.000Z,ambient,227,kit
MED-ITEM-0234,MTF-0234,controlled_medication,209,2027-10-06T00:00:00.000Z,controlled_access,125,unit
MED-ITEM-0235,MTF-0235,cold_chain_vaccine,116,2027-01-09T00:00:00.000Z,refrigerated_2_8C,76,case
MED-ITEM-0236,MTF-0236,cold_chain_vaccine,525,2026-11-06T00:00:00.000Z,refrigerated_2_8C,238,each
MED-ITEM-0237,MTF-0237,blood_product,334,2027-07-23T00:00:00.000Z,refrigerated_2_8C,247,dose
MED-ITEM-0238,MTF-0238,controlled_medication,54,2028-01-05T00:00:00.000Z,controlled_access,40,kit
MED-ITEM-0239,MTF-0239,controlled_medication,240,2026-12-06T00:00:00.000Z,controlled_access,82,unit
MED-ITEM-0240,MTF-0240,cold_chain_vaccine,175,2027-09-23T00:00:00.000Z,refrigerated_2_8C,113,case
MED-ITEM-0241,MTF-0241,routine_consumable,321,2027-06-04T00:00:00.000Z,ambient,88,each
MED-ITEM-0242,MTF-0242,cold_chain_vaccine,224,2027-07-27T00:00:00.000Z,refrigerated_2_8C,189,dose
MED-ITEM-0243,MTF-0243,blood_product,126,2027-03-18T00:00:00.000Z,refrigerated_2_8C,119,kit
MED-ITEM-0244,MTF-0244,controlled_medication,183,2027-01-21T00:00:00.000Z,controlled_access,123,unit
MED-ITEM-0245,MTF-0245,cold_chain_vaccine,278,2027-09-03T00:00:00.000Z,refrigerated_2_8C,144,case
MED-ITEM-0246,MTF-0246,diagnostic_reagent,668,2027-10-29T00:00:00.000Z,refrigerated_2_8C,219,each
MED-ITEM-0247,MTF-0247,routine_consumable,284,2027-09-10T00:00:00.000Z,frozen_minus_20C,105,dose
MED-ITEM-0248,MTF-0248,cold_chain_vaccine,145,2027-09-20T00:00:00.000Z,refrigerated_2_8C,138,kit
MED-ITEM-0249,MTF-0249,controlled_medication,157,2028-02-09T00:00:00.000Z,controlled_access,60,unit
MED-ITEM-0250,MTF-0250,cold_chain_vaccine,287,2027-04-13T00:00:00.000Z,refrigerated_2_8C,155,case
MED-ITEM-0251,MTF-0251,sterile_surgical,430,2027-04-05T00:00:00.000Z,frozen_minus_20C,157,each
MED-ITEM-0252,MTF-0252,diagnostic_reagent,349,2027-12-15T00:00:00.000Z,controlled_access,174,dose
MED-ITEM-0253,MTF-0253,routine_consumable,148,2027-01-14T00:00:00.000Z,ambient,131,kit
MED-ITEM-0254,MTF-0254,controlled_medication,297,2027-02-11T00:00:00.000Z,controlled_access,234,unit
MED-ITEM-0255,MTF-0255,cold_chain_vaccine,210,2028-01-29T00:00:00.000Z,refrigerated_2_8C,48,case
MED-ITEM-0256,MTF-0256,controlled_medication,262,2026-12-20T00:00:00.000Z,controlled_access,76,each
MED-ITEM-0257,MTF-0257,sterile_surgical,169,2027-01-09T00:00:00.000Z,ambient,118,dose
MED-ITEM-0258,MTF-0258,diagnostic_reagent,185,2027-02-15T00:00:00.000Z,refrigerated_2_8C,175,kit
MED-ITEM-0259,MTF-0259,controlled_medication,102,2027-04-20T00:00:00.000Z,controlled_access,67,unit
MED-ITEM-0260,MTF-0260,cold_chain_vaccine,233,2028-02-03T00:00:00.000Z,refrigerated_2_8C,83,case
MED-ITEM-0261,MTF-0261,blood_product,572,2027-10-22T00:00:00.000Z,refrigerated_2_8C,195,each
MED-ITEM-0262,MTF-0262,controlled_medication,273,2027-12-07T00:00:00.000Z,controlled_access,219,dose
MED-ITEM-0263,MTF-0263,sterile_surgical,70,2027-11-29T00:00:00.000Z,frozen_minus_20C,61,kit
MED-ITEM-0264,MTF-0264,controlled_medication,145,2027-02-14T00:00:00.000Z,controlled_access,83,unit
MED-ITEM-0265,MTF-0265,cold_chain_vaccine,318,2027-02-24T00:00:00.000Z,refrigerated_2_8C,194,case
MED-ITEM-0266,MTF-0266,cold_chain_vaccine,435,2027-10-22T00:00:00.000Z,refrigerated_2_8C,146,each
MED-ITEM-0267,MTF-0267,blood_product,256,2027-04-17T00:00:00.000Z,refrigerated_2_8C,151,dose
MED-ITEM-0268,MTF-0268,controlled_medication,123,2027-10-20T00:00:00.000Z,controlled_access,105,kit
MED-ITEM-0269,MTF-0269,controlled_medication,293,2027-02-20T00:00:00.000Z,controlled_access,201,unit
MED-ITEM-0270,MTF-0270,cold_chain_vaccine,355,2027-12-15T00:00:00.000Z,refrigerated_2_8C,233,case
MED-ITEM-0271,MTF-0271,routine_consumable,511,2026-12-26T00:00:00.000Z,frozen_minus_20C,238,each
MED-ITEM-0272,MTF-0272,cold_chain_vaccine,318,2026-12-24T00:00:00.000Z,refrigerated_2_8C,191,dose
MED-ITEM-0273,MTF-0273,blood_product,119,2027-04-02T00:00:00.000Z,refrigerated_2_8C,96,kit
MED-ITEM-0274,MTF-0274,controlled_medication,131,2027-01-18T00:00:00.000Z,controlled_access,48,unit
MED-ITEM-0275,MTF-0275,cold_chain_vaccine,235,2027-01-25T00:00:00.000Z,refrigerated_2_8C,113,case
MED-ITEM-0276,MTF-0276,diagnostic_reagent,485,2027-05-31T00:00:00.000Z,controlled_access,79,each
MED-ITEM-0277,MTF-0277,routine_consumable,245,2027-05-02T00:00:00.000Z,ambient,118,dose
MED-ITEM-0278,MTF-0278,cold_chain_vaccine,63,2027-10-12T00:00:00.000Z,refrigerated_2_8C,46,kit
MED-ITEM-0279,MTF-0279,controlled_medication,206,2027-02-01T00:00:00.000Z,controlled_access,75,unit
MED-ITEM-0280,MTF-0280,cold_chain_vaccine,105,2026-12-19T00:00:00.000Z,refrigerated_2_8C,62,case
MED-ITEM-0281,MTF-0281,sterile_surgical,440,2028-01-20T00:00:00.000Z,ambient,145,each
MED-ITEM-0282,MTF-0282,diagnostic_reagent,230,2027-04-09T00:00:00.000Z,refrigerated_2_8C,177,dose
MED-ITEM-0283,MTF-0283,routine_consumable,228,2026-11-05T00:00:00.000Z,frozen_minus_20C,205,kit
MED-ITEM-0284,MTF-0284,controlled_medication,375,2027-08-06T00:00:00.000Z,controlled_access,237,unit
MED-ITEM-0285,MTF-0285,cold_chain_vaccine,205,2027-09-10T00:00:00.000Z,refrigerated_2_8C,92,case
MED-ITEM-0286,MTF-0286,controlled_medication,351,2027-03-28T00:00:00.000Z,controlled_access,162,each
MED-ITEM-0287,MTF-0287,sterile_surgical,157,2027-06-26T00:00:00.000Z,frozen_minus_20C,90,dose
MED-ITEM-0288,MTF-0288,diagnostic_reagent,92,2027-06-15T00:00:00.000Z,controlled_access,72,kit
MED-ITEM-0289,MTF-0289,controlled_medication,279,2027-02-06T00:00:00.000Z,controlled_access,130,unit
MED-ITEM-0290,MTF-0290,cold_chain_vaccine,285,2028-02-21T00:00:00.000Z,refrigerated_2_8C,178,case
MED-ITEM-0291,MTF-0291,blood_product,422,2028-02-26T00:00:00.000Z,refrigerated_2_8C,122,each
MED-ITEM-0292,MTF-0292,controlled_medication,147,2027-09-20T00:00:00.000Z,controlled_access,31,dose
MED-ITEM-0293,MTF-0293,sterile_surgical,159,2027-03-10T00:00:00.000Z,ambient,142,kit
MED-ITEM-0294,MTF-0294,controlled_medication,168,2027-04-27T00:00:00.000Z,controlled_access,78,unit
MED-ITEM-0295,MTF-0295,cold_chain_vaccine,202,2027-11-01T00:00:00.000Z,refrigerated_2_8C,90,case
MED-ITEM-0296,MTF-0296,cold_chain_vaccine,389,2027-11-09T00:00:00.000Z,refrigerated_2_8C,211,each
MED-ITEM-0297,MTF-0297,blood_product,246,2027-03-11T00:00:00.000Z,refrigerated_2_8C,86,dose
MED-ITEM-0298,MTF-0298,controlled_medication,221,2027-07-06T00:00:00.000Z,controlled_access,196,kit
MED-ITEM-0299,MTF-0299,controlled_medication,226,2026-11-12T00:00:00.000Z,controlled_access,64,unit
MED-ITEM-0300,MTF-0300,cold_chain_vaccine,235,2027-10-09T00:00:00.000Z,refrigerated_2_8C,75,case
MED-ITEM-0301,MTF-0301,routine_consumable,559,2026-11-27T00:00:00.000Z,ambient,150,each
MED-ITEM-0302,MTF-0302,cold_chain_vaccine,262,2028-01-20T00:00:00.000Z,refrigerated_2_8C,219,dose
MED-ITEM-0303,MTF-0303,blood_product,66,2027-04-24T00:00:00.000Z,refrigerated_2_8C,47,kit
MED-ITEM-0304,MTF-0304,controlled_medication,235,2027-11-22T00:00:00.000Z,controlled_access,84,unit
MED-ITEM-0305,MTF-0305,cold_chain_vaccine,173,2027-12-04T00:00:00.000Z,refrigerated_2_8C,40,case
MED-ITEM-0306,MTF-0306,diagnostic_reagent,577,2027-12-24T00:00:00.000Z,refrigerated_2_8C,158,each
MED-ITEM-0307,MTF-0307,routine_consumable,353,2027-06-24T00:00:00.000Z,frozen_minus_20C,211,dose
MED-ITEM-0308,MTF-0308,cold_chain_vaccine,124,2026-11-23T00:00:00.000Z,refrigerated_2_8C,119,kit
MED-ITEM-0309,MTF-0309,controlled_medication,276,2028-01-12T00:00:00.000Z,controlled_access,143,unit
MED-ITEM-0310,MTF-0310,cold_chain_vaccine,291,2027-10-31T00:00:00.000Z,refrigerated_2_8C,232,case
MED-ITEM-0311,MTF-0311,sterile_surgical,363,2026-12-25T00:00:00.000Z,frozen_minus_20C,50,each
MED-ITEM-0312,MTF-0312,diagnostic_reagent,85,2026-11-11T00:00:00.000Z,controlled_access,53,dose
MED-ITEM-0313,MTF-0313,routine_consumable,67,2028-02-03T00:00:00.000Z,ambient,55,kit
MED-ITEM-0314,MTF-0314,controlled_medication,155,2026-12-02T00:00:00.000Z,controlled_access,62,unit
MED-ITEM-0315,MTF-0315,cold_chain_vaccine,309,2027-04-28T00:00:00.000Z,refrigerated_2_8C,158,case
MED-ITEM-0316,MTF-0316,controlled_medication,283,2026-11-09T00:00:00.000Z,controlled_access,127,each
MED-ITEM-0317,MTF-0317,sterile_surgical,370,2026-11-01T00:00:00.000Z,ambient,196,dose
MED-ITEM-0318,MTF-0318,diagnostic_reagent,60,2026-12-30T00:00:00.000Z,refrigerated_2_8C,55,kit
MED-ITEM-0319,MTF-0319,controlled_medication,335,2027-01-15T00:00:00.000Z,controlled_access,213,unit
MED-ITEM-0320,MTF-0320,cold_chain_vaccine,306,2027-11-08T00:00:00.000Z,refrigerated_2_8C,163,case
MED-ITEM-0321,MTF-0321,blood_product,374,2027-10-13T00:00:00.000Z,refrigerated_2_8C,111,each
MED-ITEM-0322,MTF-0322,controlled_medication,223,2027-05-21T00:00:00.000Z,controlled_access,177,dose
MED-ITEM-0323,MTF-0323,sterile_surgical,97,2027-07-17T00:00:00.000Z,frozen_minus_20C,72,kit
MED-ITEM-0324,MTF-0324,controlled_medication,82,2027-12-25T00:00:00.000Z,controlled_access,52,unit
MED-ITEM-0325,MTF-0325,cold_chain_vaccine,332,2027-05-25T00:00:00.000Z,refrigerated_2_8C,188,case
MED-ITEM-0326,MTF-0326,cold_chain_vaccine,541,2027-05-07T00:00:00.000Z,refrigerated_2_8C,231,each
MED-ITEM-0327,MTF-0327,blood_product,151,2027-04-07T00:00:00.000Z,refrigerated_2_8C,105,dose
MED-ITEM-0328,MTF-0328,controlled_medication,204,2027-06-29T00:00:00.000Z,controlled_access,199,kit
MED-ITEM-0329,MTF-0329,controlled_medication,235,2027-06-26T00:00:00.000Z,controlled_access,59,unit
MED-ITEM-0330,MTF-0330,cold_chain_vaccine,367,2026-12-04T00:00:00.000Z,refrigerated_2_8C,250,case
MED-ITEM-0331,MTF-0331,routine_consumable,241,2027-11-08T00:00:00.000Z,frozen_minus_20C,46,each
MED-ITEM-0332,MTF-0332,cold_chain_vaccine,149,2027-04-10T00:00:00.000Z,refrigerated_2_8C,59,dose
MED-ITEM-0333,MTF-0333,blood_product,93,2027-09-29T00:00:00.000Z,refrigerated_2_8C,68,kit
MED-ITEM-0334,MTF-0334,controlled_medication,178,2027-07-31T00:00:00.000Z,controlled_access,137,unit
MED-ITEM-0335,MTF-0335,cold_chain_vaccine,279,2027-11-27T00:00:00.000Z,refrigerated_2_8C,120,case
MED-ITEM-0336,MTF-0336,diagnostic_reagent,584,2027-03-27T00:00:00.000Z,controlled_access,193,each
MED-ITEM-0337,MTF-0337,routine_consumable,192,2026-11-27T00:00:00.000Z,ambient,90,dose
MED-ITEM-0338,MTF-0338,cold_chain_vaccine,194,2027-04-03T00:00:00.000Z,refrigerated_2_8C,176,kit
MED-ITEM-0339,MTF-0339,controlled_medication,185,2027-05-01T00:00:00.000Z,controlled_access,68,unit
MED-ITEM-0340,MTF-0340,cold_chain_vaccine,151,2026-12-21T00:00:00.000Z,refrigerated_2_8C,104,case
MED-ITEM-0341,MTF-0341,sterile_surgical,606,2027-11-28T00:00:00.000Z,ambient,188,each
MED-ITEM-0342,MTF-0342,diagnostic_reagent,163,2027-02-16T00:00:00.000Z,refrigerated_2_8C,85,dose
MED-ITEM-0343,MTF-0343,routine_consumable,179,2026-11-04T00:00:00.000Z,frozen_minus_20C,161,kit
MED-ITEM-0344,MTF-0344,controlled_medication,196,2027-06-21T00:00:00.000Z,controlled_access,65,unit
MED-ITEM-0345,MTF-0345,cold_chain_vaccine,319,2027-09-12T00:00:00.000Z,refrigerated_2_8C,163,case
MED-ITEM-0346,MTF-0346,controlled_medication,481,2027-06-01T00:00:00.000Z,controlled_access,120,each
MED-ITEM-0347,MTF-0347,sterile_surgical,316,2026-12-14T00:00:00.000Z,frozen_minus_20C,171,dose
MED-ITEM-0348,MTF-0348,diagnostic_reagent,196,2027-04-19T00:00:00.000Z,controlled_access,183,kit
MED-ITEM-0349,MTF-0349,controlled_medication,209,2028-01-05T00:00:00.000Z,controlled_access,161,unit
MED-ITEM-0350,MTF-0350,cold_chain_vaccine,360,2027-04-29T00:00:00.000Z,refrigerated_2_8C,247,case
MED-ITEM-0351,MTF-0351,blood_product,255,2026-11-18T00:00:00.000Z,refrigerated_2_8C,42,each
MED-ITEM-0352,MTF-0352,controlled_medication,260,2027-11-23T00:00:00.000Z,controlled_access,157,dose
MED-ITEM-0353,MTF-0353,sterile_surgical,173,2027-08-13T00:00:00.000Z,ambient,167,kit
MED-ITEM-0354,MTF-0354,controlled_medication,194,2028-02-02T00:00:00.000Z,controlled_access,109,unit
MED-ITEM-0355,MTF-0355,cold_chain_vaccine,276,2027-02-01T00:00:00.000Z,refrigerated_2_8C,107,case
MED-ITEM-0356,MTF-0356,cold_chain_vaccine,482,2026-11-26T00:00:00.000Z,refrigerated_2_8C,161,each
MED-ITEM-0357,MTF-0357,blood_product,276,2027-07-01T00:00:00.000Z,refrigerated_2_8C,216,dose
MED-ITEM-0358,MTF-0358,controlled_medication,142,2027-02-03T00:00:00.000Z,controlled_access,131,kit
MED-ITEM-0359,MTF-0359,controlled_medication,213,2026-11-05T00:00:00.000Z,controlled_access,80,unit
MED-ITEM-0360,MTF-0360,cold_chain_vaccine,373,2027-04-26T00:00:00.000Z,refrigerated_2_8C,237,case
MED-ITEM-0361,MTF-0361,routine_consumable,572,2026-11-12T00:00:00.000Z,ambient,150,each
MED-ITEM-0362,MTF-0362,cold_chain_vaccine,292,2027-09-06T00:00:00.000Z,refrigerated_2_8C,176,dose
MED-ITEM-0363,MTF-0363,blood_product,77,2028-02-22T00:00:00.000Z,refrigerated_2_8C,72,kit
MED-ITEM-0364,MTF-0364,controlled_medication,165,2026-11-04T00:00:00.000Z,controlled_access,53,unit
MED-ITEM-0365,MTF-0365,cold_chain_vaccine,312,2026-11-02T00:00:00.000Z,refrigerated_2_8C,195,case
MED-ITEM-0366,MTF-0366,diagnostic_reagent,401,2027-01-16T00:00:00.000Z,refrigerated_2_8C,183,each
MED-ITEM-0367,MTF-0367,routine_consumable,229,2026-12-21T00:00:00.000Z,frozen_minus_20C,92,dose
MED-ITEM-0368,MTF-0368,cold_chain_vaccine,82,2026-12-31T00:00:00.000Z,refrigerated_2_8C,66,kit
MED-ITEM-0369,MTF-0369,controlled_medication,270,2027-04-19T00:00:00.000Z,controlled_access,183,unit
MED-ITEM-0370,MTF-0370,cold_chain_vaccine,363,2026-10-25T00:00:00.000Z,refrigerated_2_8C,207,case
MED-ITEM-0371,MTF-0371,sterile_surgical,371,2027-07-11T00:00:00.000Z,frozen_minus_20C,76,each
MED-ITEM-0372,MTF-0372,diagnostic_reagent,152,2027-01-21T00:00:00.000Z,controlled_access,94,dose
MED-ITEM-0373,MTF-0373,routine_consumable,175,2027-08-20T00:00:00.000Z,ambient,160,kit
MED-ITEM-0374,MTF-0374,controlled_medication,285,2028-02-19T00:00:00.000Z,controlled_access,192,unit
MED-ITEM-0375,MTF-0375,cold_chain_vaccine,152,2027-10-21T00:00:00.000Z,refrigerated_2_8C,115,case
MED-ITEM-0376,MTF-0376,controlled_medication,380,2027-11-03T00:00:00.000Z,controlled_access,192,each
MED-ITEM-0377,MTF-0377,sterile_surgical,178,2027-02-25T00:00:00.000Z,ambient,58,dose
MED-ITEM-0378,MTF-0378,diagnostic_reagent,135,2027-05-16T00:00:00.000Z,refrigerated_2_8C,111,kit
MED-ITEM-0379,MTF-0379,controlled_medication,193,2028-02-04T00:00:00.000Z,controlled_access,145,unit
MED-ITEM-0380,MTF-0380,cold_chain_vaccine,266,2027-09-26T00:00:00.000Z,refrigerated_2_8C,169,case
MED-ITEM-0381,MTF-0381,blood_product,642,2026-11-25T00:00:00.000Z,refrigerated_2_8C,195,each
MED-ITEM-0382,MTF-0382,controlled_medication,407,2027-08-14T00:00:00.000Z,controlled_access,246,dose
MED-ITEM-0383,MTF-0383,sterile_surgical,234,2028-02-16T00:00:00.000Z,frozen_minus_20C,213,kit
MED-ITEM-0384,MTF-0384,controlled_medication,145,2026-12-22T00:00:00.000Z,controlled_access,114,unit
MED-ITEM-0385,MTF-0385,cold_chain_vaccine,275,2028-01-11T00:00:00.000Z,refrigerated_2_8C,175,case
MED-ITEM-0386,MTF-0386,cold_chain_vaccine,539,2027-06-08T00:00:00.000Z,refrigerated_2_8C,134,each
MED-ITEM-0387,MTF-0387,blood_product,89,2027-08-30T00:00:00.000Z,refrigerated_2_8C,46,dose
MED-ITEM-0388,MTF-0388,controlled_medication,141,2027-05-13T00:00:00.000Z,controlled_access,130,kit
MED-ITEM-0389,MTF-0389,controlled_medication,216,2027-09-12T00:00:00.000Z,controlled_access,43,unit
MED-ITEM-0390,MTF-0390,cold_chain_vaccine,144,2027-07-23T00:00:00.000Z,refrigerated_2_8C,59,case
MED-ITEM-0391,MTF-0391,routine_consumable,403,2027-07-03T00:00:00.000Z,frozen_minus_20C,228,each
MED-ITEM-0392,MTF-0392,cold_chain_vaccine,256,2027-08-11T00:00:00.000Z,refrigerated_2_8C,214,dose
MED-ITEM-0393,MTF-0393,blood_product,71,2027-09-30T00:00:00.000Z,refrigerated_2_8C,55,kit
MED-ITEM-0394,MTF-0394,controlled_medication,359,2027-06-13T00:00:00.000Z,controlled_access,179,unit
MED-ITEM-0395,MTF-0395,cold_chain_vaccine,113,2026-12-09T00:00:00.000Z,refrigerated_2_8C,76,case
MED-ITEM-0396,MTF-0396,diagnostic_reagent,498,2027-01-14T00:00:00.000Z,controlled_access,138,each
MED-ITEM-0397,MTF-0397,routine_consumable,216,2027-05-14T00:00:00.000Z,ambient,150,dose
MED-ITEM-0398,MTF-0398,cold_chain_vaccine,191,2026-10-21T00:00:00.000Z,refrigerated_2_8C,173,kit
MED-ITEM-0399,MTF-0399,controlled_medication,266,2027-11-05T00:00:00.000Z,controlled_access,163,unit
MED-ITEM-0400,MTF-0400,cold_chain_vaccine,325,2027-06-17T00:00:00.000Z,refrigerated_2_8C,164,case
MED-ITEM-0401,MTF-0401,sterile_surgical,669,2028-03-01T00:00:00.000Z,ambient,246,each
MED-ITEM-0402,MTF-0402,diagnostic_reagent,293,2028-02-09T00:00:00.000Z,refrigerated_2_8C,137,dose
MED-ITEM-0403,MTF-0403,routine_consumable,43,2026-10-27T00:00:00.000Z,frozen_minus_20C,37,kit
MED-ITEM-0404,MTF-0404,controlled_medication,278,2027-04-13T00:00:00.000Z,controlled_access,123,unit
MED-ITEM-0405,MTF-0405,cold_chain_vaccine,277,2027-08-27T00:00:00.000Z,refrigerated_2_8C,119,case
MED-ITEM-0406,MTF-0406,controlled_medication,624,2026-12-05T00:00:00.000Z,controlled_access,200,each
MED-ITEM-0407,MTF-0407,sterile_surgical,231,2027-02-12T00:00:00.000Z,frozen_minus_20C,78,dose
MED-ITEM-0408,MTF-0408,diagnostic_reagent,246,2027-05-22T00:00:00.000Z,controlled_access,225,kit
MED-ITEM-0409,MTF-0409,controlled_medication,153,2027-07-14T00:00:00.000Z,controlled_access,94,unit
MED-ITEM-0410,MTF-0410,cold_chain_vaccine,275,2026-12-24T00:00:00.000Z,refrigerated_2_8C,129,case
MED-ITEM-0411,MTF-0411,blood_product,610,2027-06-30T00:00:00.000Z,refrigerated_2_8C,160,each
MED-ITEM-0412,MTF-0412,controlled_medication,311,2027-01-03T00:00:00.000Z,controlled_access,153,dose
MED-ITEM-0413,MTF-0413,sterile_surgical,114,2027-12-12T00:00:00.000Z,ambient,106,kit
MED-ITEM-0414,MTF-0414,controlled_medication,178,2027-02-12T00:00:00.000Z,controlled_access,62,unit
MED-ITEM-0415,MTF-0415,cold_chain_vaccine,286,2027-04-28T00:00:00.000Z,refrigerated_2_8C,164,case
MED-ITEM-0416,MTF-0416,cold_chain_vaccine,351,2026-12-11T00:00:00.000Z,refrigerated_2_8C,124,each
MED-ITEM-0417,MTF-0417,blood_product,331,2027-10-18T00:00:00.000Z,refrigerated_2_8C,224,dose
MED-ITEM-0418,MTF-0418,controlled_medication,209,2027-08-29T00:00:00.000Z,controlled_access,198,kit
MED-ITEM-0419,MTF-0419,controlled_medication,324,2027-12-29T00:00:00.000Z,controlled_access,224,unit
MED-ITEM-0420,MTF-0420,cold_chain_vaccine,316,2027-06-07T00:00:00.000Z,refrigerated_2_8C,146,case
MED-ITEM-0421,MTF-0421,routine_consumable,292,2027-12-21T00:00:00.000Z,ambient,83,each
MED-ITEM-0422,MTF-0422,cold_chain_vaccine,336,2027-07-06T00:00:00.000Z,refrigerated_2_8C,247,dose
MED-ITEM-0423,MTF-0423,blood_product,123,2027-09-02T00:00:00.000Z,refrigerated_2_8C,115,kit
MED-ITEM-0424,MTF-0424,controlled_medication,262,2027-08-14T00:00:00.000Z,controlled_access,157,unit
MED-ITEM-0425,MTF-0425,cold_chain_vaccine,352,2027-10-17T00:00:00.000Z,refrigerated_2_8C,231,case
MED-ITEM-0426,MTF-0426,diagnostic_reagent,463,2026-11-12T00:00:00.000Z,refrigerated_2_8C,133,each
MED-ITEM-0427,MTF-0427,routine_consumable,269,2027-07-18T00:00:00.000Z,frozen_minus_20C,176,dose
MED-ITEM-0428,MTF-0428,cold_chain_vaccine,51,2027-01-18T00:00:00.000Z,refrigerated_2_8C,40,kit
MED-ITEM-0429,MTF-0429,controlled_medication,89,2027-06-05T00:00:00.000Z,controlled_access,43,unit
MED-ITEM-0430,MTF-0430,cold_chain_vaccine,366,2027-01-26T00:00:00.000Z,refrigerated_2_8C,198,case
MED-ITEM-0431,MTF-0431,sterile_surgical,663,2027-11-26T00:00:00.000Z,frozen_minus_20C,225,each
MED-ITEM-0432,MTF-0432,diagnostic_reagent,169,2027-03-09T00:00:00.000Z,controlled_access,97,dose
MED-ITEM-0433,MTF-0433,routine_consumable,222,2027-04-14T00:00:00.000Z,ambient,197,kit
MED-ITEM-0434,MTF-0434,controlled_medication,149,2027-12-01T00:00:00.000Z,controlled_access,79,unit
MED-ITEM-0435,MTF-0435,cold_chain_vaccine,106,2027-05-16T00:00:00.000Z,refrigerated_2_8C,44,case
MED-ITEM-0436,MTF-0436,controlled_medication,417,2027-02-07T00:00:00.000Z,controlled_access,202,each
MED-ITEM-0437,MTF-0437,sterile_surgical,159,2028-02-28T00:00:00.000Z,ambient,59,dose
MED-ITEM-0438,MTF-0438,diagnostic_reagent,157,2027-01-20T00:00:00.000Z,refrigerated_2_8C,149,kit
MED-ITEM-0439,MTF-0439,controlled_medication,269,2027-11-12T00:00:00.000Z,controlled_access,234,unit
MED-ITEM-0440,MTF-0440,cold_chain_vaccine,191,2027-04-15T00:00:00.000Z,refrigerated_2_8C,101,case
MED-ITEM-0441,MTF-0441,blood_product,228,2027-12-12T00:00:00.000Z,refrigerated_2_8C,60,each
MED-ITEM-0442,MTF-0442,controlled_medication,274,2028-01-06T00:00:00.000Z,controlled_access,163,dose
MED-ITEM-0443,MTF-0443,sterile_surgical,50,2027-05-20T00:00:00.000Z,frozen_minus_20C,40,kit
MED-ITEM-0444,MTF-0444,controlled_medication,157,2028-02-15T00:00:00.000Z,controlled_access,72,unit
MED-ITEM-0445,MTF-0445,cold_chain_vaccine,346,2027-09-28T00:00:00.000Z,refrigerated_2_8C,191,case
MED-ITEM-0446,MTF-0446,cold_chain_vaccine,559,2027-09-07T00:00:00.000Z,refrigerated_2_8C,204,each
MED-ITEM-0447,MTF-0447,blood_product,225,2027-07-12T00:00:00.000Z,refrigerated_2_8C,125,dose
MED-ITEM-0448,MTF-0448,controlled_medication,115,2027-12-09T00:00:00.000Z,controlled_access,90,kit
MED-ITEM-0449,MTF-0449,controlled_medication,285,2027-03-04T00:00:00.000Z,controlled_access,169,unit
MED-ITEM-0450,MTF-0450,cold_chain_vaccine,381,2027-09-24T00:00:00.000Z,refrigerated_2_8C,247,case
MED-ITEM-0451,MTF-0451,routine_consumable,414,2027-06-06T00:00:00.000Z,frozen_minus_20C,165,each
MED-ITEM-0452,MTF-0452,cold_chain_vaccine,270,2027-04-07T00:00:00.000Z,refrigerated_2_8C,153,dose
MED-ITEM-0453,MTF-0453,blood_product,254,2028-01-19T00:00:00.000Z,refrigerated_2_8C,244,kit
MED-ITEM-0454,MTF-0454,controlled_medication,385,2027-08-29T00:00:00.000Z,controlled_access,210,unit
MED-ITEM-0455,MTF-0455,cold_chain_vaccine,346,2027-06-15T00:00:00.000Z,refrigerated_2_8C,210,case
MED-ITEM-0456,MTF-0456,diagnostic_reagent,568,2026-12-20T00:00:00.000Z,controlled_access,240,each
MED-ITEM-0457,MTF-0457,routine_consumable,277,2026-11-11T00:00:00.000Z,ambient,132,dose
MED-ITEM-0458,MTF-0458,cold_chain_vaccine,272,2028-02-23T00:00:00.000Z,refrigerated_2_8C,250,kit
MED-ITEM-0459,MTF-0459,controlled_medication,288,2027-08-24T00:00:00.000Z,controlled_access,231,unit
MED-ITEM-0460,MTF-0460,cold_chain_vaccine,414,2027-06-23T00:00:00.000Z,refrigerated_2_8C,237,case
MED-ITEM-0461,MTF-0461,sterile_surgical,691,2026-12-14T00:00:00.000Z,ambient,247,each
MED-ITEM-0462,MTF-0462,diagnostic_reagent,225,2027-11-22T00:00:00.000Z,refrigerated_2_8C,191,dose
MED-ITEM-0463,MTF-0463,routine_consumable,84,2026-11-20T00:00:00.000Z,frozen_minus_20C,71,kit
MED-ITEM-0464,MTF-0464,controlled_medication,234,2027-03-11T00:00:00.000Z,controlled_access,169,unit
MED-ITEM-0465,MTF-0465,cold_chain_vaccine,322,2028-02-03T00:00:00.000Z,refrigerated_2_8C,161,case
MED-ITEM-0466,MTF-0466,controlled_medication,578,2028-01-29T00:00:00.000Z,controlled_access,147,each
MED-ITEM-0467,MTF-0467,sterile_surgical,88,2027-10-23T00:00:00.000Z,frozen_minus_20C,46,dose
MED-ITEM-0468,MTF-0468,diagnostic_reagent,102,2028-01-29T00:00:00.000Z,controlled_access,95,kit
MED-ITEM-0469,MTF-0469,controlled_medication,160,2027-09-23T00:00:00.000Z,controlled_access,130,unit
MED-ITEM-0470,MTF-0470,cold_chain_vaccine,348,2027-01-20T00:00:00.000Z,refrigerated_2_8C,248,case
MED-ITEM-0471,MTF-0471,blood_product,515,2027-11-11T00:00:00.000Z,refrigerated_2_8C,120,each
MED-ITEM-0472,MTF-0472,controlled_medication,148,2027-09-10T00:00:00.000Z,controlled_access,117,dose
MED-ITEM-0473,MTF-0473,sterile_surgical,82,2026-12-01T00:00:00.000Z,ambient,66,kit
MED-ITEM-0474,MTF-0474,controlled_medication,166,2026-11-25T00:00:00.000Z,controlled_access,92,unit
MED-ITEM-0475,MTF-0475,cold_chain_vaccine,355,2027-02-23T00:00:00.000Z,refrigerated_2_8C,232,case
MED-ITEM-0476,MTF-0476,cold_chain_vaccine,569,2027-03-13T00:00:00.000Z,refrigerated_2_8C,168,each
MED-ITEM-0477,MTF-0477,blood_product,294,2027-06-25T00:00:00.000Z,refrigerated_2_8C,128,dose
MED-ITEM-0478,MTF-0478,controlled_medication,155,2026-11-15T00:00:00.000Z,controlled_access,136,kit
MED-ITEM-0479,MTF-0479,controlled_medication,357,2027-03-30T00:00:00.000Z,controlled_access,231,unit
MED-ITEM-0480,MTF-0480,cold_chain_vaccine,308,2026-12-30T00:00:00.000Z,refrigerated_2_8C,165,case
MED-ITEM-0481,MTF-0481,routine_consumable,344,2027-12-01T00:00:00.000Z,ambient,78,each
MED-ITEM-0482,MTF-0482,cold_chain_vaccine,288,2027-06-29T00:00:00.000Z,refrigerated_2_8C,232,dose
MED-ITEM-0483,MTF-0483,blood_product,137,2027-05-04T00:00:00.000Z,refrigerated_2_8C,128,kit
MED-ITEM-0484,MTF-0484,controlled_medication,107,2027-09-29T00:00:00.000Z,controlled_access,68,unit
MED-ITEM-0485,MTF-0485,cold_chain_vaccine,266,2027-06-06T00:00:00.000Z,refrigerated_2_8C,144,case
MED-ITEM-0486,MTF-0486,diagnostic_reagent,413,2027-11-06T00:00:00.000Z,refrigerated_2_8C,76,each
MED-ITEM-0487,MTF-0487,routine_consumable,239,2027-03-27T00:00:00.000Z,frozen_minus_20C,113,dose
MED-ITEM-0488,MTF-0488,cold_chain_vaccine,125,2027-01-15T00:00:00.000Z,refrigerated_2_8C,113,kit
MED-ITEM-0489,MTF-0489,controlled_medication,303,2026-12-30T00:00:00.000Z,controlled_access,193,unit
MED-ITEM-0490,MTF-0490,cold_chain_vaccine,346,2028-03-01T00:00:00.000Z,refrigerated_2_8C,191,case
MED-ITEM-0491,MTF-0491,sterile_surgical,247,2027-08-23T00:00:00.000Z,frozen_minus_20C,62,each
MED-ITEM-0492,MTF-0492,diagnostic_reagent,254,2027-07-23T00:00:00.000Z,controlled_access,184,dose
MED-ITEM-0493,MTF-0493,routine_consumable,86,2027-09-17T00:00:00.000Z,ambient,75,kit
MED-ITEM-0494,MTF-0494,controlled_medication,244,2027-10-15T00:00:00.000Z,controlled_access,142,unit
MED-ITEM-0495,MTF-0495,cold_chain_vaccine,198,2026-11-24T00:00:00.000Z,refrigerated_2_8C,68,case
MED-ITEM-0496,MTF-0496,controlled_medication,490,2028-03-01T00:00:00.000Z,controlled_access,51,each
MED-ITEM-0497,MTF-0497,sterile_surgical,109,2027-03-15T00:00:00.000Z,ambient,35,dose
MED-ITEM-0498,MTF-0498,diagnostic_reagent,259,2027-02-25T00:00:00.000Z,refrigerated_2_8C,237,kit
MED-ITEM-0499,MTF-0499,controlled_medication,100,2027-05-22T00:00:00.000Z,controlled_access,59,unit
MED-ITEM-0500,MTF-0500,cold_chain_vaccine,361,2026-12-09T00:00:00.000Z,refrigerated_2_8C,207,case
MED-ITEM-0501,MTF-0501,blood_product,416,2027-06-20T00:00:00.000Z,refrigerated_2_8C,197,each
MED-ITEM-0502,MTF-0502,controlled_medication,259,2027-05-27T00:00:00.000Z,controlled_access,210,dose
MED-ITEM-0503,MTF-0503,sterile_surgical,184,2027-12-25T00:00:00.000Z,frozen_minus_20C,174,kit
MED-ITEM-0504,MTF-0504,controlled_medication,81,2027-09-25T00:00:00.000Z,controlled_access,49,unit
MED-ITEM-0505,MTF-0505,cold_chain_vaccine,264,2027-12-05T00:00:00.000Z,refrigerated_2_8C,104,case
MED-ITEM-0506,MTF-0506,cold_chain_vaccine,519,2027-03-09T00:00:00.000Z,refrigerated_2_8C,133,each
MED-ITEM-0507,MTF-0507,blood_product,138,2027-07-03T00:00:00.000Z,refrigerated_2_8C,42,dose
MED-ITEM-0508,MTF-0508,controlled_medication,116,2027-04-11T00:00:00.000Z,controlled_access,108,kit
MED-ITEM-0509,MTF-0509,controlled_medication,243,2027-06-09T00:00:00.000Z,controlled_access,81,unit
MED-ITEM-0510,MTF-0510,cold_chain_vaccine,159,2027-08-19T00:00:00.000Z,refrigerated_2_8C,41,case
MED-ITEM-0511,MTF-0511,routine_consumable,516,2027-04-28T00:00:00.000Z,frozen_minus_20C,83,each
MED-ITEM-0512,MTF-0512,cold_chain_vaccine,268,2027-10-08T00:00:00.000Z,refrigerated_2_8C,90,dose
MED-ITEM-0513,MTF-0513,blood_product,235,2027-09-24T00:00:00.000Z,refrigerated_2_8C,228,kit
MED-ITEM-0514,MTF-0514,controlled_medication,151,2027-09-09T00:00:00.000Z,controlled_access,106,unit
MED-ITEM-0515,MTF-0515,cold_chain_vaccine,387,2026-12-11T00:00:00.000Z,refrigerated_2_8C,222,case
MED-ITEM-0516,MTF-0516,diagnostic_reagent,611,2027-09-06T00:00:00.000Z,controlled_access,230,each
MED-ITEM-0517,MTF-0517,routine_consumable,383,2028-02-20T00:00:00.000Z,ambient,223,dose
MED-ITEM-0518,MTF-0518,cold_chain_vaccine,164,2027-02-03T00:00:00.000Z,refrigerated_2_8C,141,kit
MED-ITEM-0519,MTF-0519,controlled_medication,260,2027-09-05T00:00:00.000Z,controlled_access,107,unit
MED-ITEM-0520,MTF-0520,cold_chain_vaccine,268,2026-10-20T00:00:00.000Z,refrigerated_2_8C,229,case
MED-ITEM-0521,MTF-0521,sterile_surgical,323,2026-11-17T00:00:00.000Z,ambient,70,each
MED-ITEM-0522,MTF-0522,diagnostic_reagent,271,2028-02-20T00:00:00.000Z,refrigerated_2_8C,173,dose
MED-ITEM-0523,MTF-0523,routine_consumable,137,2027-11-13T00:00:00.000Z,frozen_minus_20C,116,kit
MED-ITEM-0524,MTF-0524,controlled_medication,256,2027-12-07T00:00:00.000Z,controlled_access,88,unit
MED-ITEM-0525,MTF-0525,cold_chain_vaccine,260,2027-10-13T00:00:00.000Z,refrigerated_2_8C,212,case
MED-ITEM-0526,MTF-0526,controlled_medication,300,2027-11-24T00:00:00.000Z,controlled_access,98,each
MED-ITEM-0527,MTF-0527,sterile_surgical,77,2026-11-07T00:00:00.000Z,frozen_minus_20C,45,dose
MED-ITEM-0528,MTF-0528,diagnostic_reagent,124,2027-09-14T00:00:00.000Z,controlled_access,108,kit
MED-ITEM-0529,MTF-0529,controlled_medication,227,2026-11-15T00:00:00.000Z,controlled_access,147,unit
MED-ITEM-0530,MTF-0530,cold_chain_vaccine,93,2027-05-13T00:00:00.000Z,refrigerated_2_8C,30,case
MED-ITEM-0531,MTF-0531,blood_product,593,2027-05-17T00:00:00.000Z,refrigerated_2_8C,176,each
MED-ITEM-0532,MTF-0532,controlled_medication,106,2028-01-21T00:00:00.000Z,controlled_access,34,dose
MED-ITEM-0533,MTF-0533,sterile_surgical,62,2026-11-12T00:00:00.000Z,ambient,56,kit
MED-ITEM-0534,MTF-0534,controlled_medication,224,2027-09-22T00:00:00.000Z,controlled_access,141,unit
MED-ITEM-0535,MTF-0535,cold_chain_vaccine,301,2027-12-28T00:00:00.000Z,refrigerated_2_8C,189,case
MED-ITEM-0536,MTF-0536,cold_chain_vaccine,224,2026-12-02T00:00:00.000Z,refrigerated_2_8C,36,each
MED-ITEM-0537,MTF-0537,blood_product,93,2026-12-11T00:00:00.000Z,refrigerated_2_8C,41,dose
MED-ITEM-0538,MTF-0538,controlled_medication,187,2027-01-27T00:00:00.000Z,controlled_access,173,kit
MED-ITEM-0539,MTF-0539,controlled_medication,231,2027-09-16T00:00:00.000Z,controlled_access,61,unit
MED-ITEM-0540,MTF-0540,cold_chain_vaccine,167,2027-04-16T00:00:00.000Z,refrigerated_2_8C,84,case
MED-ITEM-0541,MTF-0541,routine_consumable,462,2026-12-13T00:00:00.000Z,ambient,39,each
MED-ITEM-0542,MTF-0542,cold_chain_vaccine,304,2027-03-17T00:00:00.000Z,refrigerated_2_8C,165,dose
MED-ITEM-0543,MTF-0543,blood_product,91,2026-10-27T00:00:00.000Z,refrigerated_2_8C,72,kit
MED-ITEM-0544,MTF-0544,controlled_medication,251,2028-01-11T00:00:00.000Z,controlled_access,82,unit
MED-ITEM-0545,MTF-0545,cold_chain_vaccine,287,2027-03-16T00:00:00.000Z,refrigerated_2_8C,222,case
MED-ITEM-0546,MTF-0546,diagnostic_reagent,216,2027-03-05T00:00:00.000Z,refrigerated_2_8C,49,each
MED-ITEM-0547,MTF-0547,routine_consumable,288,2027-06-26T00:00:00.000Z,frozen_minus_20C,188,dose
MED-ITEM-0548,MTF-0548,cold_chain_vaccine,85,2028-01-01T00:00:00.000Z,refrigerated_2_8C,67,kit
MED-ITEM-0549,MTF-0549,controlled_medication,333,2027-10-23T00:00:00.000Z,controlled_access,190,unit
MED-ITEM-0550,MTF-0550,cold_chain_vaccine,259,2027-09-17T00:00:00.000Z,refrigerated_2_8C,207,case
MED-ITEM-0551,MTF-0551,sterile_surgical,238,2026-12-18T00:00:00.000Z,frozen_minus_20C,48,each
MED-ITEM-0552,MTF-0552,diagnostic_reagent,165,2026-12-25T00:00:00.000Z,controlled_access,80,dose
MED-ITEM-0553,MTF-0553,routine_consumable,193,2027-05-20T00:00:00.000Z,ambient,178,kit
MED-ITEM-0554,MTF-0554,controlled_medication,153,2028-02-06T00:00:00.000Z,controlled_access,85,unit
MED-ITEM-0555,MTF-0555,cold_chain_vaccine,239,2027-03-16T00:00:00.000Z,refrigerated_2_8C,137,case
MED-ITEM-0556,MTF-0556,controlled_medication,601,2027-11-19T00:00:00.000Z,controlled_access,242,each
MED-ITEM-0557,MTF-0557,sterile_surgical,121,2027-01-27T00:00:00.000Z,ambient,61,dose
MED-ITEM-0558,MTF-0558,diagnostic_reagent,183,2027-10-26T00:00:00.000Z,refrigerated_2_8C,168,kit
MED-ITEM-0559,MTF-0559,controlled_medication,259,2028-01-09T00:00:00.000Z,controlled_access,181,unit
MED-ITEM-0560,MTF-0560,cold_chain_vaccine,238,2027-03-24T00:00:00.000Z,refrigerated_2_8C,75,case
MED-ITEM-0561,MTF-0561,blood_product,437,2028-02-04T00:00:00.000Z,refrigerated_2_8C,151,each
MED-ITEM-0562,MTF-0562,controlled_medication,194,2027-08-31T00:00:00.000Z,controlled_access,92,dose
MED-ITEM-0563,MTF-0563,sterile_surgical,132,2026-11-24T00:00:00.000Z,frozen_minus_20C,118,kit
MED-ITEM-0564,MTF-0564,controlled_medication,330,2026-10-25T00:00:00.000Z,controlled_access,153,unit
MED-ITEM-0565,MTF-0565,cold_chain_vaccine,232,2027-12-07T00:00:00.000Z,refrigerated_2_8C,105,case
MED-ITEM-0566,MTF-0566,cold_chain_vaccine,342,2026-10-21T00:00:00.000Z,refrigerated_2_8C,94,each
MED-ITEM-0567,MTF-0567,blood_product,346,2027-12-10T00:00:00.000Z,refrigerated_2_8C,197,dose
MED-ITEM-0568,MTF-0568,controlled_medication,149,2027-11-22T00:00:00.000Z,controlled_access,136,kit
MED-ITEM-0569,MTF-0569,controlled_medication,158,2027-09-01T00:00:00.000Z,controlled_access,69,unit
MED-ITEM-0570,MTF-0570,cold_chain_vaccine,317,2027-09-23T00:00:00.000Z,refrigerated_2_8C,214,case
MED-ITEM-0571,MTF-0571,routine_consumable,341,2026-12-17T00:00:00.000Z,frozen_minus_20C,183,each
MED-ITEM-0572,MTF-0572,cold_chain_vaccine,259,2027-07-26T00:00:00.000Z,refrigerated_2_8C,158,dose
MED-ITEM-0573,MTF-0573,blood_product,56,2027-03-12T00:00:00.000Z,refrigerated_2_8C,35,kit
MED-ITEM-0574,MTF-0574,controlled_medication,322,2026-11-09T00:00:00.000Z,controlled_access,146,unit
MED-ITEM-0575,MTF-0575,cold_chain_vaccine,201,2027-02-27T00:00:00.000Z,refrigerated_2_8C,53,case
MED-ITEM-0576,MTF-0576,diagnostic_reagent,504,2028-01-01T00:00:00.000Z,controlled_access,166,each
MED-ITEM-0577,MTF-0577,routine_consumable,235,2027-01-10T00:00:00.000Z,ambient,98,dose
MED-ITEM-0578,MTF-0578,cold_chain_vaccine,263,2027-01-30T00:00:00.000Z,refrigerated_2_8C,242,kit
MED-ITEM-0579,MTF-0579,controlled_medication,127,2028-01-19T00:00:00.000Z,controlled_access,61,unit
MED-ITEM-0580,MTF-0580,cold_chain_vaccine,148,2027-07-26T00:00:00.000Z,refrigerated_2_8C,88,case
MED-ITEM-0581,MTF-0581,sterile_surgical,335,2027-12-29T00:00:00.000Z,ambient,132,each
MED-ITEM-0582,MTF-0582,diagnostic_reagent,409,2027-01-12T00:00:00.000Z,refrigerated_2_8C,247,dose
MED-ITEM-0583,MTF-0583,routine_consumable,47,2027-09-14T00:00:00.000Z,frozen_minus_20C,32,kit
MED-ITEM-0584,MTF-0584,controlled_medication,246,2027-04-17T00:00:00.000Z,controlled_access,183,unit
MED-ITEM-0585,MTF-0585,cold_chain_vaccine,213,2027-05-31T00:00:00.000Z,refrigerated_2_8C,150,case
MED-ITEM-0586,MTF-0586,controlled_medication,450,2026-11-20T00:00:00.000Z,controlled_access,152,each
MED-ITEM-0587,MTF-0587,sterile_surgical,130,2027-03-29T00:00:00.000Z,frozen_minus_20C,53,dose
MED-ITEM-0588,MTF-0588,diagnostic_reagent,154,2028-02-05T00:00:00.000Z,controlled_access,140,kit
MED-ITEM-0589,MTF-0589,controlled_medication,340,2027-05-03T00:00:00.000Z,controlled_access,177,unit
MED-ITEM-0590,MTF-0590,cold_chain_vaccine,146,2026-12-30T00:00:00.000Z,refrigerated_2_8C,75,case
MED-ITEM-0591,MTF-0591,blood_product,545,2027-02-16T00:00:00.000Z,refrigerated_2_8C,121,each
MED-ITEM-0592,MTF-0592,controlled_medication,295,2027-11-02T00:00:00.000Z,controlled_access,159,dose
MED-ITEM-0593,MTF-0593,sterile_surgical,147,2027-10-22T00:00:00.000Z,ambient,132,kit
MED-ITEM-0594,MTF-0594,controlled_medication,175,2027-11-23T00:00:00.000Z,controlled_access,110,unit
MED-ITEM-0595,MTF-0595,cold_chain_vaccine,300,2027-02-04T00:00:00.000Z,refrigerated_2_8C,121,case
MED-ITEM-0596,MTF-0596,cold_chain_vaccine,672,2027-08-22T00:00:00.000Z,refrigerated_2_8C,232,each
MED-ITEM-0597,MTF-0597,blood_product,274,2026-11-29T00:00:00.000Z,refrigerated_2_8C,229,dose
MED-ITEM-0598,MTF-0598,controlled_medication,78,2028-02-14T00:00:00.000Z,controlled_access,70,kit
MED-ITEM-0599,MTF-0599,controlled_medication,302,2028-02-27T00:00:00.000Z,controlled_access,247,unit
MED-ITEM-0600,MTF-0600,cold_chain_vaccine,168,2028-02-14T00:00:00.000Z,refrigerated_2_8C,109,case
MED-ITEM-0601,MTF-0601,routine_consumable,337,2027-09-01T00:00:00.000Z,ambient,36,each
MED-ITEM-0602,MTF-0602,cold_chain_vaccine,287,2027-09-27T00:00:00.000Z,refrigerated_2_8C,150,dose
MED-ITEM-0603,MTF-0603,blood_product,53,2027-03-01T00:00:00.000Z,refrigerated_2_8C,39,kit
MED-ITEM-0604,MTF-0604,controlled_medication,163,2027-01-26T00:00:00.000Z,controlled_access,32,unit
MED-ITEM-0605,MTF-0605,cold_chain_vaccine,320,2027-01-12T00:00:00.000Z,refrigerated_2_8C,150,case
MED-ITEM-0606,MTF-0606,diagnostic_reagent,466,2027-09-09T00:00:00.000Z,refrigerated_2_8C,125,each
MED-ITEM-0607,MTF-0607,routine_consumable,342,2027-12-15T00:00:00.000Z,frozen_minus_20C,233,dose
MED-ITEM-0608,MTF-0608,cold_chain_vaccine,203,2027-08-02T00:00:00.000Z,refrigerated_2_8C,178,kit
MED-ITEM-0609,MTF-0609,controlled_medication,257,2028-01-03T00:00:00.000Z,controlled_access,100,unit
MED-ITEM-0610,MTF-0610,cold_chain_vaccine,284,2028-01-14T00:00:00.000Z,refrigerated_2_8C,208,case
MED-ITEM-0611,MTF-0611,sterile_surgical,565,2026-12-24T00:00:00.000Z,frozen_minus_20C,169,each
MED-ITEM-0612,MTF-0612,diagnostic_reagent,230,2027-05-03T00:00:00.000Z,controlled_access,115,dose
MED-ITEM-0613,MTF-0613,routine_consumable,78,2027-03-27T00:00:00.000Z,ambient,70,kit
MED-ITEM-0614,MTF-0614,controlled_medication,270,2027-01-25T00:00:00.000Z,controlled_access,180,unit
MED-ITEM-0615,MTF-0615,cold_chain_vaccine,327,2027-03-31T00:00:00.000Z,refrigerated_2_8C,170,case
MED-ITEM-0616,MTF-0616,controlled_medication,517,2027-10-22T00:00:00.000Z,controlled_access,90,each
MED-ITEM-0617,MTF-0617,sterile_surgical,278,2028-01-21T00:00:00.000Z,ambient,161,dose
MED-ITEM-0618,MTF-0618,diagnostic_reagent,57,2027-09-10T00:00:00.000Z,refrigerated_2_8C,50,kit
MED-ITEM-0619,MTF-0619,controlled_medication,245,2028-02-10T00:00:00.000Z,controlled_access,197,unit
MED-ITEM-0620,MTF-0620,cold_chain_vaccine,305,2027-11-22T00:00:00.000Z,refrigerated_2_8C,249,case
MED-ITEM-0621,MTF-0621,blood_product,253,2028-01-04T00:00:00.000Z,refrigerated_2_8C,51,each
MED-ITEM-0622,MTF-0622,controlled_medication,194,2027-07-04T00:00:00.000Z,controlled_access,44,dose
MED-ITEM-0623,MTF-0623,sterile_surgical,97,2027-05-21T00:00:00.000Z,frozen_minus_20C,78,kit
MED-ITEM-0624,MTF-0624,controlled_medication,270,2027-07-17T00:00:00.000Z,controlled_access,155,unit
MED-ITEM-0625,MTF-0625,cold_chain_vaccine,316,2027-03-17T00:00:00.000Z,refrigerated_2_8C,167,case
MED-ITEM-0626,MTF-0626,cold_chain_vaccine,461,2027-05-26T00:00:00.000Z,refrigerated_2_8C,216,each
MED-ITEM-0627,MTF-0627,blood_product,230,2026-12-18T00:00:00.000Z,refrigerated_2_8C,53,dose
MED-ITEM-0628,MTF-0628,controlled_medication,159,2027-05-04T00:00:00.000Z,controlled_access,136,kit
MED-ITEM-0629,MTF-0629,controlled_medication,183,2028-02-11T00:00:00.000Z,controlled_access,31,unit
MED-ITEM-0630,MTF-0630,cold_chain_vaccine,416,2027-05-21T00:00:00.000Z,refrigerated_2_8C,238,case
MED-ITEM-0631,MTF-0631,routine_consumable,593,2027-11-13T00:00:00.000Z,frozen_minus_20C,182,each
MED-ITEM-0632,MTF-0632,cold_chain_vaccine,140,2026-10-29T00:00:00.000Z,refrigerated_2_8C,76,dose
MED-ITEM-0633,MTF-0633,blood_product,121,2028-02-01T00:00:00.000Z,refrigerated_2_8C,111,kit
MED-ITEM-0634,MTF-0634,controlled_medication,348,2027-04-13T00:00:00.000Z,controlled_access,212,unit
MED-ITEM-0635,MTF-0635,cold_chain_vaccine,245,2027-05-20T00:00:00.000Z,refrigerated_2_8C,109,case
MED-ITEM-0636,MTF-0636,diagnostic_reagent,362,2027-07-24T00:00:00.000Z,controlled_access,161,each
MED-ITEM-0637,MTF-0637,routine_consumable,157,2027-03-03T00:00:00.000Z,ambient,63,dose
MED-ITEM-0638,MTF-0638,cold_chain_vaccine,94,2027-11-17T00:00:00.000Z,refrigerated_2_8C,80,kit
MED-ITEM-0639,MTF-0639,controlled_medication,209,2027-01-14T00:00:00.000Z,controlled_access,58,unit
MED-ITEM-0640,MTF-0640,cold_chain_vaccine,345,2027-09-27T00:00:00.000Z,refrigerated_2_8C,205,case
MED-ITEM-0641,MTF-0641,sterile_surgical,491,2026-11-22T00:00:00.000Z,ambient,245,each
MED-ITEM-0642,MTF-0642,diagnostic_reagent,280,2027-05-27T00:00:00.000Z,refrigerated_2_8C,136,dose
MED-ITEM-0643,MTF-0643,routine_consumable,254,2027-05-22T00:00:00.000Z,frozen_minus_20C,248,kit
MED-ITEM-0644,MTF-0644,controlled_medication,260,2027-08-08T00:00:00.000Z,controlled_access,168,unit
MED-ITEM-0645,MTF-0645,cold_chain_vaccine,342,2027-12-29T00:00:00.000Z,refrigerated_2_8C,179,case
MED-ITEM-0646,MTF-0646,controlled_medication,255,2027-08-11T00:00:00.000Z,controlled_access,96,each
MED-ITEM-0647,MTF-0647,sterile_surgical,196,2027-05-23T00:00:00.000Z,frozen_minus_20C,151,dose
MED-ITEM-0648,MTF-0648,diagnostic_reagent,167,2027-08-04T00:00:00.000Z,controlled_access,161,kit
MED-ITEM-0649,MTF-0649,controlled_medication,159,2027-01-17T00:00:00.000Z,controlled_access,43,unit
MED-ITEM-0650,MTF-0650,cold_chain_vaccine,384,2026-12-21T00:00:00.000Z,refrigerated_2_8C,230,case
MED-ITEM-0651,MTF-0651,blood_product,507,2027-02-14T00:00:00.000Z,refrigerated_2_8C,200,each
MED-ITEM-0652,MTF-0652,controlled_medication,391,2028-01-02T00:00:00.000Z,controlled_access,236,dose
MED-ITEM-0653,MTF-0653,sterile_surgical,126,2027-08-05T00:00:00.000Z,ambient,107,kit
MED-ITEM-0654,MTF-0654,controlled_medication,287,2027-02-07T00:00:00.000Z,controlled_access,138,unit
MED-ITEM-0655,MTF-0655,cold_chain_vaccine,346,2027-06-16T00:00:00.000Z,refrigerated_2_8C,170,case
MED-ITEM-0656,MTF-0656,cold_chain_vaccine,520,2026-10-16T00:00:00.000Z,refrigerated_2_8C,112,each
MED-ITEM-0657,MTF-0657,blood_product,265,2027-08-11T00:00:00.000Z,refrigerated_2_8C,99,dose
MED-ITEM-0658,MTF-0658,controlled_medication,124,2027-10-16T00:00:00.000Z,controlled_access,104,kit
MED-ITEM-0659,MTF-0659,controlled_medication,126,2027-07-06T00:00:00.000Z,controlled_access,73,unit
MED-ITEM-0660,MTF-0660,cold_chain_vaccine,181,2027-08-08T00:00:00.000Z,refrigerated_2_8C,150,case
MED-ITEM-0661,MTF-0661,routine_consumable,382,2027-04-19T00:00:00.000Z,ambient,150,each
MED-ITEM-0662,MTF-0662,cold_chain_vaccine,204,2027-10-10T00:00:00.000Z,refrigerated_2_8C,56,dose
MED-ITEM-0663,MTF-0663,blood_product,93,2027-12-19T00:00:00.000Z,refrigerated_2_8C,87,kit
MED-ITEM-0664,MTF-0664,controlled_medication,187,2027-10-05T00:00:00.000Z,controlled_access,79,unit
MED-ITEM-0665,MTF-0665,cold_chain_vaccine,207,2028-02-05T00:00:00.000Z,refrigerated_2_8C,122,case
MED-ITEM-0666,MTF-0666,diagnostic_reagent,447,2028-02-07T00:00:00.000Z,refrigerated_2_8C,78,each
MED-ITEM-0667,MTF-0667,routine_consumable,202,2028-01-01T00:00:00.000Z,frozen_minus_20C,171,dose
MED-ITEM-0668,MTF-0668,cold_chain_vaccine,210,2028-01-16T00:00:00.000Z,refrigerated_2_8C,200,kit
MED-ITEM-0669,MTF-0669,controlled_medication,341,2027-05-16T00:00:00.000Z,controlled_access,163,unit
MED-ITEM-0670,MTF-0670,cold_chain_vaccine,182,2026-11-06T00:00:00.000Z,refrigerated_2_8C,46,case
MED-ITEM-0671,MTF-0671,sterile_surgical,363,2027-05-11T00:00:00.000Z,frozen_minus_20C,211,each
MED-ITEM-0672,MTF-0672,diagnostic_reagent,235,2027-09-18T00:00:00.000Z,controlled_access,145,dose
MED-ITEM-0673,MTF-0673,routine_consumable,105,2027-06-24T00:00:00.000Z,ambient,96,kit
MED-ITEM-0674,MTF-0674,controlled_medication,326,2027-08-03T00:00:00.000Z,controlled_access,218,unit
MED-ITEM-0675,MTF-0675,cold_chain_vaccine,150,2027-06-27T00:00:00.000Z,refrigerated_2_8C,108,case
MED-ITEM-0676,MTF-0676,controlled_medication,392,2027-12-27T00:00:00.000Z,controlled_access,241,each
MED-ITEM-0677,MTF-0677,sterile_surgical,255,2026-12-13T00:00:00.000Z,ambient,128,dose
MED-ITEM-0678,MTF-0678,diagnostic_reagent,37,2027-08-09T00:00:00.000Z,refrigerated_2_8C,32,kit
MED-ITEM-0679,MTF-0679,controlled_medication,186,2027-06-08T00:00:00.000Z,controlled_access,122,unit
MED-ITEM-0680,MTF-0680,cold_chain_vaccine,356,2027-06-14T00:00:00.000Z,refrigerated_2_8C,232,case
MED-ITEM-0681,MTF-0681,blood_product,345,2027-01-28T00:00:00.000Z,refrigerated_2_8C,172,each
MED-ITEM-0682,MTF-0682,controlled_medication,326,2026-12-03T00:00:00.000Z,controlled_access,153,dose
MED-ITEM-0683,MTF-0683,sterile_surgical,119,2027-01-18T00:00:00.000Z,frozen_minus_20C,96,kit
MED-ITEM-0684,MTF-0684,controlled_medication,186,2027-10-18T00:00:00.000Z,controlled_access,76,unit
MED-ITEM-0685,MTF-0685,cold_chain_vaccine,295,2027-10-28T00:00:00.000Z,refrigerated_2_8C,147,case
MED-ITEM-0686,MTF-0686,cold_chain_vaccine,323,2027-07-22T00:00:00.000Z,refrigerated_2_8C,36,each
MED-ITEM-0687,MTF-0687,blood_product,343,2026-12-22T00:00:00.000Z,refrigerated_2_8C,206,dose
MED-ITEM-0688,MTF-0688,controlled_medication,129,2027-02-03T00:00:00.000Z,controlled_access,108,kit
MED-ITEM-0689,MTF-0689,controlled_medication,370,2027-08-30T00:00:00.000Z,controlled_access,204,unit
MED-ITEM-0690,MTF-0690,cold_chain_vaccine,278,2027-06-03T00:00:00.000Z,refrigerated_2_8C,132,case
MED-ITEM-0691,MTF-0691,routine_consumable,504,2027-08-08T00:00:00.000Z,frozen_minus_20C,193,each
MED-ITEM-0692,MTF-0692,cold_chain_vaccine,131,2028-01-24T00:00:00.000Z,refrigerated_2_8C,89,dose
MED-ITEM-0693,MTF-0693,blood_product,65,2026-11-29T00:00:00.000Z,refrigerated_2_8C,58,kit
MED-ITEM-0694,MTF-0694,controlled_medication,147,2027-06-19T00:00:00.000Z,controlled_access,30,unit
MED-ITEM-0695,MTF-0695,cold_chain_vaccine,95,2026-11-08T00:00:00.000Z,refrigerated_2_8C,61,case
MED-ITEM-0696,MTF-0696,diagnostic_reagent,360,2028-02-07T00:00:00.000Z,controlled_access,80,each
MED-ITEM-0697,MTF-0697,routine_consumable,305,2027-09-03T00:00:00.000Z,ambient,219,dose
MED-ITEM-0698,MTF-0698,cold_chain_vaccine,228,2027-12-30T00:00:00.000Z,refrigerated_2_8C,208,kit
MED-ITEM-0699,MTF-0699,controlled_medication,273,2027-12-17T00:00:00.000Z,controlled_access,185,unit
MED-ITEM-0700,MTF-0700,cold_chain_vaccine,201,2027-07-21T00:00:00.000Z,refrigerated_2_8C,112,case
MED-ITEM-0701,MTF-0701,sterile_surgical,662,2027-11-14T00:00:00.000Z,ambient,224,each
MED-ITEM-0702,MTF-0702,diagnostic_reagent,299,2028-01-06T00:00:00.000Z,refrigerated_2_8C,120,dose
MED-ITEM-0703,MTF-0703,routine_consumable,180,2027-04-21T00:00:00.000Z,frozen_minus_20C,175,kit
MED-ITEM-0704,MTF-0704,controlled_medication,235,2027-10-26T00:00:00.000Z,controlled_access,148,unit
MED-ITEM-0705,MTF-0705,cold_chain_vaccine,128,2028-02-12T00:00:00.000Z,refrigerated_2_8C,87,case
MED-ITEM-0706,MTF-0706,controlled_medication,411,2027-09-23T00:00:00.000Z,controlled_access,208,each
MED-ITEM-0707,MTF-0707,sterile_surgical,149,2027-06-29T00:00:00.000Z,frozen_minus_20C,75,dose
MED-ITEM-0708,MTF-0708,diagnostic_reagent,92,2027-06-10T00:00:00.000Z,controlled_access,84,kit
MED-ITEM-0709,MTF-0709,controlled_medication,350,2027-06-23T00:00:00.000Z,controlled_access,184,unit
MED-ITEM-0710,MTF-0710,cold_chain_vaccine,319,2027-12-04T00:00:00.000Z,refrigerated_2_8C,194,case
MED-ITEM-0711,MTF-0711,blood_product,458,2026-12-17T00:00:00.000Z,refrigerated_2_8C,247,each
MED-ITEM-0712,MTF-0712,controlled_medication,218,2027-03-11T00:00:00.000Z,controlled_access,59,dose
MED-ITEM-0713,MTF-0713,sterile_surgical,162,2027-06-24T00:00:00.000Z,ambient,140,kit
MED-ITEM-0714,MTF-0714,controlled_medication,174,2027-02-28T00:00:00.000Z,controlled_access,58,unit
MED-ITEM-0715,MTF-0715,cold_chain_vaccine,192,2027-11-02T00:00:00.000Z,refrigerated_2_8C,105,case
MED-ITEM-0716,MTF-0716,cold_chain_vaccine,336,2028-01-15T00:00:00.000Z,refrigerated_2_8C,52,each
MED-ITEM-0717,MTF-0717,blood_product,321,2028-02-09T00:00:00.000Z,refrigerated_2_8C,243,dose
MED-ITEM-0718,MTF-0718,controlled_medication,151,2027-09-13T00:00:00.000Z,controlled_access,138,kit
MED-ITEM-0719,MTF-0719,controlled_medication,194,2027-12-04T00:00:00.000Z,controlled_access,118,unit
MED-ITEM-0720,MTF-0720,cold_chain_vaccine,122,2026-11-13T00:00:00.000Z,refrigerated_2_8C,32,case
MED-ITEM-0721,MTF-0721,routine_consumable,297,2027-07-04T00:00:00.000Z,ambient,85,each
MED-ITEM-0722,MTF-0722,cold_chain_vaccine,375,2026-11-28T00:00:00.000Z,refrigerated_2_8C,224,dose
MED-ITEM-0723,MTF-0723,blood_product,70,2028-02-13T00:00:00.000Z,refrigerated_2_8C,57,kit
MED-ITEM-0724,MTF-0724,controlled_medication,295,2027-09-05T00:00:00.000Z,controlled_access,189,unit
MED-ITEM-0725,MTF-0725,cold_chain_vaccine,84,2027-10-15T00:00:00.000Z,refrigerated_2_8C,41,case
MED-ITEM-0726,MTF-0726,diagnostic_reagent,417,2027-12-11T00:00:00.000Z,refrigerated_2_8C,178,each
MED-ITEM-0727,MTF-0727,routine_consumable,392,2027-05-17T00:00:00.000Z,frozen_minus_20C,222,dose
MED-ITEM-0728,MTF-0728,cold_chain_vaccine,202,2026-10-20T00:00:00.000Z,refrigerated_2_8C,184,kit
MED-ITEM-0729,MTF-0729,controlled_medication,349,2027-08-05T00:00:00.000Z,controlled_access,207,unit
MED-ITEM-0730,MTF-0730,cold_chain_vaccine,163,2027-09-18T00:00:00.000Z,refrigerated_2_8C,66,case
MED-ITEM-0731,MTF-0731,sterile_surgical,409,2027-07-06T00:00:00.000Z,frozen_minus_20C,74,each
MED-ITEM-0732,MTF-0732,diagnostic_reagent,341,2027-11-28T00:00:00.000Z,controlled_access,167,dose
MED-ITEM-0733,MTF-0733,routine_consumable,71,2027-12-15T00:00:00.000Z,ambient,59,kit
MED-ITEM-0734,MTF-0734,controlled_medication,333,2027-09-21T00:00:00.000Z,controlled_access,235,unit
MED-ITEM-0735,MTF-0735,cold_chain_vaccine,304,2027-08-15T00:00:00.000Z,refrigerated_2_8C,223,case
MED-ITEM-0736,MTF-0736,controlled_medication,587,2028-01-15T00:00:00.000Z,controlled_access,174,each
MED-ITEM-0737,MTF-0737,sterile_surgical,341,2027-04-09T00:00:00.000Z,ambient,204,dose
MED-ITEM-0738,MTF-0738,diagnostic_reagent,99,2027-11-05T00:00:00.000Z,refrigerated_2_8C,84,kit
MED-ITEM-0739,MTF-0739,controlled_medication,184,2026-11-11T00:00:00.000Z,controlled_access,103,unit
MED-ITEM-0740,MTF-0740,cold_chain_vaccine,172,2027-01-04T00:00:00.000Z,refrigerated_2_8C,86,case
MED-ITEM-0741,MTF-0741,blood_product,327,2027-02-27T00:00:00.000Z,refrigerated_2_8C,103,each
MED-ITEM-0742,MTF-0742,controlled_medication,253,2027-03-17T00:00:00.000Z,controlled_access,75,dose
MED-ITEM-0743,MTF-0743,sterile_surgical,48,2027-03-21T00:00:00.000Z,frozen_minus_20C,43,kit
MED-ITEM-0744,MTF-0744,controlled_medication,287,2026-12-20T00:00:00.000Z,controlled_access,204,unit
MED-ITEM-0745,MTF-0745,cold_chain_vaccine,193,2027-01-03T00:00:00.000Z,refrigerated_2_8C,78,case
MED-ITEM-0746,MTF-0746,cold_chain_vaccine,366,2027-07-03T00:00:00.000Z,refrigerated_2_8C,76,each
MED-ITEM-0747,MTF-0747,blood_product,349,2027-12-24T00:00:00.000Z,refrigerated_2_8C,184,dose
MED-ITEM-0748,MTF-0748,controlled_medication,111,2028-02-23T00:00:00.000Z,controlled_access,89,kit
MED-ITEM-0749,MTF-0749,controlled_medication,228,2026-12-08T00:00:00.000Z,controlled_access,67,unit
MED-ITEM-0750,MTF-0750,cold_chain_vaccine,392,2027-08-14T00:00:00.000Z,refrigerated_2_8C,242,case
MED-ITEM-0751,MTF-0751,routine_consumable,547,2027-09-27T00:00:00.000Z,frozen_minus_20C,189,each
MED-ITEM-0752,MTF-0752,cold_chain_vaccine,362,2026-12-23T00:00:00.000Z,refrigerated_2_8C,247,dose
MED-ITEM-0753,MTF-0753,blood_product,235,2027-05-23T00:00:00.000Z,refrigerated_2_8C,217,kit
MED-ITEM-0754,MTF-0754,controlled_medication,184,2027-10-05T00:00:00.000Z,controlled_access,81,unit
MED-ITEM-0755,MTF-0755,cold_chain_vaccine,111,2027-10-19T00:00:00.000Z,refrigerated_2_8C,41,case
MED-ITEM-0756,MTF-0756,diagnostic_reagent,438,2027-07-06T00:00:00.000Z,controlled_access,218,each
MED-ITEM-0757,MTF-0757,routine_consumable,153,2027-09-28T00:00:00.000Z,ambient,103,dose
MED-ITEM-0758,MTF-0758,cold_chain_vaccine,262,2027-01-31T00:00:00.000Z,refrigerated_2_8C,240,kit
MED-ITEM-0759,MTF-0759,controlled_medication,78,2027-02-08T00:00:00.000Z,controlled_access,42,unit
MED-ITEM-0760,MTF-0760,cold_chain_vaccine,253,2027-04-27T00:00:00.000Z,refrigerated_2_8C,194,case
MED-ITEM-0761,MTF-0761,sterile_surgical,616,2028-01-17T00:00:00.000Z,ambient,216,each
MED-ITEM-0762,MTF-0762,diagnostic_reagent,176,2026-10-27T00:00:00.000Z,refrigerated_2_8C,118,dose
MED-ITEM-0763,MTF-0763,routine_consumable,176,2026-11-08T00:00:00.000Z,frozen_minus_20C,166,kit
MED-ITEM-0764,MTF-0764,controlled_medication,167,2026-10-19T00:00:00.000Z,controlled_access,59,unit
MED-ITEM-0765,MTF-0765,cold_chain_vaccine,341,2027-05-19T00:00:00.000Z,refrigerated_2_8C,194,case
MED-ITEM-0766,MTF-0766,controlled_medication,508,2027-09-13T00:00:00.000Z,controlled_access,160,each
MED-ITEM-0767,MTF-0767,sterile_surgical,248,2027-04-06T00:00:00.000Z,frozen_minus_20C,94,dose
MED-ITEM-0768,MTF-0768,diagnostic_reagent,238,2028-01-15T00:00:00.000Z,controlled_access,214,kit
MED-ITEM-0769,MTF-0769,controlled_medication,288,2027-09-03T00:00:00.000Z,controlled_access,199,unit
MED-ITEM-0770,MTF-0770,cold_chain_vaccine,160,2027-06-22T00:00:00.000Z,refrigerated_2_8C,49,case
MED-ITEM-0771,MTF-0771,blood_product,412,2027-01-29T00:00:00.000Z,refrigerated_2_8C,218,each
MED-ITEM-0772,MTF-0772,controlled_medication,284,2027-01-27T00:00:00.000Z,controlled_access,169,dose
MED-ITEM-0773,MTF-0773,sterile_surgical,255,2027-07-06T00:00:00.000Z,ambient,242,kit
MED-ITEM-0774,MTF-0774,controlled_medication,283,2027-05-31T00:00:00.000Z,controlled_access,220,unit
MED-ITEM-0775,MTF-0775,cold_chain_vaccine,281,2026-12-21T00:00:00.000Z,refrigerated_2_8C,153,case
MED-ITEM-0776,MTF-0776,cold_chain_vaccine,210,2027-04-28T00:00:00.000Z,refrigerated_2_8C,44,each
MED-ITEM-0777,MTF-0777,blood_product,365,2027-12-25T00:00:00.000Z,refrigerated_2_8C,222,dose
MED-ITEM-0778,MTF-0778,controlled_medication,237,2027-12-17T00:00:00.000Z,controlled_access,230,kit
MED-ITEM-0779,MTF-0779,controlled_medication,83,2027-04-15T00:00:00.000Z,controlled_access,36,unit
MED-ITEM-0780,MTF-0780,cold_chain_vaccine,232,2027-07-19T00:00:00.000Z,refrigerated_2_8C,202,case
MED-ITEM-0781,MTF-0781,routine_consumable,567,2027-05-26T00:00:00.000Z,ambient,220,each
MED-ITEM-0782,MTF-0782,cold_chain_vaccine,251,2027-03-26T00:00:00.000Z,refrigerated_2_8C,202,dose
MED-ITEM-0783,MTF-0783,blood_product,177,2027-07-30T00:00:00.000Z,refrigerated_2_8C,166,kit
MED-ITEM-0784,MTF-0784,controlled_medication,220,2027-12-16T00:00:00.000Z,controlled_access,42,unit
MED-ITEM-0785,MTF-0785,cold_chain_vaccine,273,2027-09-04T00:00:00.000Z,refrigerated_2_8C,183,case
MED-ITEM-0786,MTF-0786,diagnostic_reagent,425,2026-10-30T00:00:00.000Z,refrigerated_2_8C,75,each
MED-ITEM-0787,MTF-0787,routine_consumable,330,2027-05-22T00:00:00.000Z,frozen_minus_20C,155,dose
MED-ITEM-0788,MTF-0788,cold_chain_vaccine,165,2027-12-13T00:00:00.000Z,refrigerated_2_8C,143,kit
MED-ITEM-0789,MTF-0789,controlled_medication,252,2027-02-13T00:00:00.000Z,controlled_access,178,unit
MED-ITEM-0790,MTF-0790,cold_chain_vaccine,168,2027-06-17T00:00:00.000Z,refrigerated_2_8C,128,case
MED-ITEM-0791,MTF-0791,sterile_surgical,453,2028-01-26T00:00:00.000Z,frozen_minus_20C,116,each
MED-ITEM-0792,MTF-0792,diagnostic_reagent,145,2027-12-12T00:00:00.000Z,controlled_access,55,dose
MED-ITEM-0793,MTF-0793,routine_consumable,55,2027-04-02T00:00:00.000Z,ambient,32,kit
MED-ITEM-0794,MTF-0794,controlled_medication,96,2027-11-07T00:00:00.000Z,controlled_access,58,unit
MED-ITEM-0795,MTF-0795,cold_chain_vaccine,203,2027-06-29T00:00:00.000Z,refrigerated_2_8C,86,case
MED-ITEM-0796,MTF-0796,controlled_medication,590,2027-06-25T00:00:00.000Z,controlled_access,231,each
MED-ITEM-0797,MTF-0797,sterile_surgical,201,2027-09-24T00:00:00.000Z,ambient,92,dose
MED-ITEM-0798,MTF-0798,diagnostic_reagent,186,2028-02-24T00:00:00.000Z,refrigerated_2_8C,168,kit
MED-ITEM-0799,MTF-0799,controlled_medication,271,2027-07-14T00:00:00.000Z,controlled_access,97,unit
MED-ITEM-0800,MTF-0800,cold_chain_vaccine,155,2027-02-25T00:00:00.000Z,refrigerated_2_8C,69,case
MED-ITEM-0801,MTF-0801,blood_product,423,2028-01-01T00:00:00.000Z,refrigerated_2_8C,36,each
MED-ITEM-0802,MTF-0802,controlled_medication,182,2027-01-08T00:00:00.000Z,controlled_access,89,dose
MED-ITEM-0803,MTF-0803,sterile_surgical,104,2027-06-20T00:00:00.000Z,frozen_minus_20C,80,kit
MED-ITEM-0804,MTF-0804,controlled_medication,311,2027-05-03T00:00:00.000Z,controlled_access,231,unit
MED-ITEM-0805,MTF-0805,cold_chain_vaccine,298,2027-01-10T00:00:00.000Z,refrigerated_2_8C,228,case
MED-ITEM-0806,MTF-0806,cold_chain_vaccine,512,2026-11-16T00:00:00.000Z,refrigerated_2_8C,237,each
MED-ITEM-0807,MTF-0807,blood_product,180,2028-01-12T00:00:00.000Z,refrigerated_2_8C,129,dose
MED-ITEM-0808,MTF-0808,controlled_medication,213,2027-10-06T00:00:00.000Z,controlled_access,204,kit
MED-ITEM-0809,MTF-0809,controlled_medication,399,2027-12-27T00:00:00.000Z,controlled_access,241,unit
MED-ITEM-0810,MTF-0810,cold_chain_vaccine,350,2027-05-06T00:00:00.000Z,refrigerated_2_8C,218,case
MED-ITEM-0811,MTF-0811,routine_consumable,500,2026-11-23T00:00:00.000Z,frozen_minus_20C,204,each
MED-ITEM-0812,MTF-0812,cold_chain_vaccine,134,2027-01-29T00:00:00.000Z,refrigerated_2_8C,47,dose
MED-ITEM-0813,MTF-0813,blood_product,260,2027-07-02T00:00:00.000Z,refrigerated_2_8C,245,kit
MED-ITEM-0814,MTF-0814,controlled_medication,244,2027-09-13T00:00:00.000Z,controlled_access,153,unit
MED-ITEM-0815,MTF-0815,cold_chain_vaccine,190,2026-10-26T00:00:00.000Z,refrigerated_2_8C,145,case
MED-ITEM-0816,MTF-0816,diagnostic_reagent,263,2027-04-02T00:00:00.000Z,controlled_access,60,each
MED-ITEM-0817,MTF-0817,routine_consumable,261,2027-06-11T00:00:00.000Z,ambient,217,dose
MED-ITEM-0818,MTF-0818,cold_chain_vaccine,148,2027-05-26T00:00:00.000Z,refrigerated_2_8C,136,kit
MED-ITEM-0819,MTF-0819,controlled_medication,149,2026-11-17T00:00:00.000Z,controlled_access,36,unit
MED-ITEM-0820,MTF-0820,cold_chain_vaccine,206,2027-04-28T00:00:00.000Z,refrigerated_2_8C,125,case
MED-ITEM-0821,MTF-0821,sterile_surgical,517,2027-06-04T00:00:00.000Z,ambient,138,each
MED-ITEM-0822,MTF-0822,diagnostic_reagent,289,2028-01-10T00:00:00.000Z,refrigerated_2_8C,143,dose
MED-ITEM-0823,MTF-0823,routine_consumable,193,2027-01-08T00:00:00.000Z,frozen_minus_20C,169,kit
MED-ITEM-0824,MTF-0824,controlled_medication,247,2027-05-07T00:00:00.000Z,controlled_access,76,unit
MED-ITEM-0825,MTF-0825,cold_chain_vaccine,237,2027-01-02T00:00:00.000Z,refrigerated_2_8C,204,case
MED-ITEM-0826,MTF-0826,controlled_medication,535,2027-12-26T00:00:00.000Z,controlled_access,135,each
MED-ITEM-0827,MTF-0827,sterile_surgical,219,2028-02-10T00:00:00.000Z,frozen_minus_20C,85,dose
MED-ITEM-0828,MTF-0828,diagnostic_reagent,115,2027-09-05T00:00:00.000Z,controlled_access,107,kit
MED-ITEM-0829,MTF-0829,controlled_medication,254,2026-11-24T00:00:00.000Z,controlled_access,146,unit
MED-ITEM-0830,MTF-0830,cold_chain_vaccine,307,2027-09-21T00:00:00.000Z,refrigerated_2_8C,146,case
MED-ITEM-0831,MTF-0831,blood_product,587,2027-12-14T00:00:00.000Z,refrigerated_2_8C,226,each
MED-ITEM-0832,MTF-0832,controlled_medication,404,2027-03-01T00:00:00.000Z,controlled_access,235,dose
MED-ITEM-0833,MTF-0833,sterile_surgical,133,2027-01-18T00:00:00.000Z,ambient,109,kit
MED-ITEM-0834,MTF-0834,controlled_medication,306,2027-10-17T00:00:00.000Z,controlled_access,192,unit
MED-ITEM-0835,MTF-0835,cold_chain_vaccine,121,2027-12-28T00:00:00.000Z,refrigerated_2_8C,81,case
MED-ITEM-0836,MTF-0836,cold_chain_vaccine,547,2026-11-02T00:00:00.000Z,refrigerated_2_8C,147,each
MED-ITEM-0837,MTF-0837,blood_product,219,2028-02-17T00:00:00.000Z,refrigerated_2_8C,64,dose
MED-ITEM-0838,MTF-0838,controlled_medication,144,2027-04-02T00:00:00.000Z,controlled_access,127,kit
MED-ITEM-0839,MTF-0839,controlled_medication,312,2026-12-13T00:00:00.000Z,controlled_access,203,unit
MED-ITEM-0840,MTF-0840,cold_chain_vaccine,214,2026-10-14T00:00:00.000Z,refrigerated_2_8C,122,case
MED-ITEM-0841,MTF-0841,routine_consumable,337,2026-10-16T00:00:00.000Z,ambient,127,each
MED-ITEM-0842,MTF-0842,cold_chain_vaccine,107,2027-06-11T00:00:00.000Z,refrigerated_2_8C,69,dose
MED-ITEM-0843,MTF-0843,blood_product,103,2027-11-14T00:00:00.000Z,refrigerated_2_8C,94,kit
MED-ITEM-0844,MTF-0844,controlled_medication,129,2027-08-07T00:00:00.000Z,controlled_access,31,unit
MED-ITEM-0845,MTF-0845,cold_chain_vaccine,338,2027-02-03T00:00:00.000Z,refrigerated_2_8C,168,case
MED-ITEM-0846,MTF-0846,diagnostic_reagent,248,2027-04-06T00:00:00.000Z,refrigerated_2_8C,69,each
MED-ITEM-0847,MTF-0847,routine_consumable,244,2027-03-11T00:00:00.000Z,frozen_minus_20C,129,dose
MED-ITEM-0848,MTF-0848,cold_chain_vaccine,111,2027-07-08T00:00:00.000Z,refrigerated_2_8C,96,kit
MED-ITEM-0849,MTF-0849,controlled_medication,236,2027-04-08T00:00:00.000Z,controlled_access,100,unit
MED-ITEM-0850,MTF-0850,cold_chain_vaccine,363,2028-02-05T00:00:00.000Z,refrigerated_2_8C,202,case
MED-ITEM-0851,MTF-0851,sterile_surgical,322,2026-11-21T00:00:00.000Z,frozen_minus_20C,59,each
MED-ITEM-0852,MTF-0852,diagnostic_reagent,190,2027-06-14T00:00:00.000Z,controlled_access,81,dose
MED-ITEM-0853,MTF-0853,routine_consumable,252,2027-02-20T00:00:00.000Z,ambient,229,kit
MED-ITEM-0854,MTF-0854,controlled_medication,231,2026-11-23T00:00:00.000Z,controlled_access,94,unit
MED-ITEM-0855,MTF-0855,cold_chain_vaccine,245,2027-12-05T00:00:00.000Z,refrigerated_2_8C,169,case
MED-ITEM-0856,MTF-0856,controlled_medication,436,2027-04-26T00:00:00.000Z,controlled_access,42,each
MED-ITEM-0857,MTF-0857,sterile_surgical,128,2027-02-14T00:00:00.000Z,ambient,55,dose
MED-ITEM-0858,MTF-0858,diagnostic_reagent,77,2027-05-17T00:00:00.000Z,refrigerated_2_8C,52,kit
MED-ITEM-0859,MTF-0859,controlled_medication,250,2027-04-25T00:00:00.000Z,controlled_access,155,unit
MED-ITEM-0860,MTF-0860,cold_chain_vaccine,224,2027-12-03T00:00:00.000Z,refrigerated_2_8C,81,case
MED-ITEM-0861,MTF-0861,blood_product,371,2027-05-19T00:00:00.000Z,refrigerated_2_8C,131,each
MED-ITEM-0862,MTF-0862,controlled_medication,113,2027-09-13T00:00:00.000Z,controlled_access,41,dose
MED-ITEM-0863,MTF-0863,sterile_surgical,176,2027-08-13T00:00:00.000Z,frozen_minus_20C,160,kit
MED-ITEM-0864,MTF-0864,controlled_medication,175,2028-02-21T00:00:00.000Z,controlled_access,131,unit
MED-ITEM-0865,MTF-0865,cold_chain_vaccine,208,2027-11-11T00:00:00.000Z,refrigerated_2_8C,139,case
MED-ITEM-0866,MTF-0866,cold_chain_vaccine,444,2027-10-27T00:00:00.000Z,refrigerated_2_8C,128,each
MED-ITEM-0867,MTF-0867,blood_product,329,2027-11-05T00:00:00.000Z,refrigerated_2_8C,246,dose
MED-ITEM-0868,MTF-0868,controlled_medication,228,2028-02-05T00:00:00.000Z,controlled_access,207,kit
MED-ITEM-0869,MTF-0869,controlled_medication,200,2027-06-15T00:00:00.000Z,controlled_access,131,unit
MED-ITEM-0870,MTF-0870,cold_chain_vaccine,200,2027-12-15T00:00:00.000Z,refrigerated_2_8C,57,case
MED-ITEM-0871,MTF-0871,routine_consumable,591,2027-06-27T00:00:00.000Z,frozen_minus_20C,186,each
MED-ITEM-0872,MTF-0872,cold_chain_vaccine,159,2027-06-02T00:00:00.000Z,refrigerated_2_8C,43,dose
MED-ITEM-0873,MTF-0873,blood_product,198,2027-09-25T00:00:00.000Z,refrigerated_2_8C,193,kit
MED-ITEM-0874,MTF-0874,controlled_medication,305,2027-06-18T00:00:00.000Z,controlled_access,150,unit
MED-ITEM-0875,MTF-0875,cold_chain_vaccine,246,2027-01-23T00:00:00.000Z,refrigerated_2_8C,175,case
MED-ITEM-0876,MTF-0876,diagnostic_reagent,587,2027-03-23T00:00:00.000Z,controlled_access,205,each
MED-ITEM-0877,MTF-0877,routine_consumable,100,2027-11-11T00:00:00.000Z,ambient,65,dose
MED-ITEM-0878,MTF-0878,cold_chain_vaccine,208,2028-02-26T00:00:00.000Z,refrigerated_2_8C,201,kit
MED-ITEM-0879,MTF-0879,controlled_medication,381,2027-03-31T00:00:00.000Z,controlled_access,248,unit
MED-ITEM-0880,MTF-0880,cold_chain_vaccine,244,2026-12-07T00:00:00.000Z,refrigerated_2_8C,193,case
MED-ITEM-0881,MTF-0881,sterile_surgical,381,2027-10-30T00:00:00.000Z,ambient,47,each
MED-ITEM-0882,MTF-0882,diagnostic_reagent,328,2027-01-21T00:00:00.000Z,refrigerated_2_8C,208,dose
MED-ITEM-0883,MTF-0883,routine_consumable,235,2027-04-15T00:00:00.000Z,frozen_minus_20C,230,kit
MED-ITEM-0884,MTF-0884,controlled_medication,250,2028-02-05T00:00:00.000Z,controlled_access,126,unit
MED-ITEM-0885,MTF-0885,cold_chain_vaccine,234,2027-04-16T00:00:00.000Z,refrigerated_2_8C,190,case
MED-ITEM-0886,MTF-0886,controlled_medication,506,2026-11-15T00:00:00.000Z,controlled_access,178,each
MED-ITEM-0887,MTF-0887,sterile_surgical,130,2028-02-10T00:00:00.000Z,frozen_minus_20C,98,dose
MED-ITEM-0888,MTF-0888,diagnostic_reagent,116,2027-04-01T00:00:00.000Z,controlled_access,104,kit
MED-ITEM-0889,MTF-0889,controlled_medication,232,2026-11-06T00:00:00.000Z,controlled_access,115,unit
MED-ITEM-0890,MTF-0890,cold_chain_vaccine,205,2027-09-30T00:00:00.000Z,refrigerated_2_8C,64,case
MED-ITEM-0891,MTF-0891,blood_product,300,2027-10-23T00:00:00.000Z,refrigerated_2_8C,30,each
MED-ITEM-0892,MTF-0892,controlled_medication,262,2027-05-15T00:00:00.000Z,controlled_access,193,dose
MED-ITEM-0893,MTF-0893,sterile_surgical,93,2027-12-22T00:00:00.000Z,ambient,87,kit
MED-ITEM-0894,MTF-0894,controlled_medication,148,2027-10-28T00:00:00.000Z,controlled_access,80,unit
MED-ITEM-0895,MTF-0895,cold_chain_vaccine,251,2027-12-26T00:00:00.000Z,refrigerated_2_8C,149,case
MED-ITEM-0896,MTF-0896,cold_chain_vaccine,316,2027-01-23T00:00:00.000Z,refrigerated_2_8C,96,each
MED-ITEM-0897,MTF-0897,blood_product,180,2028-01-25T00:00:00.000Z,refrigerated_2_8C,60,dose
MED-ITEM-0898,MTF-0898,controlled_medication,124,2027-05-31T00:00:00.000Z,controlled_access,115,kit
MED-ITEM-0899,MTF-0899,controlled_medication,373,2026-11-13T00:00:00.000Z,controlled_access,229,unit
MED-ITEM-0900,MTF-0900,cold_chain_vaccine,348,2027-06-04T00:00:00.000Z,refrigerated_2_8C,239,case
MED-ITEM-0901,MTF-0901,routine_consumable,482,2026-12-09T00:00:00.000Z,ambient,78,each
MED-ITEM-0902,MTF-0902,cold_chain_vaccine,296,2027-07-28T00:00:00.000Z,refrigerated_2_8C,145,dose
MED-ITEM-0903,MTF-0903,blood_product,131,2028-02-22T00:00:00.000Z,refrigerated_2_8C,123,kit
MED-ITEM-0904,MTF-0904,controlled_medication,301,2027-07-03T00:00:00.000Z,controlled_access,131,unit
MED-ITEM-0905,MTF-0905,cold_chain_vaccine,278,2028-01-11T00:00:00.000Z,refrigerated_2_8C,189,case
MED-ITEM-0906,MTF-0906,diagnostic_reagent,294,2026-10-21T00:00:00.000Z,refrigerated_2_8C,56,each
MED-ITEM-0907,MTF-0907,routine_consumable,306,2026-10-17T00:00:00.000Z,frozen_minus_20C,216,dose
MED-ITEM-0908,MTF-0908,cold_chain_vaccine,69,2026-11-07T00:00:00.000Z,refrigerated_2_8C,44,kit
MED-ITEM-0909,MTF-0909,controlled_medication,173,2027-10-16T00:00:00.000Z,controlled_access,53,unit
MED-ITEM-0910,MTF-0910,cold_chain_vaccine,346,2026-12-05T00:00:00.000Z,refrigerated_2_8C,197,case
MED-ITEM-0911,MTF-0911,sterile_surgical,541,2027-11-22T00:00:00.000Z,frozen_minus_20C,98,each
MED-ITEM-0912,MTF-0912,diagnostic_reagent,252,2027-07-06T00:00:00.000Z,controlled_access,207,dose
MED-ITEM-0913,MTF-0913,routine_consumable,57,2027-02-24T00:00:00.000Z,ambient,40,kit
MED-ITEM-0914,MTF-0914,controlled_medication,160,2027-06-13T00:00:00.000Z,controlled_access,99,unit
MED-ITEM-0915,MTF-0915,cold_chain_vaccine,273,2027-03-03T00:00:00.000Z,refrigerated_2_8C,184,case
MED-ITEM-0916,MTF-0916,controlled_medication,428,2026-12-17T00:00:00.000Z,controlled_access,129,each
MED-ITEM-0917,MTF-0917,sterile_surgical,176,2027-04-10T00:00:00.000Z,ambient,138,dose
MED-ITEM-0918,MTF-0918,diagnostic_reagent,106,2027-02-27T00:00:00.000Z,refrigerated_2_8C,100,kit
MED-ITEM-0919,MTF-0919,controlled_medication,265,2027-12-11T00:00:00.000Z,controlled_access,177,unit
MED-ITEM-0920,MTF-0920,cold_chain_vaccine,168,2026-11-29T00:00:00.000Z,refrigerated_2_8C,108,case
MED-ITEM-0921,MTF-0921,blood_product,492,2027-08-10T00:00:00.000Z,refrigerated_2_8C,128,each
MED-ITEM-0922,MTF-0922,controlled_medication,274,2026-11-14T00:00:00.000Z,controlled_access,102,dose
MED-ITEM-0923,MTF-0923,sterile_surgical,92,2028-01-30T00:00:00.000Z,frozen_minus_20C,67,kit
MED-ITEM-0924,MTF-0924,controlled_medication,252,2027-12-21T00:00:00.000Z,controlled_access,126,unit
MED-ITEM-0925,MTF-0925,cold_chain_vaccine,233,2027-12-06T00:00:00.000Z,refrigerated_2_8C,100,case
MED-ITEM-0926,MTF-0926,cold_chain_vaccine,447,2027-09-05T00:00:00.000Z,refrigerated_2_8C,106,each
MED-ITEM-0927,MTF-0927,blood_product,162,2027-05-05T00:00:00.000Z,refrigerated_2_8C,129,dose
MED-ITEM-0928,MTF-0928,controlled_medication,68,2027-07-05T00:00:00.000Z,controlled_access,53,kit
MED-ITEM-0929,MTF-0929,controlled_medication,289,2028-02-28T00:00:00.000Z,controlled_access,235,unit
MED-ITEM-0930,MTF-0930,cold_chain_vaccine,258,2027-10-06T00:00:00.000Z,refrigerated_2_8C,151,case
MED-ITEM-0931,MTF-0931,routine_consumable,503,2026-11-23T00:00:00.000Z,frozen_minus_20C,198,each
MED-ITEM-0932,MTF-0932,cold_chain_vaccine,212,2027-05-19T00:00:00.000Z,refrigerated_2_8C,43,dose
MED-ITEM-0933,MTF-0933,blood_product,161,2026-11-27T00:00:00.000Z,refrigerated_2_8C,156,kit
MED-ITEM-0934,MTF-0934,controlled_medication,364,2027-12-25T00:00:00.000Z,controlled_access,235,unit
MED-ITEM-0935,MTF-0935,cold_chain_vaccine,197,2027-09-15T00:00:00.000Z,refrigerated_2_8C,79,case
MED-ITEM-0936,MTF-0936,diagnostic_reagent,415,2028-01-12T00:00:00.000Z,controlled_access,250,each
MED-ITEM-0937,MTF-0937,routine_consumable,269,2027-01-28T00:00:00.000Z,ambient,187,dose
MED-ITEM-0938,MTF-0938,cold_chain_vaccine,175,2027-11-04T00:00:00.000Z,refrigerated_2_8C,161,kit
MED-ITEM-0939,MTF-0939,controlled_medication,215,2027-12-10T00:00:00.000Z,controlled_access,170,unit
MED-ITEM-0940,MTF-0940,cold_chain_vaccine,366,2027-05-29T00:00:00.000Z,refrigerated_2_8C,214,case
MED-ITEM-0941,MTF-0941,sterile_surgical,233,2028-02-02T00:00:00.000Z,ambient,75,each
MED-ITEM-0942,MTF-0942,diagnostic_reagent,384,2026-11-26T00:00:00.000Z,refrigerated_2_8C,207,dose
MED-ITEM-0943,MTF-0943,routine_consumable,79,2026-11-08T00:00:00.000Z,frozen_minus_20C,65,kit
MED-ITEM-0944,MTF-0944,controlled_medication,307,2028-02-29T00:00:00.000Z,controlled_access,243,unit
MED-ITEM-0945,MTF-0945,cold_chain_vaccine,200,2027-07-08T00:00:00.000Z,refrigerated_2_8C,50,case
MED-ITEM-0946,MTF-0946,controlled_medication,355,2027-10-18T00:00:00.000Z,controlled_access,40,each
MED-ITEM-0947,MTF-0947,sterile_surgical,190,2027-08-28T00:00:00.000Z,frozen_minus_20C,71,dose
MED-ITEM-0948,MTF-0948,diagnostic_reagent,171,2028-01-03T00:00:00.000Z,controlled_access,155,kit
MED-ITEM-0949,MTF-0949,controlled_medication,227,2027-08-20T00:00:00.000Z,controlled_access,122,unit
MED-ITEM-0950,MTF-0950,cold_chain_vaccine,322,2027-06-26T00:00:00.000Z,refrigerated_2_8C,174,case
MED-ITEM-0951,MTF-0951,blood_product,584,2028-01-30T00:00:00.000Z,refrigerated_2_8C,203,each
MED-ITEM-0952,MTF-0952,controlled_medication,128,2027-10-27T00:00:00.000Z,controlled_access,46,dose
MED-ITEM-0953,MTF-0953,sterile_surgical,172,2027-06-18T00:00:00.000Z,ambient,160,kit
MED-ITEM-0954,MTF-0954,controlled_medication,271,2026-11-12T00:00:00.000Z,controlled_access,209,unit
MED-ITEM-0955,MTF-0955,cold_chain_vaccine,216,2027-12-04T00:00:00.000Z,refrigerated_2_8C,144,case
MED-ITEM-0956,MTF-0956,cold_chain_vaccine,510,2027-07-20T00:00:00.000Z,refrigerated_2_8C,91,each
MED-ITEM-0957,MTF-0957,blood_product,198,2026-12-15T00:00:00.000Z,refrigerated_2_8C,78,dose
MED-ITEM-0958,MTF-0958,controlled_medication,261,2028-02-03T00:00:00.000Z,controlled_access,242,kit
MED-ITEM-0959,MTF-0959,controlled_medication,225,2027-09-16T00:00:00.000Z,controlled_access,163,unit
MED-ITEM-0960,MTF-0960,cold_chain_vaccine,353,2027-03-11T00:00:00.000Z,refrigerated_2_8C,182,case
MED-ITEM-0961,MTF-0961,routine_consumable,450,2027-05-13T00:00:00.000Z,ambient,133,each
MED-ITEM-0962,MTF-0962,cold_chain_vaccine,374,2026-10-17T00:00:00.000Z,refrigerated_2_8C,240,dose
MED-ITEM-0963,MTF-0963,blood_product,183,2027-08-19T00:00:00.000Z,refrigerated_2_8C,175,kit
MED-ITEM-0964,MTF-0964,controlled_medication,155,2027-02-02T00:00:00.000Z,controlled_access,59,unit
MED-ITEM-0965,MTF-0965,cold_chain_vaccine,190,2027-06-08T00:00:00.000Z,refrigerated_2_8C,104,case
MED-ITEM-0966,MTF-0966,diagnostic_reagent,312,2027-06-20T00:00:00.000Z,refrigerated_2_8C,119,each
MED-ITEM-0967,MTF-0967,routine_consumable,192,2028-01-02T00:00:00.000Z,frozen_minus_20C,135,dose
MED-ITEM-0968,MTF-0968,cold_chain_vaccine,207,2027-08-02T00:00:00.000Z,refrigerated_2_8C,185,kit
MED-ITEM-0969,MTF-0969,controlled_medication,283,2027-11-07T00:00:00.000Z,controlled_access,137,unit
MED-ITEM-0970,MTF-0970,cold_chain_vaccine,237,2027-08-04T00:00:00.000Z,refrigerated_2_8C,66,case
MED-ITEM-0971,MTF-0971,sterile_surgical,518,2027-02-25T00:00:00.000Z,frozen_minus_20C,171,each
MED-ITEM-0972,MTF-0972,diagnostic_reagent,175,2027-01-25T00:00:00.000Z,controlled_access,139,dose
MED-ITEM-0973,MTF-0973,routine_consumable,128,2027-08-28T00:00:00.000Z,ambient,116,kit
MED-ITEM-0974,MTF-0974,controlled_medication,385,2027-02-06T00:00:00.000Z,controlled_access,217,unit
MED-ITEM-0975,MTF-0975,cold_chain_vaccine,347,2026-12-28T00:00:00.000Z,refrigerated_2_8C,220,case
MED-ITEM-0976,MTF-0976,controlled_medication,424,2027-06-25T00:00:00.000Z,controlled_access,219,each
MED-ITEM-0977,MTF-0977,sterile_surgical,187,2027-03-02T00:00:00.000Z,ambient,39,dose
MED-ITEM-0978,MTF-0978,diagnostic_reagent,220,2027-07-05T00:00:00.000Z,refrigerated_2_8C,201,kit
MED-ITEM-0979,MTF-0979,controlled_medication,146,2027-09-21T00:00:00.000Z,controlled_access,113,unit
MED-ITEM-0980,MTF-0980,cold_chain_vaccine,400,2027-08-05T00:00:00.000Z,refrigerated_2_8C,246,case
MED-ITEM-0981,MTF-0981,blood_product,377,2027-04-18T00:00:00.000Z,refrigerated_2_8C,126,each
MED-ITEM-0982,MTF-0982,controlled_medication,296,2028-02-16T00:00:00.000Z,controlled_access,224,dose
MED-ITEM-0983,MTF-0983,sterile_surgical,225,2028-01-27T00:00:00.000Z,frozen_minus_20C,210,kit
MED-ITEM-0984,MTF-0984,controlled_medication,96,2027-09-14T00:00:00.000Z,controlled_access,50,unit
MED-ITEM-0985,MTF-0985,cold_chain_vaccine,210,2028-01-23T00:00:00.000Z,refrigerated_2_8C,157,case
MED-ITEM-0986,MTF-0986,cold_chain_vaccine,501,2027-04-10T00:00:00.000Z,refrigerated_2_8C,98,each
MED-ITEM-0987,MTF-0987,blood_product,166,2027-01-30T00:00:00.000Z,refrigerated_2_8C,101,dose
MED-ITEM-0988,MTF-0988,controlled_medication,172,2028-02-05T00:00:00.000Z,controlled_access,165,kit
MED-ITEM-0989,MTF-0989,controlled_medication,371,2027-12-25T00:00:00.000Z,controlled_access,198,unit
MED-ITEM-0990,MTF-0990,cold_chain_vaccine,291,2026-12-18T00:00:00.000Z,refrigerated_2_8C,227,case
MED-ITEM-0991,MTF-0991,routine_consumable,547,2027-12-04T00:00:00.000Z,frozen_minus_20C,220,each
MED-ITEM-0992,MTF-0992,cold_chain_vaccine,326,2027-08-28T00:00:00.000Z,refrigerated_2_8C,247,dose
MED-ITEM-0993,MTF-0993,blood_product,118,2027-10-12T00:00:00.000Z,refrigerated_2_8C,97,kit
MED-ITEM-0994,MTF-0994,controlled_medication,216,2027-06-23T00:00:00.000Z,controlled_access,165,unit
MED-ITEM-0995,MTF-0995,cold_chain_vaccine,130,2028-01-05T00:00:00.000Z,refrigerated_2_8C,31,case
MED-ITEM-0996,MTF-0996,diagnostic_reagent,231,2027-10-10T00:00:00.000Z,controlled_access,42,each
MED-ITEM-0997,MTF-0997,routine_consumable,162,2026-12-23T00:00:00.000Z,ambient,41,dose
MED-ITEM-0998,MTF-0998,cold_chain_vaccine,206,2027-08-12T00:00:00.000Z,refrigerated_2_8C,200,kit
MED-ITEM-0999,MTF-0999,controlled_medication,210,2026-12-31T00:00:00.000Z,controlled_access,169,unit
MED-ITEM-1000,MTF-1000,cold_chain_vaccine,190,2027-11-19T00:00:00.000Z,refrigerated_2_8C,83,case
